t,u,glucose_mgdl,insulin_mU_L,glucagon_pM,GammaHGP,GammaPGU,GammaHGU,Secr,GammaPCR,MIPGU,MIHGPinf,MCHGP,MIHGUinf
-30.0,0.0,89.08117744953643,13.10483870967742,11.48,0.8611095785864007,0.1930554845416145,0.11110892574554117,31.907165999520554,10.446799131444001,0.9928590470346963,0.9999992540156787,0.9999993377001946,0.999999783498902
-28.0,0.0,89.08346326949736,13.104840450789222,11.480009577684218,0.8611108036287101,0.19306983343973003,0.11110828677231972,31.92727104067857,10.446821500765921,0.9928590109953674,0.9998819554690489,1.000000098860162,1.0000526498479871
-26.0,0.0,89.08645786355012,13.107569069687885,11.479882960771354,0.8610573647578023,0.19308236845373114,0.11111012363519861,31.960693543974028,10.445001275078793,0.9928639574118616,0.9987321963417395,0.9999901508924497,1.000570856654496
-24.0,0.0,89.08928016573306,13.112395161008017,11.47941235210545,0.8609219706763064,0.19309686937827134,0.11111430294325604,31.9594186199526,10.442811247880252,0.9928882287981065,0.998066731545475,0.99995341719339,1.0008707973543212
-22.0,0.0,89.09168037635695,13.11561398621039,11.478731686368484,0.8607605383446756,0.1931128231540754,0.1111172987791527,31.947392406892952,10.441606450101537,0.9929274461178998,0.9979701993380146,0.9999008039133871,1.0009143073071547
-20.0,0.0,89.0936135309715,13.116612530083904,11.478041509133451,0.8606153106790772,0.19312783467178682,0.11111813629102314,31.935496348836914,10.441372375235174,0.9929685702601718,0.9981685770438812,0.9998482403195438,1.0008248927103813
-18.0,0.0,89.09513480087034,13.11613275891872,11.477468980278163,0.8605037923985718,0.1931401870034941,0.11111741151502438,31.92783008012925,10.441689896572184,0.9930021721066966,0.9984402649721731,0.9998056683231218,1.0007024361228345
-16.0,0.0,89.09633863606331,13.115093691106972,11.477052796093728,0.8604256142136297,0.19314938276970184,0.11111612279676218,31.924508506714766,10.442158294406397,0.993024922058348,0.998662599056219,0.9997759512772919,1.0006022254556166
-14.0,0.0,89.09732385344633,13.114098606314052,11.476767492004848,0.8603712099455532,0.19315592615500074,0.11111499548550365,31.923880054400318,10.442551903737057,0.9930383356180661,0.998803886347881,0.9997568743976996,1.0005385447069695
-12.0,0.0,89.09814970113422,13.11338837757398,11.476576737839636,0.8603320609053435,0.19316046408917484,0.11111434646918392,31.924438853729935,10.442798728585963,0.9930449900648126,0.9988749944720862,0.9997454348717564,1.0005064951058424
-10.0,0.0,89.0988579393982,13.112975525983964,11.476443234012232,0.8603013862838733,0.1931636852240191,0.11111419777052152,31.925126828033136,10.442916100197309,0.9930476854880057,0.9989038975288467,0.9997385943574658,1.0004934680460584
-8.0,0.0,89.09947291957556,13.112767534427988,11.476341386038804,0.8602754109370513,0.19316609251261713,0.11111442149974184,31.925490945323006,10.44295392920462,0.9930484207753825,0.9989153232919729,0.9997342787441403,1.0004883182796012
-6.0,0.0,89.10000877437851,13.112660246167685,11.476257598324137,0.8602526236238994,0.19316798563902984,0.1111148613825557,31.925492615833782,10.442958316692485,0.9930483001264312,0.9989239813324708,0.9997313855598509,1.0004844159695245
-4.0,0.0,89.10047854500789,13.112583306013748,11.476185848410903,0.8602325332425509,0.19316953122038097,0.11111539735547124,31.92527615958716,10.442956631988752,0.9930477941971434,0.998935075771931,0.9997294234019078,1.0004794155392693
-2.0,0.0,89.10088489635638,13.112504452677396,11.476125554582424,0.8602154078019122,0.19317077338435562,0.11111596540583099,31.924991239044285,10.442959927460555,0.9930470048301485,0.9989487360823497,0.9997283297103398,1.0004732586352056
0.0,0.0,89.10124420887853,13.11241851006503,11.476074497711759,0.8602007603302263,0.19317179321168182,0.11111653547646975,31.924740446564755,10.442967841146709,0.9930459929313749,0.9989627545690305,0.9997279236112294,1.000466940298914
2.0,0.0,89.26896229556966,13.773857144381227,11.451693001535363,0.8340918743466179,0.19332502560523465,0.12247105040745845,88.08465544318369,9.81115224626874,0.9936750622135344,0.44253287347242054,0.9978120031987031,1.2796355738864085
4.0,0.0,90.55818168161889,21.058081754637467,11.151751376662366,0.7210541835217307,0.19729607017910245,0.17184748480639336,182.39945088065483,7.519762859326796,1.0113880103173898,0.07321120830412631,0.97421404265421,1.8352125964786543
6.0,0.0,93.22473799867595,35.58918594716457,10.639202196142,0.5944724887847449,0.2140776006902782,0.2664320776946521,240.15262124542414,6.710936720345769,1.0875913382742013,0.07001381564768483,0.9338797087913485,1.9718871463891943
8.0,0.0,96.94329644151591,51.651867690472315,10.127730297184549,0.48509986292719903,0.2529270327704198,0.40945094625545975,264.7195378666018,6.426464457894923,1.2636311977933774,0.07000020508171256,0.8937504557673163,1.9929828755435288
10.0,0.0,101.31893827288602,65.40869716574299,9.65732100317485,0.3964833796894395,0.32422530959969004,0.5930055308063398,270.20578355689236,6.265503818963459,1.58251948946904,0.070000012805842,0.8570942386527214,1.9971943531504586
12.0,0.0,105.97643735107232,75.70271541305239,9.237076776274234,0.3266171627676972,0.4387517025323131,0.7963593924142912,267.23592790160774,6.176724276934263,2.0844008625433004,0.0700000024662848,0.82471558708734,1.9983727975326926
14.0,0.0,110.58941916399043,82.81585591726773,8.86862866049,0.2720157348544603,0.6019716767283332,0.99680192946865,261.4545694427347,6.129587784896267,2.782816718497929,0.07000000101764292,0.7967959771171712,1.998785856858104
16.0,0.0,114.89804808543786,87.46845810890959,8.549304072699309,0.22926685551819934,0.8073041125428101,1.17907394860158,254.9307984312121,6.104646370209549,3.6416966162754805,0.07000000068645873,0.7731403353413635,1.9989341228473092
18.0,0.0,118.723502686781,90.33370162374298,8.274437068550828,0.19559939153371755,1.0353012573147788,1.3366557818950606,248.20666269560115,6.091203963557306,4.57859298133615,0.07000000063904555,0.7533677114004289,1.9989590631550964
20.0,0.0,121.97609873996218,91.91151766884602,8.03878343243489,0.16891282103453265,1.2610806944089503,1.4689279604542047,241.45626630805447,6.083739292923809,5.496457100505566,0.0700000007385222,0.73703352543379,1.9989080309417449
22.0,0.0,124.64669333915042,92.55710255623814,7.837229987551615,0.147634124319889,1.4640986724395793,1.5782349760920826,234.8758668357145,6.079445915896918,6.318706012224586,0.07000000098393899,0.7236941543570331,1.9987993094461551
24.0,0.0,126.78142065385522,92.53422696554838,7.665094152844998,0.130571258625283,1.6332420734977398,1.6679664298315944,228.67247446451924,6.07688665277593,7.004844012411008,0.07000000142826313,0.7129364362581777,1.9986417865751807
26.0,0.0,128.45213738890982,92.04786275907385,7.5182157108282395,0.11680675079154747,1.7661240905719895,1.7415225504055705,222.98705524349978,6.075311414716238,7.546181371043727,0.07000000216400903,0.7043885312366844,1.9984416722837743
28.0,0.0,129.73385209386356,91.25745155242599,7.392964850267905,0.10562827837606206,1.8656951742414531,1.8018492611867398,217.87846579216918,6.074318698336204,7.953425069348573,0.0700000033195165,0.6977227453674824,1.9982047669242413
30.0,0.0,130.6929464605697,90.28313325043868,7.286200872688419,0.0964810802909402,1.9370751119378533,1.8513089264187108,213.33826219679534,6.0736872726679225,8.245596847781258,0.07000000505364579,0.6926533585147826,1.9979370331884627
32.0,0.0,131.38345258561841,89.21143969495037,7.195224595974616,0.08893378124309236,1.9856049598847247,1.8917110361809868,209.32166186494015,6.0732916595754665,8.443164895701281,0.0700000075462579,0.6889333928943159,1.9976445152392532
34.0,0.0,131.8478716595712,88.1019616685652,7.11772046761015,0.0826512120534374,2.0159928355780874,1.924409423902781,205.76906382880193,6.073058768832367,8.564848145241351,0.07000001098528341,0.6863501155531424,1.9973330756940813
36.0,0.0,132.11944249057746,86.99403561171634,7.051709957089506,0.07737336152958361,2.0320847216501585,1.9504043223966927,202.62110780667638,6.072945215626052,8.626538991092472,0.07000001555216184,0.6847212622059746,1.9970081790410326
38.0,0.0,132.22469647284007,85.91310150837953,6.995499571165687,0.07289787318047641,2.0369334011011566,1.970438132421,200.94691273024986,6.072924988439171,8.641312716292768,0.07000002123526894,0.6838906602864948,1.9966836438414486
40.0,0.0,132.18509951873114,85.11795388841304,6.947649302546892,0.06906750524817762,2.033520889690872,1.98507447285473,204.83494394925577,6.072980538192822,8.622277427969046,0.07000002218994861,0.683725440122125,1.9966350723714865
42.0,0.0,132.01481154366417,84.93610323361743,6.906941536451063,0.06576037415802233,2.026906744441553,1.994748277078077,208.27172156276137,6.073102131298996,8.592162992952064,0.07000001980516535,0.6841131700430046,1.996759218577568
44.0,0.0,131.71828439546277,85.17521781662913,6.872293583162764,0.06287783204496207,2.020979846508582,1.999809407082127,211.28513866441156,6.0732883922134455,8.569722248649907,0.07000001665517708,0.6849548399099868,1.9969396193313913
46.0,0.0,131.2929537997376,85.6555435030668,6.842828717207235,0.06034710041827718,2.0172110203812856,2.000481139986997,213.88080572005245,6.073543224432107,8.56362016615984,0.07000001366553832,0.6861699233393823,1.9971334196046233
48.0,0.0,130.7354788875823,86.25962501462955,6.817797828105181,0.05811207333682762,2.0156806690146567,1.996911230034419,216.05189193169284,6.073874231305734,8.576233768636378,0.07000001117703403,0.6876898448047877,1.9973177707236318
50.0,0.0,130.04519965906383,86.90814589313045,6.7965508562586425,0.05612808188141593,2.015760676841349,1.9892004778104277,217.78719829469975,6.07429218754845,8.606302586459595,0.07000000924897698,0.6894557155204732,1.9974805709502792
52.0,0.0,129.225127091289,87.54537478334464,6.778533984864315,0.05435947274273931,2.016524358274102,1.9774187186093266,219.07642614400478,6.074811060592761,8.650646748226547,0.07000000782372084,0.6914178448022238,1.9976162186690407
54.0,0.0,128.2801891552442,88.12983316784745,6.763318643718152,0.05278154183087492,2.016967238197045,1.9615945209246692,219.9097595638097,6.075448969450299,8.705315813770651,0.07000000681735341,0.6935366768645176,1.9977223315637882
56.0,0.0,127.22380128195418,88.6341618639748,6.750443297930911,0.05136321048138404,2.0161898693037505,1.9418561550027813,220.29671438664724,6.076225102737045,8.76579046200884,0.07000000614297197,0.6957740139556757,1.9977994586169652
58.0,0.0,126.06765888370381,89.03677931264892,6.7396070284220455,0.050087241908436574,2.013421582597558,1.9182854520819819,220.24503030776725,6.077163972879275,8.828024047237497,0.0700000057422494,0.6981028398205223,1.9978480092668853
60.0,0.0,124.8249341537904,89.3202090204235,6.730575172802821,0.04894137745729513,2.0080111735463437,1.8910026924085597,219.7690398864034,6.078294036394182,8.88812926441702,0.07000000558113428,0.7005009950859146,1.9978681692857558
62.0,0.0,123.51376529966193,89.47680668933499,6.723088022732688,0.04790735216385172,1.9995756312258308,1.8602444095143742,218.90024641191883,6.079644675658009,8.942692876538233,0.0700000056376815,0.702947648113272,1.9978610497957754
64.0,0.0,122.15023383394922,89.49767738455917,6.716997788586041,0.04697788100713728,1.987782049962399,1.82626562788655,217.66918556640388,6.081249414900432,8.988511785862995,0.07000000591994815,0.7054277027581666,1.997826208580327
66.0,0.0,120.75499439659235,89.39341203030729,6.712047151225819,0.046128515110192655,1.972813568391718,1.7894460662397236,216.12573218417657,6.083139674901493,9.024070641939069,0.07000000643060966,0.7079264559157674,1.9977659019925489
68.0,0.0,119.3419041970984,89.1605229175993,6.7081785587795135,0.045358843876062614,1.9545848436072237,1.7501198104094329,214.30388282013047,6.085352564636942,9.047195504454233,0.07000000722152433,0.710435511899121,1.9976785317412067
70.0,0.0,117.92719802232382,88.80678275646437,6.705274789184305,0.044658710475522126,1.9333008072045244,1.708707924088271,212.2486689523445,6.087921831927889,9.056693742333954,0.07000000835427156,0.7129466310546284,1.997563928573437
72.0,0.0,116.52402139486244,88.34154860688396,6.703248202014242,0.044020626047482254,1.909232842010922,1.6656197846590013,210.0003358154044,6.090881790371149,9.05195374668958,0.07000000992096345,0.7154542107285635,1.9974214521508078
74.0,0.0,115.14557521402108,87.77245271533033,6.702054637902293,0.04344139631844481,1.8826110192429895,1.6213022132255666,207.60027635625772,6.094261061596821,9.032144346527751,0.07000001205721196,0.7179535484179396,1.9972496873058487
76.0,0.0,113.80113967643742,87.11291303973161,6.701623967258772,0.04291380190969559,1.8538143727033585,1.576140707504448,205.08287193089728,6.098088524983949,8.997580731812445,0.0700000149363269,0.7204419130451856,1.9970478834502776
78.0,0.0,112.49820955562333,86.37600134762839,6.701902639916194,0.04243195091261504,1.8232063518768264,1.530491909211424,202.4783435450764,6.102389612936487,8.948760078639337,0.07000001879034912,0.7229175416763808,1.9968150934770852
80.0,0.0,111.24755407816272,85.5667009231634,6.702924839722894,0.042000480879280294,1.7909388715421213,1.4847945866892602,199.8234349842131,6.107169669927425,8.884851072221235,0.07000002395969807,0.7253779527038279,1.9965486116293425
82.0,0.0,110.047113342284,84.70451115250478,6.704574735804384,0.041605659579365586,1.7575259731731108,1.4391923631758963,197.12690241649457,6.112462266681027,8.808296174869481,0.0700000308297053,0.7278244607841063,1.9962486152205918
84.0,0.0,108.90546199845329,83.79420572800201,6.706900528868775,0.04125279153308061,1.7231017492035048,1.3940549459602853,194.4194388056533,6.118258007093198,8.718591712585535,0.07000003996736726,0.7302553820010558,1.9959124762007407
86.0,0.0,107.82193285705866,82.84709694854382,6.70985820542728,0.04093682845583757,1.6879613140506438,1.349536235391861,191.71088198553,6.124568744968035,8.617140128270803,0.0700000520727937,0.7326714432608078,1.9955388924105595
88.0,0.0,106.79948618249166,81.87065130370254,6.713457902025072,0.040658292257733764,1.6523030016772613,1.305849458981579,189.01806244130285,6.131382649336277,8.504553693026784,0.07000006806371895,0.7350723171442611,1.9951260180508035
90.0,0.0,105.83732625617854,80.8728964049296,6.717681916135186,0.04041489716993139,1.6163384327887336,1.263110765398882,186.3485257178368,6.138694940609576,8.382009788652269,0.070000089105406,0.7374584412476121,1.9946722126275842
92.0,0.0,104.93357358959459,79.86052935565338,6.72251091960257,0.04020444795549088,1.5802451991215876,1.2213977666723856,183.70650447842502,6.146500730668008,8.250704358566505,0.07000011668739514,0.739830313390188,1.9941756332505927
94.0,0.0,104.08796713369959,78.8387601075479,6.7279495799041875,0.04002695800969657,1.5441699667849296,1.1808049767718465,181.09889096425502,6.154779389824509,8.111564348378987,0.07000015270077631,0.7421878398720819,1.9936343091689503
96.0,0.0,103.2962168027982,77.81227608838363,6.733965589345909,0.039879406970654965,1.5082400438807877,1.141331926289265,178.52293670237356,6.163532263086466,7.965892599549764,0.07000019955348025,0.7445317459818501,1.9930459316840807
98.0,0.0,102.55643629724334,76.78448664802696,6.740555881108339,0.03976132403381196,1.472559569817881,1.1030138154736278,175.98033621076783,6.1727430907105925,7.8146497163697335,0.07000026028942963,0.7468620243955172,1.9924080149239718
100.0,0.0,101.86564542190159,75.75807757164635,6.747708816092827,0.039671576332946844,1.4372142254170264,1.0658532963979537,173.46971418360633,6.182401966569651,7.6588363128851755,0.07000033876758716,0.7491788414404431,1.9917176985213312
102.0,0.0,101.22046915554837,74.73498877139254,6.7554106850626185,0.03960889008668705,1.4022715933203005,1.0298361733366277,170.98818556027874,6.192503175568358,7.4994063291595685,0.0700004398855032,0.7514824190652197,1.990971673538988
104.0,0.0,100.61968724805129,73.71676620699536,6.763677692347567,0.03957407139285442,1.3678034899865086,0.9949807810187905,168.5364825212419,6.203019806252872,7.337129529844232,0.07000056979727298,0.7537723076779748,1.9901665202134178
106.0,0.0,100.05560072053987,72.70358629724909,6.772442169255886,0.03956216154195989,1.333806782512152,0.9611779631056804,166.10245024150743,6.213997469758459,7.172985703972628,0.07000073654497396,0.7560501707484887,1.9892970924215352
108.0,0.0,99.52771156587553,71.69606673775772,6.781733194310194,0.03957468537474961,1.3003354412277615,0.9284478479049698,163.687113384243,6.225409817707691,7.0075523069918635,0.07000095015684726,0.7583154943780397,1.9883588292545082
110.0,0.0,99.03535902695829,70.69450989636621,6.791589046500742,0.039613303373180475,1.267440285336292,0.8968010053622677,161.29006125266082,6.237227098804304,6.841411344832439,0.0700012234055607,0.7605678328664917,1.98734646660152
112.0,0.0,98.57027279533243,69.69756426032171,6.801922958335438,0.03967210780664099,1.2350595406842313,0.8661071649661961,158.89844639189323,6.249528926249984,6.6751846991686135,0.07000157318935907,0.7628097833587746,1.9862522633801203
114.0,0.0,98.13165723199855,68.70487791351525,6.812769234782984,0.03975236399148368,1.2032194990907348,0.8363686961820505,156.51146807113707,6.262303235785549,6.509273600293089,0.07000202082363916,0.7650414742205912,1.9850690442584842
116.0,0.0,97.71667928784798,67.71554120346663,6.824130331362227,0.03985325460885871,1.1719114992768525,0.8075485664371171,154.12491964747923,6.275570999881616,6.344047323224433,0.07000259401078868,0.7672640731060268,1.9837881445762275
118.0,0.0,97.32160051279443,66.72844903211679,6.835981059058176,0.03997262337696712,1.1411053166628042,0.7795922230287831,151.7341041150057,6.289378265973697,6.179798162081526,0.07000332866587611,0.7694793464641075,1.9823997790182564
120.0,0.0,96.94540535481309,65.7426809481438,6.848365365753061,0.04011143767701203,1.1108070830224566,0.7524911290009431,149.33694193609853,6.303729969166702,6.016777458473015,0.07000427136695331,0.7716884179007821,1.980893110337248
122.0,0.0,96.58676027494661,64.7570043736742,6.861336660890164,0.0402704988617728,1.0810110030422528,0.7262294024707437,146.9302242034927,6.318638057966687,5.855185905445513,0.07000548321980826,0.7738931611150757,1.9792554282452393
124.0,0.0,96.24191388632086,63.77024122277556,6.8748605868713275,0.040446955944650906,1.0516716253608758,0.7007486857723095,144.510316398767,6.334173871638052,5.69515639942556,0.07000704375051736,0.7760963188084977,1.9774730590159861
126.0,0.0,95.90922736525822,62.78126969531424,6.888971747629497,0.040640637858835885,1.0227720870412456,0.6760264392644851,142.07491002051415,6.350374416982054,5.536801589406242,0.07000905740037422,0.7783005295235559,1.9755304981428907
128.0,0.0,95.5864322447014,61.78934454532936,6.903656990970633,0.04084988506548543,0.9942896191163059,0.6520283352780101,139.6230358087893,6.367301616701838,5.380220354608942,0.07001166010578985,0.7805082559018751,1.9734114952989605
130.0,0.0,95.27336082715323,60.79289614156471,6.919050077618175,0.041077080524383594,0.9662166524665664,0.6287558860415984,137.15143668328412,6.384967006186542,5.225456102453968,0.07001503462029302,0.7827239485405397,1.97109521632731
132.0,0.0,94.96722814697569,59.79179892673194,6.935083922268964,0.04131892267656552,0.9385300738501503,0.6061644937321932,134.66123815391086,6.403464700161875,5.072600600733521,0.0700194153665814,0.7849498987874032,1.9685629880228994
134.0,0.0,94.66691551398375,58.785481613942025,6.951792154938475,0.04157508121576443,0.9112238881704783,0.5842376757105168,132.15235580628055,6.422852557541097,4.921725988352398,0.07002511360039199,0.7871894362198375,1.965792476153021
136.0,0.0,94.3718534358395,57.772752899189605,6.969301564099899,0.04184697576252802,0.8842861316561431,0.5629688708166282,129.62256565728467,6.443173556796981,4.772842336645731,0.07003254673050785,0.7894487029417608,1.9627566153234308
138.0,0.0,94.08077147451095,56.75328676035718,6.987651731624292,0.04213393978356853,0.8577107730126556,0.5423383067497733,127.0723675641594,6.4645034264493315,4.626012874516187,0.07004226190204421,0.7917323552676648,1.9594282720833733
140.0,0.0,93.7923864546544,55.72746857968907,7.00681435429708,0.04243429817501847,0.8315077326832482,0.522324037662682,124.50458746772978,6.486934295961851,4.481366837374658,0.07005497429321794,0.7940426535799846,1.9557801675311655
142.0,0.0,93.506014960262,54.69482783832044,7.0268879721869215,0.04274866604552137,0.8056769407140659,0.5029156751157722,121.9189648080376,6.510540552532755,4.3389543929222585,0.07007164281516465,0.7963859288366352,1.9517788836588048
144.0,0.0,93.22084130500814,53.6553389727078,7.047935415822724,0.04307698419038607,0.7802259578861227,0.4840994518540707,119.31656799325151,6.535413218139563,4.198862102591995,0.07009353366878224,0.7987676806809176,1.9473893724612927
146.0,0.0,92.93610053404689,52.609079415516455,7.070025587617422,0.04341930713818806,0.755165334424663,0.4658619563132785,116.69862552250711,6.561652550954978,4.061183582846652,0.07012232501137494,0.8011938336512872,1.9425736143717633
148.0,0.0,92.65106779995834,51.55621866901319,7.093234148281157,0.04377582800407745,0.7305081844401637,0.44818996515902665,114.0664879907029,6.589369596800085,3.9260183356968112,0.07016024163838508,0.8036707890866104,1.9372904429191424
150.0,0.0,92.36494152891578,50.49660580542207,7.1177297169818114,0.04414782957343477,0.706257515703214,0.43107107554349255,111.41979472852394,6.61868475482428,3.793420029310776,0.0702102533585236,0.8062098453471023,1.9314932619624683
152.0,0.0,92.07712999686116,49.431174514486884,7.143494516780889,0.044534649448861874,0.682447179094437,0.4144902043213615,108.76256709878318,6.649743376867986,3.6635683252497775,0.07027624899797424,0.808813335038894,1.9251371472517795
154.0,0.0,91.78698436798994,48.36016528021589,7.170653032547783,0.044937439083903574,0.6590917205558257,0.39843462921926953,106.09581196404733,6.682699438041076,3.536554207854874,0.0703634183550017,0.8114905658764213,1.9181698448568214
156.0,0.0,91.49388276233405,47.283995030368715,7.199316859467909,0.045357408725074606,0.6362096193215979,0.3828910090852636,103.4210946031065,6.717728802044937,3.412481282070858,0.07047863234462359,0.8142505129037716,1.910535946039069
158.0,0.0,91.1973775660909,46.20326631556696,7.22954238082345,0.04579547734891173,0.6138258486349684,0.36784646025695733,100.74103901600454,6.755029532607363,3.29147034451955,0.07063097376735938,0.8170990087937252,1.9021770406097462
160.0,0.0,90.8963927404494,45.11800245752799,7.261666275164564,0.04625589228233529,0.591938482766162,0.35328556287605845,98.05411731037373,6.794833458957449,3.1735461119900634,0.07083254971963071,0.8200588309018204,1.893026847568187
162.0,0.0,90.59060536694908,44.02906476413153,7.295724710239994,0.04674037902921425,0.5705781395616324,0.3391951575543203,95.3639928816388,6.8373997605616745,3.0588411730176057,0.07109925759494384,0.8231353779101822,1.8830202132142833
164.0,0.0,90.27943630425992,42.93698301320638,7.331895804070383,0.04725285419006215,0.549760545855949,0.3255613968910564,92.67227203162997,6.883026518748621,2.947429177632146,0.0714521453120287,0.8263425685107451,1.8720858470493713
166.0,0.0,89.96246423398199,41.84235828081006,7.370325382501436,0.04779772308168199,0.5295033471504438,0.3123712753872132,89.9812400889006,6.932052877289514,2.8393821590942494,0.07191896500122552,0.829692468686706,1.8601489412457566
168.0,0.0,89.6382030902489,40.745495931556746,7.411613051736683,0.04838711286279502,0.5097982946711378,0.29960551234494265,87.28857489361724,6.984893451307256,2.7346980751050305,0.07253633440756291,0.833227184612953,1.8471296047702328
170.0,0.0,89.30728169435592,39.647339189559005,7.455571295880413,0.04902373964738786,0.4906823336444956,0.28725756841848354,84.60108695094415,7.041975705665825,2.633484331038301,0.07335220482291538,0.8369375155590144,1.832947952481555
172.0,0.0,88.96863867688177,38.54839953216101,7.502735325479663,0.04972336203599315,0.4721525877527176,0.2753108518262979,81.91834789216728,7.1038333743565545,2.5357401687636,0.07442948853727516,0.8408622817936479,1.8175198613757375
174.0,0.0,88.62152217024295,37.44936041125086,7.553594295256932,0.05050514369933789,0.45421202878475386,0.26375101314386884,79.2414595720266,7.171073150944935,2.441475008276038,0.0758502053872705,0.8450380185716475,1.8007611520989721
176.0,0.0,88.2666748411092,36.3508676437316,7.608028698520699,0.05137847745463314,0.4368810780631586,0.2525742114270779,76.5765420512837,7.2443480166070655,2.350716293619408,0.07772151025455742,0.8494591618790424,1.7825823662184377
178.0,0.0,87.90223179632041,35.25384858160276,7.667233632072996,0.052389067107147316,0.4201432350255838,0.24175948916549264,73.92120818216185,7.324482868629547,2.2634301416062135,0.08018070981680947,0.8542122991017949,1.7629066436635799
180.0,0.0,87.5288858657172,34.159042917040296,7.73129718731516,0.05356314232400983,0.4040113225980269,0.23130413480128986,71.28141350028362,7.412338680366036,2.1796136054993687,0.08340554661775035,0.8593066539570018,1.741649715073573
182.0,0.0,87.14658863581195,33.067269119363544,7.80072502529491,0.05494338514248973,0.38848448584071144,0.2212011191415514,68.66061840790684,7.508918020019714,2.099234075219683,0.08762267326687612,0.8647804612271127,1.7187346680087638
184.0,0.0,86.75486372462584,31.97973865166549,7.876491179887406,0.05660237364237891,0.3735567098174784,0.21144172659807114,66.06148317313912,7.615350159132952,2.0222561122478258,0.09311622570529066,0.870706024894368,1.6941030063761768
186.0,0.0,86.35402120958268,30.897593955221886,7.959288585709737,0.05861860029712308,0.35922614058715624,0.20202370141179693,63.48902106965962,7.73286403472237,1.9486373993273425,0.10024110727417712,0.8771353095251839,1.6677037977706604
188.0,0.0,85.94437839434228,29.822251116716945,8.05004567032499,0.06110012513864322,0.3454883433146675,0.19294633038521847,60.948568284691724,7.862789737595064,1.8783309059203708,0.10943056435283949,0.8841370290862608,1.6395090756831068
190.0,0.0,85.52656480385943,28.755347554703665,8.149771668195097,0.06418491097582392,0.33233858842462166,0.18421255187924354,58.446613073056625,8.00652150372364,1.8112856953206222,0.12120243224058447,0.8917851983904374,1.6095174281844342
192.0,0.0,85.10178254580713,27.698377514659008,8.259179477431124,0.06801841155397521,0.3197719835385953,0.17582898223984492,55.99090226771897,8.165513126435721,1.7474366319942085,0.13616645194914234,0.900130869361824,1.5777442793996495
194.0,0.0,84.67111283852594,26.65391624797328,8.379793576968968,0.07283843995583882,0.3077824913687636,0.1678055912635269,53.59016434935941,8.341085650232952,1.6867379430591063,0.15498965078404026,0.9092834322065111,1.544277897069066
196.0,0.0,84.23651805630226,25.624446796058773,8.512700377267919,0.0788982272168678,0.296365382677693,0.16015770625220693,51.25510627852446,8.534405866016018,1.6291310431652333,0.17838402579088108,0.9193177598035678,1.5092403163459216
198.0,0.0,83.80049347694555,24.61284234983959,8.658961619870565,0.08649479722337854,0.2855159844517212,0.15290432636663145,48.997866019382236,8.746306057874758,1.5745572183543262,0.2070448252543282,0.9303039269310209,1.4728126173630376
200.0,0.0,83.36614758420244,23.622409507927312,8.819544946373826,0.09596536431975919,0.2752300357824972,0.14606776971252253,46.83202247316798,8.977082355664189,1.5229588202318496,0.2415661490953741,0.9423013068200901,1.4352433390541606
202.0,0.0,82.93751822765594,22.657643087953353,8.995620700837936,0.10773195069143526,0.265506793259408,0.13967881384095313,44.77430642282203,9.22599717930584,1.4742984557275616,0.2822841016232779,0.9553789900028322,1.3968952569039486
204.0,0.0,82.51943245096004,21.722967991220173,9.187599947651876,0.12218152815872957,0.2563449859015062,0.13376697528658352,42.84174141747034,9.491335629257819,1.4285257870887067,0.3292022900296325,0.9695444370416034,1.358184303976018
206.0,0.0,82.11768987645813,20.82374290104933,9.395604279046696,0.13970932639502698,0.24774623561626252,0.12836559881333626,41.053245760566156,9.769822048640505,1.3856042804304227,0.3818127747525252,0.9847769147097075,1.3196321706249992
208.0,0.0,81.73842612811434,19.96497684074471,9.618751044214951,0.1605887395821351,0.23970990673491663,0.12349934952430083,39.42556209038514,10.05693323623258,1.3454813297634383,0.43911154008909226,1.000976479473117,1.281786562388713
210.0,0.0,81.38981913691077,19.154427953587202,9.856081290902475,0.18512302816615286,0.23224740683810344,0.11921046983846705,37.98184610651754,10.345236522026488,1.308163433647028,0.49929277192693566,1.018027122053249,1.2454005332738833
212.0,0.0,81.07831253651976,18.39677072563342,10.104668600408242,0.21324740072791812,0.225355500554397,0.11550447139001015,36.7333388096807,10.627425731151378,1.273582069377615,0.5603930772201199,1.0356708335377667,1.2110590307916291
214.0,0.0,80.81290118933606,17.700363299848647,10.361245877573811,0.24485632354007858,0.2190493741387464,0.11241118323314137,35.69971531512853,10.892935218683219,1.2417559567507777,0.61976093762654,1.0536146139209621,1.1795787784220517
216.0,0.0,80.59898395879179,17.06919777008911,10.621004460735342,0.27943622582192895,0.21332316525148945,0.10991259143236536,34.88363204526918,11.133231660233786,1.2126103591862574,0.6751844647214533,1.071467185766273,1.1514770175724
218.0,0.0,80.44312159032,16.509544805318455,10.878605181016914,0.3163443378134795,0.20818428979160122,0.10800385843492569,34.291629606730304,11.338455643805766,1.1861345336161815,0.7243261009876671,1.088798699792521,1.1273726809805726
220.0,0.0,80.34947661238519,16.02573189860616,11.127959180013091,0.35467168490612383,0.20363255238665176,0.10665667916858207,34.68277438160094,11.500457079391555,1.162289619780883,0.7635756300080249,1.1051407451650919,1.1085593822980837
222.0,0.0,80.3196160309975,15.833356214681663,11.354310757988317,0.38942312457366585,0.1997389710833882,0.10589180999589688,40.23711856231267,11.473922035447169,1.1414542840270876,0.6898765685662223,1.1193586648147664,1.144198751630139
224.0,0.0,80.33974008354362,16.15337018498562,11.52385889287276,0.4132818079207925,0.19687938099556565,0.10550033398678002,42.02608251264366,11.265547632731568,1.12582218990494,0.604342258513477,1.1288756348636841,1.1876028734785924
226.0,0.0,80.38371318822392,16.517829729631075,11.63595396293064,0.42964250423161815,0.19510331238983633,0.10509243543069267,41.091815265004534,11.102478098300095,1.1158300928893787,0.5758336694673568,1.1337742637580353,1.2027129911922907
228.0,0.0,80.4337527177799,16.650071187595294,11.713900764635747,0.4435493093522779,0.19401738036104477,0.10452629568729271,39.59207654186616,11.04712029155863,1.109416487558713,0.5863073906888091,1.1359785816309316,1.1971183052670324
230.0,0.0,80.4843693168911,16.574801500535994,11.777930505358436,0.45761832483543585,0.19321788747847288,0.10384457217637061,38.61201803252015,11.06307638504848,1.10441681372658,0.609233028028991,1.1371167687932622,1.185046945241652
232.0,0.0,80.53656334305126,16.415607682111272,11.837431874386981,0.4722845445950471,0.19249197808529708,0.10313694939972322,38.260066652113785,11.100637360191456,1.099696191026422,0.6285949884550306,1.137937437611933,1.1750246939854265
234.0,0.0,80.59240333448739,16.263807608772375,11.893781708433465,0.4869817489980265,0.19179190346027275,0.10246443163965473,38.22933906090693,11.130190623684246,1.0950210242767904,0.640373800499497,1.1385523498005308,1.1689990198532418
236.0,0.0,80.65262785909044,16.148779990638438,11.945341358535794,0.5011215300828151,0.19114108044366157,0.10184524821681387,38.228228220569264,11.145375247838325,1.0905440471236911,0.647454292092431,1.1388381942375732,1.1654013888138182
238.0,0.0,80.71658595196051,16.061087587982023,11.990907812892212,0.5144818597923575,0.19056395157915956,0.10127229685573363,38.13391283352571,11.152128817609048,1.086419522764957,0.6536930260607298,1.138707686644136,1.1622461602225755
240.0,0.0,80.78315580909509,15.98275308955921,12.030590743661595,0.5271319598141264,0.19006351415627623,0.10073406716146042,37.95668831738945,11.157421879337623,1.082678973491653,0.6610202119819475,1.138176791620405,1.1585575007094453
242.0,0.0,80.85139721227958,15.903003340894431,12.065388667651797,0.5392409799127166,0.18962621820477488,0.10022381627173939,37.74903657226054,11.164509112943486,1.079259489898769,0.669509144580005,1.1373287174118638,1.1543062774130888
244.0,0.0,80.92080274210286,15.81991833882849,12.096334298520132,0.550932881080486,0.18923603816425222,0.09974071188975284,37.54920308081082,11.173362845536397,1.0760811007973317,0.678503824979406,1.1362480588626651,1.1498269232281222
246.0,0.0,80.99116604001914,15.73589520490558,12.12417507627424,0.5622631573587935,0.18888109237595416,0.0992863691537662,37.36911074917433,11.182715392496714,1.0730843710852742,0.687426925755765,1.134995869290298,1.1454077809779373
248.0,0.0,81.06240436856362,15.653541952111004,12.149370937231462,0.5732462633597838,0.18855458342332676,0.09886186617309442,37.20353499013787,11.191530272864968,1.0702362349724304,0.6960506188977912,1.1336092557975224,1.1411592498647585
250.0,0.0,81.13445748675991,15.57403405933353,12.172200889535981,0.5838855248274779,0.18825306030640232,0.09846705753985174,37.04402230701519,11.199424061811033,1.0675207300497966,0.7043965191804397,1.1321105280346102,1.1370676637900905
252.0,0.0,81.20726518957538,15.497381419363865,12.19286230128042,0.5941868003769377,0.18797448376375153,0.09810118452101584,36.8862366843123,11.206436661567677,1.064928640875073,0.7125558496337954,1.1305158220097573,1.1330859194791731
254.0,0.0,81.28078744015147,15.423196553409715,12.211495238336667,0.6041555599160505,0.18771745708722698,0.09776397302102101,36.73241334073976,11.21270674257541,1.0624534745635037,0.7205868387966399,1.1288385006088206,1.1291838830166319
256.0,0.0,81.35495869275498,15.351012827545238,12.22835641841702,0.6138173781565759,0.18747932194428166,0.09745323898286744,36.57964909078997,11.218370179007495,1.0600816666991184,0.7285088357942815,1.1270960443000053,1.1253507851504805
258.0,0.0,81.42976995367943,15.280691054056982,12.243585668325258,0.6231824887503667,0.18725856318387502,0.09716849147644029,36.43047182312544,11.223432028438177,1.0578052249989414,0.7363059363354312,1.1253002886896406,1.121593045950132
260.0,0.0,81.50522637844419,15.212214351601908,12.257312307593697,0.6322602816952784,0.18705380341830885,0.09690915070676234,36.28647449843969,11.227858325153848,1.0556166656219137,0.7439597135477459,1.1234617299046907,1.1179182528906138
262.0,0.0,81.58132878345376,15.145558836547496,12.269672694359357,0.6410634492413729,0.18686364705784292,0.09667400566370331,36.14590323711717,11.231633259554052,1.0535082791346424,0.7514651101209426,1.1215894880720383,1.1143275606420298
264.0,0.0,81.65810204294266,15.080726413243998,12.280743733166814,0.6495968483263233,0.18668734682165009,0.09646261203252801,36.01031265949863,11.234734838139637,1.0514756305098851,0.7588198694438545,1.1196900532196414,1.1108208393598271
266.0,0.0,81.73554564945987,15.017614706633035,12.290637500592153,0.6578736574481864,0.18652380521945858,0.09627348730753316,35.876447672121486,11.23719089161475,1.0495124464121446,0.7660330048766384,1.117769655343609,1.1073926758145165
268.0,0.0,81.81368762893524,14.956181755940575,12.299404738446814,0.6658977234188004,0.186372554071478,0.0961062254605445,35.74615898262639,11.239000770633579,1.0476156566044814,0.7731055603511146,1.1158326699051224,1.1040415519804725
270.0,0.0,81.89252374387308,14.896313060832597,12.30713741543578,0.6736819110738698,0.18623267909352229,0.09595936775738448,35.61560490964335,11.24020120492159,1.0457799494385602,0.780045655829616,1.1138834208768944,1.100762682056754
272.0,0.0,81.97212775981164,14.838064486297432,12.313813834969636,0.6812179150426808,0.1861044696432268,0.09583387965705784,35.49486055257502,11.240744303145354,1.044005995137895,0.7868425080822614,1.1119247419158151,1.0975602762858263
274.0,0.0,82.05243598831578,14.781218330432653,12.319587700115816,0.6885328280842328,0.1859863241674617,0.09572665616526418,35.36995717523922,11.24072568766618,1.042285164866139,0.7935163469669906,1.1099603357875882,1.094423991283474
276.0,0.0,82.13355636165939,14.725904062142554,12.324386947372492,0.695609549040935,0.1858790657281495,0.09563963006418313,35.25740312300538,11.240063053633818,1.0406207448501288,0.8000490467607492,1.1079921376059247,1.0913615881084406
278.0,0.0,82.21541355354266,14.6719096066598,12.328354385642488,0.7024749924132476,0.18578117984217835,0.09556974016777928,35.1418769726251,11.238856122824757,1.039004732063825,0.8064615188536475,1.1060226340868566,1.088362557977521
280.0,0.0,82.2980153012574,14.619191879970927,12.331522444402463,0.7091344406468661,0.18569233909093413,0.09551639341820371,35.02307697211753,11.237118151025108,1.037434974707776,0.8127559500375632,1.1040534623016427,1.0854252523526908
282.0,0.0,82.3814309842758,14.567810655244424,12.333858637826266,0.7155797033642634,0.1856129368100643,0.0954804685176916,34.9122284002708,11.23480689724698,1.0359127005439,0.8189226516824875,1.1020863287370475,1.0825535933154211
284.0,0.0,82.46568922044645,14.51775699072999,12.335373409116965,0.7218116654200846,0.1855428957573239,0.09546181723698527,34.81400138680178,11.231918289652269,1.0344369071512176,0.8249598405207097,1.1001229024308263,1.0797478326804102
286.0,0.0,82.5506832814104,14.4688238474365,12.336198588427376,0.7278577284078123,0.18548076756831608,0.0954574472146932,34.70877502479227,11.228561118439572,1.033000410635898,0.8308893085818956,1.0981638699984801,1.0769973262935564
288.0,0.0,82.63646278877823,14.421054544732387,12.336311102790232,0.7337123120559896,0.18542683791695272,0.09546794473866729,34.605920976926114,11.224706390010827,1.0316040561189537,0.8367037272292177,1.0962105632808492,1.074305007081945
290.0,0.0,82.72302263576985,14.37441308890944,12.335736980524821,0.7393804929588396,0.18538084165465252,0.09549274461356365,34.5053749192077,11.220370592601753,1.0302462052931824,0.8424051757902811,1.0942639699758843,1.0716694670226359
292.0,0.0,82.81035495263515,14.328865677012073,12.334501076957594,0.7448672162987803,0.18534252618871638,0.09553130087170518,34.4070847262297,11.215570291203973,1.0289253316797238,0.8479955559396753,1.0923249855827435,1.0690894131918791
294.0,0.0,82.8984491644039,14.28438085445206,12.332627256397965,0.750177297594825,0.1853116499934859,0.09558308582399647,34.31097310338042,11.210322080143616,1.027640011770509,0.8534767412135167,1.0903944290294283,1.066563596031027
296.0,0.0,82.9872597629215,14.24088456693284,12.330164587381576,0.7553213784202281,0.18528767510882768,0.09564699847650199,34.20993984421505,11.20466800150044,1.0263875920877492,0.8588560017877311,1.088472613420191,1.0640883127092644
298.0,0.0,83.07681209440864,14.198405157819934,12.327101779428238,0.7602964480428342,0.18527077002641773,0.09572331236155547,34.11257808368188,11.198592339058226,1.0251685374614983,0.8641276143560277,1.0865607404938056,1.061665866837629
300.0,0.0,83.16707527822525,14.156901626100371,12.323470962354214,0.7651092942675503,0.18526059723804444,0.09581131062027717,34.01585609509546,11.192120277320717,1.0239811551482028,0.8692948547938001,1.0846593006809013,1.0592944406007423
-30.0,0.1,89.08117744953643,13.10483870967742,11.48,0.8611096356177091,0.1930554845416145,0.11110892574554117,31.907165999520554,10.446799131444001,0.9928590470346963,0.9999992540156787,0.9999994039301751,0.999999783498902
-28.0,0.1,89.08346335300226,13.10484061557662,11.480009570833454,0.8611107901959002,0.19306983333718772,0.11110828804943498,31.92726600941665,10.446821300716419,0.992859011070756,0.9998818124438517,1.0000000884879543,1.000052714309444
-26.0,0.1,89.08645809158486,13.10756956858672,11.479882926339025,0.8610581788456508,0.19308236862025913,0.11111013845767942,31.960773598269533,10.445000518374519,0.9928639585022676,0.9987313281601606,0.9999911334024844,1.0005712479597233
-24.0,0.1,89.08928381027415,13.112413315120849,11.47941183376779,0.8609255369083679,0.1930968738670013,0.11111443161668506,31.959898279913983,10.44279841858081,0.9928882369068619,0.9980574715149466,0.9999580380985991,1.0008749711202838
-22.0,0.1,89.09169328371824,13.11568606680045,11.478726934939752,0.8607670415412123,0.19311287174502823,0.11111767952883639,31.948314328692387,10.441563882464386,0.9929276538178069,0.9979460009864872,0.9999103876211259,1.000925214252242
-20.0,0.1,89.09364045264105,13.11676213060036,11.478027510902372,0.8606235229648237,0.19312798574576182,0.11111884512014043,31.93664784211183,10.441291896613762,0.9929692592527184,0.9981298801002315,0.9998624347203293,1.0008423344960493
-18.0,0.1,89.09517914095457,13.11636041097742,11.47744094030952,0.8605119696764347,0.19314050786660858,0.11111844311489774,31.928908723669213,10.441575899531788,0.9930036393691317,0.9983935168199776,0.9998231447944056,1.0007235066051345
-16.0,0.1,89.096402034199,13.115366022326247,11.477006868269358,0.860432290476666,0.19314994338256658,0.11111739798188468,31.925287648422284,10.442029273488503,0.9930274437036708,0.9986175351463694,0.9997951629312037,1.000622536646406
-14.0,0.1,89.09739748569264,13.114373917961057,11.476708097735226,0.860376673780184,0.1931566523969745,0.11111641787849416,31.924403015703863,10.442424997202881,0.9930416219761264,0.998764527908562,0.9997770937406282,1.000556284237999
-12.0,0.1,89.09823106578914,13.11363872296758,11.476506617459062,0.8603364472188079,0.1931613265577907,0.11111583831539974,31.924763671894205,10.442685095780119,0.9930488732853933,0.9988435378729406,0.9997661029141822,1.0005206731024048
-10.0,0.1,89.09894356591342,13.113191484256838,11.476366632525766,0.8603051952771472,0.19316462340806545,0.11111571610890864,31.92535257243534,10.442818095493145,0.9930518859057189,0.9988790890778283,0.9997595599323653,1.0005046496021692
-8.0,0.1,89.09956230178014,13.11294844819165,11.476261324582708,0.8602790048442402,0.19316706839782105,0.1111159433402378,31.925705833360883,10.442870201843741,0.9930527330356185,0.9988949965646396,0.9997555065505577,1.0004974798484236
-6.0,0.1,89.10010191286763,13.112816953630148,11.476176428067308,0.8602562319544901,0.1931689661637167,0.11111638729328178,31.92574378671696,10.442883321564167,0.9930525578663474,0.9989055405950672,0.9997529006207144,1.0004927274908157
-4.0,0.1,89.10057420903847,13.1127274389839,11.476104949168906,0.8602362661282427,0.19317049332346464,0.11111693589535174,31.925566029216938,10.442885424731948,0.9930519150571753,0.9989169982621089,0.9997512283134737,1.0004875633450805
-2.0,0.1,89.10098367163444,13.11264382473203,11.476045163956025,0.8602191917668819,0.19317171589079943,0.11111752120379167,31.925306138912177,10.442889462805162,0.9930509793434856,0.9989303932764901,0.9997503517579681,1.0004815260099498
0.0,0.1,89.10134636677117,13.11255660246391,11.475994513664014,0.8602045103620598,0.19317271964906166,0.11111810944188903,31.925064020477265,10.442896998784661,0.9930498374190346,0.9989441486462389,0.9997500844493503,1.000475326260216
2.0,0.1,89.26908239093439,13.774036550184956,11.451612248968583,0.8342525606036142,0.19332594914696655,0.12247474178583166,88.09682089104082,9.81103853051244,0.9936788371293099,0.4424760103636668,0.99802576486006,1.2796712342836705
4.0,0.1,90.55922710365992,21.062392500775072,11.151603341979339,0.722884373646022,0.19729843203789682,0.17191817003539211,182.60837485985098,7.518857873053548,1.0113979122033445,0.07319321718174687,0.976782830061573,1.8355065024336843
6.0,0.1,93.23057513246764,35.61856138046119,10.638922419261812,0.598487658030238,0.21409891748840484,0.2667875585680969,240.6057844043952,6.710030610474785,1.0876855576515192,0.07001353458759874,0.9404724560195239,1.9720763714851333
8.0,0.1,96.95804910838872,51.722120840759615,10.127341798513006,0.49057881135997894,0.25303109616677966,0.4103420826239048,265.2287145905973,6.425541074218541,1.2640955141528387,0.07000019846667138,0.9043482566577519,1.993058465339158
10.0,0.1,101.34440419618586,65.51281070131891,9.656847296612494,0.4027608136577872,0.3245454206162335,0.5945396950964497,270.6574140976674,6.2647117802044745,1.583935075076675,0.0700000123319322,0.8713514909069845,1.9972291213140967
12.0,0.1,106.01229068941598,75.8251347147823,9.236562235714077,0.3332194906974441,0.43949541269671455,0.7984232815560228,267.6255653116087,6.176148430618554,2.087630725076285,0.07000000237441961,0.8422078520126796,1.998393101135307
14.0,0.1,110.63393092532324,82.94449523127119,8.868114370171273,0.2786283311624219,0.6033694304342044,0.9991577737483519,261.8013713905357,6.129200154260965,2.7887628485828557,0.0700000009812849,0.8170804637919367,1.9988003818092894
16.0,0.1,114.94876370186597,87.59678639134783,8.548814569416484,0.2356934259355692,0.8095037670765666,1.1814956335545408,255.23922849743934,6.104390825641454,3.650888167486864,0.07000000066329881,0.7957925133615661,1.9989461562756208
18.0,0.1,118.77776648084817,90.45853439290893,8.273986065896217,0.20172864049619346,1.0382805112055862,1.3389892477017868,248.4845720044586,6.091033764442903,4.590897559000892,0.07000000061883749,0.7780003329373888,1.99897007004956
20.0,0.1,122.03153866004517,92.03127741822186,8.038376658754592,0.17469201485335453,1.2646578559112445,1.4710932994985637,241.70889697152793,6.083622748480109,5.511166597313686,0.0700000007167505,0.7633031842643931,1.998918787152804
22.0,0.1,124.70155013547995,92.67101825912904,7.83686808525652,0.1530489471288402,1.4680257052089603,1.5802063650006117,235.10747527814337,6.079363061666497,6.3348872197425,0.07000000095696568,0.7513014060799145,1.9988102995109631
24.0,0.1,126.83463716052194,92.64211897814909,7.664773512937709,0.1356306572498334,1.6372997248359535,1.669751218643397,228.8860949751717,6.076825186230741,7.021670643518682,0.07000000139179186,0.7416228126634092,1.998653358813606
26.0,0.1,128.50313832719527,92.14993703749803,7.517934281487809,0.12153260631807826,1.7701585584280248,1.7431425979905624,223.1883752282769,6.07526381302973,7.563056222209754,0.07000000211226864,0.7339328725038233,1.9984540966745854
28.0,0.1,129.78242846868793,91.35424063360276,7.39271821163847,0.11004789237038856,1.8696242818551365,1.803332785440786,218.07041258026288,6.074280248676324,7.970007119187598,0.07000000324464528,0.7279364702896591,1.998218262167877
30.0,0.1,130.73903692469167,90.375280523335,7.285985253045177,0.1006230642690917,1.940864621599499,1.8526834170236601,213.52313426414602,6.073654980128155,8.261723100199696,0.07000000494528269,0.7233765090555784,1.9979517696757423
32.0,0.1,131.42704539807386,89.299573677522,7.195036472731129,0.09282561948693704,1.9892486960244928,1.8930008982058957,209.50068781879784,6.073263566439771,8.4587847934138,0.07000000739139889,0.7200307283225177,1.9976606121584992
34.0,0.1,131.88893833611078,88.18661025884873,7.117557333772095,0.0863181724392299,2.0194967556425176,1.92563467012218,205.94278964882793,6.073033566177481,8.579967163717438,0.07000001076849283,0.7177077460732713,1.997350596243766
36.0,0.1,132.1580108189288,87.0755781879513,7.051564884028988,0.08083763845227109,2.0354643327070656,1.9515837822230098,202.78906252013368,6.072921958127721,8.641211293659834,0.07000001525642507,0.716243197238116,1.9970271119344596
38.0,0.1,132.26065382791526,85.99195989344845,6.995372954965114,0.07617955033614042,2.040195106507467,1.9715827845793141,201.21633537336731,6.072903058667725,8.655562327175861,0.07000002081423706,0.7154970775176716,1.9967055300237821
40.0,0.1,132.2182625536648,85.20354229909172,6.947543883362959,0.07218434967055881,2.0366998521383213,1.9861908757561182,205.1031960945075,6.072959489057716,8.636262276088633,0.07000002166520836,0.7153499551929268,1.9966615924766329
42.0,0.1,132.0453549401078,85.02753511934269,6.906835447971828,0.06872586320242957,2.0300696633943414,1.995855773575767,208.53891939840844,6.073081517327691,8.606187358233237,0.07000001931493771,0.7156989462109891,1.99678596450649
44.0,0.1,131.74532203869495,85.27192709432103,6.872211704835789,0.06570744408187457,2.0241564860268375,2.0008940185141166,211.5483936464065,6.073268305688535,8.583984289961666,0.07000001623043817,0.7164581368350038,1.9969656489307372
46.0,0.1,131.31608088743894,85.75512186417812,6.8427666455906015,0.06305234830777946,2.020404018136344,2.0015449922882724,214.13862995306687,6.073523572582938,8.578200217283566,0.07000001331344485,0.7175530070688534,1.997158055837463
48.0,0.1,130.75435259956407,86.36045652896637,6.817752213956032,0.06070332133447301,2.0188716355330323,1.9979535272375362,216.30262767068334,6.073854984313555,8.591114692661987,0.07000001089010133,0.7189219322319492,1.9973407393226374
50.0,0.1,130.06013910902047,87.00900850598366,6.7965050865050936,0.05861329092000442,2.0189185200999322,1.9902289674459888,218.030465569016,6.074273142276014,8.621354575865967,0.07000000901426051,0.7205112007963701,1.9975018970306009
52.0,0.1,129.2354181758345,87.64528314259636,6.7785018229816165,0.05674865018968756,2.019624489955226,1.978417249662503,219.3093846299311,6.074792529791814,8.665850931202087,0.07000000762997316,0.7222778115169602,1.9976359053312092
54.0,0.1,128.28737306783637,88.22903094460159,6.763266397991393,0.05507891984258607,2.0199945323324524,1.9625839264288343,220.1347979279274,6.075430369976529,8.72048908588354,0.0700000066509705,0.7241838533476739,1.9977408678991664
56.0,0.1,127.22723746664938,88.7316784904722,6.750386180342693,0.05357728865917429,2.0191210209092834,1.9428179194840707,220.51125211499112,6.07620687110059,8.78090869502986,0.07000000599717682,0.72619730555561,1.997816870423456
58.0,0.1,126.06455800767299,89.12834222078509,6.739605821323642,0.05223174923003575,2.0161682303809307,1.9191646975158623,220.44083220741692,6.077148015513032,8.842985464398817,0.07000000561750719,0.7282953219397916,1.9978635843133559
60.0,0.1,124.818545131824,89.408583865626,6.730569708687462,0.051015023598266124,2.0106147441619595,1.8918436180305283,219.95323438783674,6.078279052374819,8.902813764176248,0.07000000546537977,0.7304533688627863,1.9978828952189762
62.0,0.1,123.50434959243879,89.56169391861151,6.723079609899494,0.049915414839807624,2.0020290491320343,1.8610417319464523,219.07272966037257,6.079631010592954,8.957048162824876,0.07000000552657704,0.7326551642790946,1.997875084159936
64.0,0.1,122.14010686848604,89.5865758692544,6.716916936894876,0.04891563550005424,1.9902627345753279,1.8270437487821722,217.83670042536232,6.081235870582961,9.003108399633822,0.0700000057973802,0.7348860322190187,1.99784119790217
66.0,0.1,120.74035810622603,89.47103273539956,6.712033755689992,0.04801903649488847,1.9749690421356851,1.7901436743764394,216.27533962979132,6.083130040636668,9.037693226741,0.07000000631712289,0.7371359830386492,1.9977790192271112
68.0,0.1,119.32539829072368,89.23857576480627,6.7081294794409585,0.04719161618943084,1.9566965998262407,1.7507637332566297,214.44433358588518,6.085345629386567,9.0608558298204,0.07000000709394372,0.7393940104495125,1.9976921762550028
70.0,0.1,117.90860540438726,88.87686050151125,6.705258293475005,0.046446794314784386,1.9351713292473085,1.7092995678587468,212.3774012299644,6.087918432986871,9.06948796650192,0.07000000822356878,0.7416542550741165,1.9975765991542613
72.0,0.1,116.50380308244264,88.409074623632,6.703222033523385,0.045761030203689254,1.9109998414654858,1.6661550439007469,210.11962612920354,6.090882720120275,9.064465190407738,0.0700000097724387,0.7439112474252245,1.9974342824159688
74.0,0.1,115.12413452848344,87.8351289675548,6.702037405489241,0.04513975023977806,1.8842247381179222,1.6217902765208168,207.71073099105718,6.094266615131788,9.044080040331979,0.07000001189101712,0.7461608317991111,1.9972622816376506
76.0,0.1,113.77789430551687,87.17392214306459,6.7015911815569345,0.044569230664309435,1.855359595967695,1.5765617092835527,205.18379777110638,6.098101571134657,9.009398813121996,0.07000001473747086,0.7484008254643235,1.9970609379519553
78.0,0.1,112.47743573502612,86.42837876919567,6.701921356984686,0.04405552727311941,1.8245115416781605,1.5309442702347407,202.57885130523115,6.102399819163907,8.959141685914823,0.07000001857395044,0.7506282960475911,1.9968272681820223
80.0,0.1,111.22288002094822,85.62009678960474,6.7028993718596,0.04358258339577897,1.7922537729778465,1.4851328057747364,199.91044649158638,6.1071963255995385,8.895702981572246,0.07000002368316616,0.7528438285117458,1.9965618329549755
82.0,0.1,110.02468865582738,84.7527925005259,6.704580486270455,0.043157162914506296,1.75869844666659,1.4395521418735064,197.2139634195551,6.112487095159237,8.818179319954782,0.07000003050444592,0.7550453910001975,1.996261746026059
84.0,0.1,108.88468220269976,83.83866241457577,6.706927202710357,0.04277450888759576,1.724167668184966,1.3944243268595886,194.50577044417926,6.118282148263821,8.727735391569848,0.07000003957499468,0.7572331496949811,1.995925785304955
86.0,0.1,107.80065647550104,82.88977519659976,6.709880112073894,0.04242759140893451,1.6889747680076945,1.3498689804291655,191.79194555016264,6.124601088100993,8.62604152481173,0.0700000515821646,0.7594080873743911,1.9955528298264802
88.0,0.1,106.77818705894704,81.91136662838007,6.713479391392217,0.042120463024284176,1.653260711431664,1.306157820351682,189.09527473654148,6.131421920822573,8.513135239835439,0.07000006745005227,0.7615692733989883,1.9951405858366893
90.0,0.1,105.81586810762134,80.91189925816403,6.717700538310035,0.04184992607968592,1.6172476678910366,1.2633935237197058,186.42186593092484,6.138742583613212,8.390315340087476,0.07000008833364446,0.7637172340101817,1.9946875065137122
92.0,0.1,104.91305227008874,79.89775222023697,6.722537065223866,0.04161488764503153,1.5811068100053456,1.2216790458351245,183.77870292103933,6.146550647004443,8.258613835965443,0.07000011571332743,0.7658521355838765,1.994191743634749
94.0,0.1,104.0677381897234,78.87452538742187,6.727975595013838,0.04141365424538908,1.5449912439407878,1.1810733046051596,181.1688145814008,6.1548354223817014,8.119179375200602,0.07000015146778504,0.7679742662827003,1.993651336932194
96.0,0.1,103.27670727027125,77.84675749744699,6.733995183621459,0.04124404500472434,1.5090271521150789,1.1415971075691254,178.59173434784597,6.163591277920829,7.973196843644615,0.07000019798547519,0.770084029455552,1.9930640294443538
98.0,0.1,102.53830627739035,76.81787362463446,6.740595782667506,0.041105777936816516,1.4733202833066033,1.1032899672293228,176.04963202993292,6.172798949314792,7.821615047161756,0.0700002582835848,0.7721813423865367,1.9924273881751426
100.0,0.1,101.84811176236983,75.790532929227,6.747749534044934,0.04099634631474951,1.4379499047012538,1.0661262505651414,173.53806180059098,6.182460189543381,7.66554968501072,0.07000033620760537,0.7742666942329004,1.9917384188018552
102.0,0.1,101.20440771405117,74.76674154378901,6.7554623804417435,0.04091591454796712,1.4029930852569243,1.030123519426366,171.05750842378603,6.192554340373805,7.505839728389983,0.0700004365939455,0.7763398522895023,1.9909940343128025
104.0,0.1,100.6040520342909,73.74784669834338,6.763726660016976,0.04086353435764616,1.3685060314905129,0.9952636087119779,168.60487856306875,6.203073149159576,7.343361330874775,0.07000056559291501,0.7784009217118224,1.9901905307403216
106.0,0.1,100.04063099810841,72.73412373469792,6.772490845391898,0.04083522564789372,1.3344951998798757,0.9614614832539743,166.17050932162272,6.214049686091528,7.179019893290249,0.0700007311630968,0.7804510474988647,1.9893229654070452
108.0,0.1,99.51353879140913,71.72617809251267,6.781782897325107,0.040832453810185736,1.3010139843692823,0.9287351282370229,163.75518444695038,6.225458200769255,7.0134017688821455,0.07000094325913153,0.782489781959911,1.9883867809462776
110.0,0.1,99.02096664464021,70.72411266578337,6.791621355452636,0.04085572198453456,1.2680973654147853,0.8970742810822877,161.35672078358567,6.237284494634848,6.847105061607903,0.07000121462236808,0.7845171026448806,1.98737650477527
112.0,0.1,98.55472520099212,69.72658690252328,6.801916051664856,0.04089883650239125,1.2356818831842376,0.8663504122492304,158.9627303461662,6.2496103112914785,6.680727634463778,0.0700015620430614,0.786535343211777,1.9862844613099377
114.0,0.1,98.11732750860348,68.73380468660221,6.812765062768549,0.040966702344134076,1.2038435782099042,0.8366247547423645,156.57692185338698,6.262373009908239,6.514661578143507,0.07000200645170462,0.788543436774363,1.985104135353228
116.0,0.1,97.70314396101028,67.74437210820805,6.8241196197185765,0.04105546964706265,1.1725332492142355,0.8078100419064778,154.1910205207634,6.275634051058061,6.349297964366248,0.07000257551085998,0.7905433876520049,1.983826340518469
118.0,0.1,97.3104555573072,66.75734380143989,6.836008641599944,0.04116545559661673,1.1417512264221163,0.7798869042630494,151.8020389390121,6.289402666648988,6.184938574103974,0.07000330484816297,0.7925361771681165,1.982441368813097
120.0,0.1,96.93581672884264,65.77148915029383,6.848417368581525,0.04129466701801265,1.1114646610309193,0.7528042575540697,149.4054740681897,6.303726314641903,6.02181454638623,0.07000424088613477,0.7945236611868945,1.9809381216771134
122.0,0.1,96.577354827349,64.78570362906333,6.8613697528448885,0.04144286960991169,1.081660126981237,0.7265372827012682,146.99856301752445,6.318632093403071,5.860114823196504,0.07000544409191045,0.796507507114297,1.979304276546475
124.0,0.1,96.23270907251383,63.79889505716434,6.874871192112378,0.0416089211836808,1.0523135462073023,0.7010516750240033,144.57865395424594,6.334164878489771,5.699983428724389,0.07000699338259686,0.7984897713901227,1.9775261908450592
126.0,0.1,95.90087366105894,62.809770076886835,6.88899085417392,0.04179376591358713,1.0234148560900573,0.676335665926067,142.14304261779705,6.350345302061309,5.541530805089682,0.07000899298292063,0.8004729689297705,1.9755878715523167
128.0,0.1,95.57927132048415,61.81744793745816,6.903716770256499,0.04199540177979866,0.9949337096584732,0.652349655553622,139.6901692735097,6.367239695226364,5.38484031220754,0.07001157859112683,0.8024597270212843,1.9734727394143683
130.0,0.1,95.26622298540784,60.82112777682333,6.919067165454775,0.04221295426586357,0.9668532445657692,0.6290689006605293,137.21907616016753,6.384903183025406,5.229989077312162,0.07001492859145864,0.8044527575763554,1.9711623430534653
132.0,0.1,94.96039482565682,59.82007341450601,6.935074180395537,0.042445946028571054,0.9391616918304845,0.606473917199771,134.72912702739646,6.403390110045784,5.077045605605621,0.0700192779370652,0.8064550330229922,1.968636219567358
134.0,0.1,94.66096930666139,58.813192890903714,6.951832025418148,0.0426951944368067,0.9118465103997704,0.5845540446345043,132.21851590926883,6.422744294167503,4.9260386834646495,0.07002493984461866,0.8084710548585065,1.965870306576775
136.0,0.1,94.36627561715522,57.80041137640917,6.9693261065963945,0.04295889059109041,0.8849014430234649,0.5632825888256199,129.68865681342626,6.443047967588143,4.777057368410437,0.070032321647153,0.8105035167858539,1.9628412506689605
138.0,0.1,94.07543498725401,56.781206303357756,6.987621655748367,0.04323711252713948,0.8583231745348284,0.5426463832051853,127.13946210113153,6.464365483383918,4.630157965261289,0.07004196609150704,0.8125567175578597,1.9595215126345453
140.0,0.1,93.78749170353132,55.755318413598,7.006770971978842,0.04352957012278334,0.832112250191394,0.5226303098904328,124.57155445575613,6.4867728322922575,4.485411745321885,0.07005459011276316,0.8146349524932597,1.955881537845204
142.0,0.1,93.50156610055531,54.7226099676295,7.026831476162305,0.04383605359781438,0.8062728418004487,0.5032200273861014,121.98580157894095,6.510352865484371,4.3428975204283,0.07007114289824856,0.8167428360859832,1.9518891501731215
144.0,0.1,93.21682698095479,53.68336200898163,7.04781861401336,0.04415583944364816,0.7808199190807321,0.48440026921460544,119.38445519877132,6.535200783674885,4.202736208264376,0.07009287463827785,0.8188834657641351,1.9475107182963687
146.0,0.1,92.93259407234588,52.637508412478944,7.069812375484137,0.04448918568145881,0.7557621332803645,0.4661591110783423,116.76831088230585,6.561412866790394,4.065008784820964,0.07012145025658922,0.8210622944758844,1.9427078873105315
148.0,0.1,92.6481046464586,51.58463588623404,7.09298582516098,0.04483737721712585,0.7310970629537437,0.44848541587486623,114.1363858014989,6.589092601482254,3.9297461932570603,0.0701590958352325,0.8232891265588839,1.9374368629251433
150.0,0.1,92.36260871069403,50.52528505189302,7.117384451911265,0.04520017068207892,0.7068460944193379,0.43136421657611734,111.49115471818064,6.618368277225051,3.7970829914030957,0.07020873655684978,0.8255689100570583,1.9316544124846151
152.0,0.1,92.07541258082324,49.45984948231883,7.143094429098726,0.045577985169856276,0.6830274680581487,0.4147818121883941,108.83433190181246,6.649379381857135,3.667133043039083,0.07027425627519834,0.8279083421248368,1.9253129543810203
154.0,0.1,91.78585899825481,48.388759892654264,7.170212508460017,0.0459715518307833,0.6596603729143954,0.3987246400778912,106.16762112033805,6.682282079208621,3.540008901432716,0.07036080305922021,0.8303147261548365,1.9183612243826123
156.0,0.1,91.49339831977655,47.31258723339019,7.198809316992427,0.046381589824684585,0.6367685441292055,0.3831793139208869,103.49335504972224,6.717252116771548,3.415834628310279,0.07047518756139803,0.8327941222197693,1.9107448052030271
158.0,0.1,91.19720750212247,46.23153780919177,7.229101880104464,0.04681060779931929,0.6143604482819265,0.36813170794575495,100.81155939308546,6.754489626341058,3.2946741588274926,0.07062647165715163,0.8353603093868326,1.902402975445461
160.0,0.1,90.89661797764056,45.14615385939851,7.261245378046337,0.047260972903790506,0.592454722192692,0.3535674595683205,98.12380543338195,6.794223991116847,3.1766257700696605,0.07082662314534294,0.8380243607400224,1.8932727848979407
162.0,0.1,90.5914301264257,44.05728208692075,7.2952365927865905,0.047733884271454766,0.5710835596201697,0.33947433904166036,95.43410147376639,6.836710152863073,3.0618235883968006,0.07109141065019053,0.8407886845559536,1.883289246758657
164.0,0.1,90.28102183162487,42.96534612919887,7.331274152392956,0.04823328982850207,0.5502590592555753,0.3258385377948373,92.7435423974371,6.882244126390513,2.9503272875358446,0.07144173259246345,0.8436667125450619,1.8723805721366256
166.0,0.1,89.9639225494139,41.87053693507354,7.3699110288776675,0.04876880085625376,0.5299725935605794,0.3126411523232287,90.04956499445964,6.931184947259348,2.842136363773492,0.07190523079894828,0.8466929421259969,1.8604696385107633
168.0,0.1,89.64056374441714,40.77385663540334,7.410998231514398,0.0493425337156503,0.5102629949322153,0.29987390133702163,87.3585713543059,6.983906295852569,2.7373768305979898,0.0725180974882127,0.8498615958849834,1.8474806958212249
170.0,0.1,89.31048398548852,39.675825885120744,7.454768762138993,0.0499625311520425,0.4911397393980764,0.287523989047249,84.67231935594518,7.0408555386408525,2.636080545468536,0.07332803370196972,0.8531888190044081,1.833331418766595
172.0,0.1,88.97195975793313,38.576944557093064,7.502037209739982,0.05064976661256946,0.4725901867485162,0.2755703918181457,81.9880618162319,7.102583113836619,2.538229612668939,0.07439741578658365,0.8567268228476219,1.817939010869583
174.0,0.1,88.62587381181423,37.47797242397199,7.552591668967149,0.05140990704723393,0.4546437320123746,0.26400959092395515,79.31283761774179,7.169649726402161,2.4438846434604846,0.0758078893556362,0.8604653042873037,1.8012166024294374
176.0,0.1,88.27105821394171,36.379622565447505,7.6071760088790725,0.05227115544200502,0.4372936958666465,0.25282477676198095,76.64623137074118,7.242758340789454,2.3530289162710476,0.07766527586492811,0.864453190692234,1.7830808070998856
178.0,0.1,87.90776166757068,35.282553805930355,7.665956268387259,0.05325321116787467,0.420549724992606,0.24200949166457045,73.99261161533396,7.32267253404343,2.26566123441681,0.08010708340224681,0.8687032831712445,1.7634441636436697
180.0,0.1,87.53466849328927,34.18786473230504,7.730042195266629,0.054410141661321236,0.40440212871503045,0.2315472677348125,71.35178050492283,7.4103051244139,2.181756823696774,0.08330826228650845,0.8732890081161997,1.7422349774654229
182.0,0.1,87.15283248101419,33.09616290190821,7.7993760549503985,0.05576914657457025,0.38886212271653187,0.22143865540846203,68.73053350651274,7.506623898090948,2.101293920716632,0.08749478925286902,0.8782088369077816,1.7193691028373481
184.0,0.1,86.76159008509073,32.00866306035083,7.875006699906365,0.057403753149579725,0.3739214419175305,0.2116736336814754,66.1309177253172,7.612761106393378,2.0242338168011083,0.09294891823933837,0.883532506746544,1.6947882865748334
186.0,0.1,86.36105752457273,30.926665342588745,7.957808717116134,0.05940200959968375,0.3595773386702482,0.2022490174733183,63.55758522056158,7.729937071399035,1.950538333536592,0.10002177488248298,0.889318826088195,1.6684467936072567
188.0,0.1,85.9522450669929,29.850977115840095,8.048031197060771,0.06183376773633299,0.3458285340342587,0.1931672032068574,61.01706839698884,7.8594996422886565,1.8801451590583955,0.10915087245917854,0.8955846958193747,1.6402944881484793
190.0,0.1,85.53472170689686,28.78414851179939,8.147712107788275,0.06489367216212798,0.3326655264992457,0.18442642120816208,58.51401348302945,8.002805195775379,1.8130262256943146,0.12084045661254827,0.9024647843099,1.6103627746237412
192.0,0.1,85.11037813082181,27.727029391585763,8.256859150374794,0.0686851627528461,0.32008640498170154,0.1760361172171375,56.05727789813415,8.161334981500103,1.7491003018583395,0.13570586587344624,0.9099583976139415,1.5786424460276924
194.0,0.1,84.6800834537363,26.682351169427548,8.377185024443088,0.07345412271635647,0.3080842542704497,0.168005172701917,53.65519000146494,8.336407253630153,1.6883256944266627,0.1544100596046034,0.9181764685300546,1.5452266682052496
196.0,0.1,84.24581203934403,25.65231451514591,8.509571440778158,0.07943006592410441,0.2966537840805816,0.1603475057188854,51.31804646409547,8.529251362810177,1.6306364759629277,0.17767364947786413,0.9271728775644286,1.5102229349345129
198.0,0.1,83.80991487504065,24.639862868725775,8.65519666061463,0.08691069343114666,0.2857900109384528,0.15308125689106164,49.057688422686084,8.740730106787124,1.5759766843418408,0.2061964796747977,0.9370186328925266,1.4738122412682475
200.0,0.1,83.37561439222529,23.649332426633485,8.815719615591945,0.09630810378756939,0.27549207839027645,0.1462352213010476,46.88966562931744,8.970882645790804,1.5243163695897142,0.24052937309524025,0.9478127908337215,1.4362942455188186
202.0,0.1,82.9466093252235,22.683279393519406,8.991104009267366,0.10789092633347065,0.2657530054327287,0.1398271135809438,44.826712444691665,9.21955140791427,1.475567795813416,0.28111173561326663,0.9595384138188109,1.3979291681473156
204.0,0.1,82.52813236400551,21.747968749830775,9.182882471274006,0.12217947623644487,0.25657816723039883,0.13389945636029066,42.889884827031125,9.484488574384574,1.4297288116929172,0.3278585763318017,0.9722756389063698,1.3592288765148
206.0,0.1,82.12506469376542,20.846658152653564,9.390211681538483,0.13941003586832076,0.2479606840047843,0.12846790573902397,41.09244277881127,9.763308994100164,1.3867115737741358,0.3804313067452484,0.9859441413541129,1.3205923732666804
208.0,0.1,81.74522078734759,19.987658310489188,9.613573318379734,0.16007344391343342,0.239914588442358,0.12358590135529393,39.46052034283516,10.050070254714962,1.3465440314700352,0.43756810992485784,1.000539736626104,1.2827605264508006
210.0,0.1,81.39376636234435,19.173792434801193,9.8504531316083,0.18416146149062218,0.23242866497636583,0.11925078362971843,38.00235637792885,10.339881324495876,1.309116724540555,0.4979481297162148,1.0158634135212055,1.2461829384191332
212.0,0.1,81.07958254928434,18.41369208188033,10.099177974469518,0.21184599364854964,0.22551848914142536,0.11550420735564944,36.74124204528863,10.623502152307378,1.2744558085342526,0.5592458062511002,1.0317584971307716,1.2116840270315112
214.0,0.1,80.8092245190618,17.712447099951937,10.356092928082257,0.24289360021070597,0.21918295802109955,0.11234698822617922,35.68670656834298,10.892385198818008,1.2425054521179435,0.619193221376324,1.0479431769498984,1.1798724989576224
216.0,0.1,80.59116936397082,17.078019886506503,10.616766666623263,0.2769414407101267,0.21343684284472034,0.10979632279936288,34.8538884652842,11.135531187614722,1.2132828824130382,0.675100835105707,1.0640788602313258,1.151518635034929
218.0,0.1,80.42882335242423,16.512657165657306,10.87578209834889,0.31326023925693314,0.20826677811053637,0.10781410631055158,34.2372449030496,11.345684250864629,1.1866863524862064,0.7251287515609076,1.0797839722857394,1.1269843526937318
220.0,0.1,80.32785414123505,16.022381249648472,11.127200463629812,0.3510385387904801,0.2036818743920626,0.10638870231947593,33.83976528535024,11.513866192201212,1.1627178056995415,0.7672553270844378,1.0946406489596916,1.10681280071734
222.0,0.1,80.28984429919787,15.75931874293838,11.359227795443779,0.3864958476509404,0.19972124191312038,0.10552615009985644,39.44975581686871,11.527442217870377,1.1415778118547744,0.7119683113664577,1.1078379828444131,1.1333720453441092
224.0,0.1,80.30416490280994,16.024481971140467,11.538276296790185,0.411602420295277,0.19672954278055535,0.10508605614461906,41.73069708529171,11.331214548797114,1.1252664658625573,0.6216328727952269,1.1170631820364205,1.1786112029359663
226.0,0.1,80.34550149333434,16.39848960904463,11.65811490385056,0.4286865750891123,0.19483103939311652,0.10467711953128024,41.07667482068907,11.156416770656595,1.1146347834036252,0.5855803646299228,1.121995031669249,1.1975049821503767
228.0,0.1,80.39478859105544,16.56449505956739,11.740298171885994,0.44278507615724294,0.19367667554634907,0.1041261399951826,39.62516995555459,11.086560989074412,1.1078712329131957,0.5915820205149804,1.1242475025441006,1.194320239559037
230.0,0.1,80.4451861448542,16.516236855474425,11.806007647593797,0.45676840209127606,0.1928563960626796,0.10345575762971908,38.581771664485814,11.09363413374991,1.1027797505173478,0.6131352936954618,1.1253577545768596,1.1830148148577682
232.0,0.1,80.49699282863604,16.368437325911717,11.866036925461312,0.47129917682670647,0.1921340010895141,0.10274949272947527,38.15447787545473,11.128598459725339,1.098098009739103,0.6330130101601067,1.1261009615180615,1.1727584684476826
234.0,0.1,80.55214646143831,16.2166935518191,11.922772514564175,0.4859314278595813,0.1914419275446003,0.10207099541623697,38.08307138166482,11.159257633298608,1.0934839979438564,0.645794075018237,1.1266494730971508,1.1662433419990739
236.0,0.1,80.61156983322297,16.097886057550415,11.97493171095895,0.5000876359770277,0.19079498040855863,0.10144384534527867,38.07873266604639,11.17628870343472,1.0890430332030787,0.6534794131218316,1.126917455021448,1.1623539713052369
238.0,0.1,80.67481114356616,16.007557550572265,12.021220860765615,0.5135007210070679,0.19021778296641653,0.10086454886652536,37.99915348832391,11.184042372015233,1.0849306213638172,0.6598008038785566,1.126820004514226,1.1591701222082738
240.0,0.1,80.74080116321063,15.928923545545834,12.061632210251691,0.5262079613424426,0.18971543702785335,0.10032199367584907,37.83728940775389,11.189341422460139,1.0811907396309808,0.6669102502458294,1.1263625720743138,1.1556053027022617
242.0,0.1,80.80861712449476,15.850553507629261,12.096984418396511,0.5383538516498926,0.18927752097172162,0.09980919739432766,37.63823424603653,11.195887355647862,1.0777775062539723,0.6751437853701523,1.1256080350807693,1.151497260982263
244.0,0.1,80.87769256977047,15.769270953092931,12.128309764371645,0.5500659273253281,0.18888854669311342,0.09932424225052916,37.440608566237024,11.204146034012636,1.074614279111663,0.6839718374826768,1.1246324313881852,1.147116064885266
246.0,0.1,80.9477755680275,15.686703947345162,12.156396953173846,0.5614087858085955,0.1885362381835229,0.09886812025000082,37.25970920421423,11.213090066844051,1.0716396241706985,0.692827498083581,1.1234936434927296,1.1427446330680666
248.0,0.1,81.01875870011547,15.605316144601844,12.181764598998841,0.5724051781020562,0.18821297329815065,0.09844170412907327,37.09292231566166,11.221681879847951,1.0688161186483196,0.7014343129479846,1.1222290860632,1.1385176748127985
250.0,0.1,81.09059369825349,15.526522235042943,12.204680275917966,0.5830555095305877,0.1879152080619221,0.09804560659513288,36.934893213439054,11.22941860173072,1.0661272129644503,0.7097624570557564,1.120859359201267,1.1344470899464165
252.0,0.1,81.16322101525046,15.450540636119454,12.22536315203008,0.5933657312021566,0.18764061332572746,0.09767914950223792,36.780906582575824,11.236260121280004,1.0635622639393905,0.7178866966521952,1.1194005182139275,1.1304939568475907
254.0,0.1,81.2365721078963,15.376987096083186,12.244042876248413,0.6033523444184807,0.18738691472158037,0.09734074112220685,36.627927522941995,11.242353025250381,1.0611103030789835,0.7258738872140882,1.117867946450501,1.126623993267875
256.0,0.1,81.31061435959712,15.305524996683536,12.260880768575403,0.6130265899731248,0.18715246350965675,0.09702967056812736,36.47775095952921,11.247791584646897,1.0587630494312377,0.7337426563555214,1.116273865643545,1.122826794822271
258.0,0.1,81.38530948449234,15.23590314935185,12.276087156771045,0.6224088135638759,0.1869350867177575,0.09674423291588619,36.328428120064835,11.252630275198618,1.056509157744217,0.7414906214169744,1.1146312378075334,1.1191022628144736
260.0,0.1,81.46069760121816,15.168179295265471,12.289706296648813,0.6314946949027775,0.18673428191391994,0.09648542672106653,36.18808454781077,11.256800253218453,1.054345704306975,0.7490911787490186,1.1129473611140452,1.1154619361815352
262.0,0.1,81.53673344490937,15.102197069475045,12.301975555354055,0.6403129661012498,0.18654766519306995,0.09625019013122398,36.04751737517894,11.260343865060612,1.0522599009962015,0.7565508888577233,1.111233135715198,1.1119014498864639
264.0,0.1,81.61345082776624,15.037991798427024,12.312946858828619,0.648864424622596,0.1863747410657399,0.09603857568862453,35.91012107606247,11.263223340503185,1.0502486526935533,0.763862215213232,1.1094937839207915,1.1084232546215849
266.0,0.1,81.69087921138807,14.975548940408856,12.322682172952947,0.6571527342445546,0.18621494173279377,0.09585022044252434,35.778039926807175,11.265424874747422,1.0483084063967496,0.7710244531514914,1.1077342830227797,1.1050265941623139
268.0,0.1,81.76905723541508,14.914846326515615,12.331227510639243,0.6651798587340124,0.18606787387015386,0.09568491304368677,35.65487748661826,11.266937127961985,1.046436419288633,0.7780368787941098,1.1059589540503623,1.1017107882323554
270.0,0.1,81.84792215886146,14.855642375571279,12.338763986617845,0.6729751777996926,0.18593172080066517,0.09553927696972189,35.52682914148772,11.267861664774502,1.044622874191412,0.7849220158348738,1.1041727861391952,1.098464272381195
272.0,0.1,81.92754412191667,14.797992796018274,12.345268192699141,0.6805303842339593,0.18580678088507624,0.09541427718120797,35.403226463350656,11.268152160640991,1.042868543687118,0.7916695635875595,1.102378079872739,1.095291070875832
274.0,0.1,82.00794873826923,14.74186041251311,12.350777601950748,0.687849436297507,0.18569271190413322,0.09530945624373706,35.28571853820468,11.267811129832744,1.041171003487979,0.7982796452831417,1.100577483607286,1.0921903264663981
276.0,0.1,82.08912551803144,14.6871438739568,12.35536952132241,0.694944874359996,0.18558874357968577,0.09522336641095681,35.170219017322125,11.266877141290422,1.0395257734015289,0.8047601291779886,1.0987735500946842,1.0891576128034042
278.0,0.1,82.17106232764182,14.633755281093256,12.359108735114203,0.7018277941834952,0.1854942202105895,0.0951547470044079,35.05266799642717,11.26538539215531,1.0379290519208633,0.8111179547662337,1.0969682103323393,1.0861890166144714
280.0,0.1,82.2537912336718,14.581691137680771,12.36200378377306,0.7084983071837886,0.1854090845799144,0.09510357055902101,34.936929869384905,11.263327389542292,1.0363799466395562,0.8173506992845385,1.0951630305591276,1.0832850512268823
282.0,0.1,82.33733502404878,14.530932262826969,12.364072393689124,0.7149585945316945,0.18533318230595794,0.0950695619798375,34.82583658122249,11.26070403142994,1.0348771042958473,0.8234578670274005,1.0933595339946731,1.080445363361898
284.0,0.1,82.42171973765156,14.481467269220794,12.36532663461814,0.7212098583003305,0.1852664213269067,0.09505254166321371,34.72344315909854,11.257513068674198,1.0334194790673017,0.8294381616625801,1.091559176564976,1.0776700053260715
286.0,0.1,82.50691819974026,14.433210416331404,12.365824707966159,0.7272634521331796,0.18520819663645866,0.09505123809637916,34.62496039623876,11.25379582469351,1.032003736767936,0.8352991664237348,1.08976305630147,1.0749549496259694
288.0,0.1,82.59285913973594,14.386026591186814,12.365654473465902,0.7331377704611051,0.18515755549847812,0.09506368728878259,34.51735960747142,11.249624495973192,1.0306251304449772,0.8410546805150502,1.087971658821479,1.0722933527534504
290.0,0.1,82.67960350126266,14.339976384189884,12.364782032706211,0.7388248305908498,0.18511490692770477,0.09509071204981333,34.41250926966357,11.24496085596805,1.0292850690064679,0.8466954176441337,1.0861862622794887,1.06968909039009
292.0,0.1,82.76720208606305,14.295104575268322,12.363184857169848,0.7443188393653106,0.1850805480995412,0.09513285142263037,34.32204194708091,11.23977625058872,1.027984415490769,0.8522138592323656,1.0844082865855234,1.0671452221191506
294.0,0.1,82.85557424704275,14.251282071987513,12.360947565393728,0.7496378939287249,0.18505355830568754,0.09518819185462556,34.232724015127694,11.234143702176391,1.0267187430651026,0.8576235659796083,1.0826379308513863,1.0646551166887321
296.0,0.1,82.94470678972661,14.208480303910921,12.358092872218322,0.7547865639564515,0.18503371383406148,0.09525623843287731,34.14443347753583,11.228079706234235,1.0254867726826538,0.8629262157553987,1.0808758646093017,1.0622176599818576
298.0,0.1,83.03458409311538,14.166672432984132,12.354642838645779,0.7597693043560301,0.185020798979939,0.09533651127323371,34.057051665919744,11.221600789066535,1.0242873070498222,0.8681233829762097,1.0791227140710775,1.0598318101837343
300.0,0.1,83.12508385199386,14.125693909943763,12.350700569104957,0.7646094166559766,0.18501364152664757,0.09542671738863788,33.94664367736762,11.214803226129941,1.0231151174460908,0.8732338094495997,1.077377587040938,1.057488681908474
-30.0,1.0,89.08117744953643,13.10483870967742,11.48,0.8611101488994848,0.1930554845416145,0.11110892574554117,31.907165999520554,10.446799131444001,0.9928590470346963,0.9999992540156787,1.0,0.999999783498902
-28.0,1.0,89.08346377612384,13.104839636662113,11.480009589410903,0.8611107155846367,0.1930698340436686,0.11110829671470471,31.927289034620518,10.446821865197652,0.9928590104209079,0.9998820741585046,1.0,1.0000525963546496
-26.0,1.0,89.0864600859928,13.107578415481267,11.479882298740645,0.8610654601293378,0.19308237272940218,0.11111027681952078,31.96149534379346,10.44499355569965,0.9928639839556208,0.9987247258872545,1.0,1.0005742237245976
-24.0,1.0,89.0893113320595,13.11255275426463,11.479404493934409,0.8609578091700325,0.19309693471970146,0.11111558105072408,31.96414951719413,10.442696277838909,0.992888505193001,0.9979807849236781,1.0,1.0009095360595341
-22.0,1.0,89.09180226284356,13.11630069951192,11.4786834060792,0.8608284932811135,0.19311329571742372,0.11112114836563922,31.95694037676849,10.441192733384574,0.9929295827881237,0.9977285167929977,1.0,1.001023241541818
-20.0,1.0,89.09389185862531,13.11815912041072,11.47789815028486,0.8607045455102666,0.19312937684029127,0.11112554801450905,31.947963281846405,10.440535462663455,0.9929756044217646,0.9977611203989405,1.0,1.001008545972068
-18.0,1.0,89.09560535221574,13.118558368753664,11.477176135658734,0.8605984233714565,0.19314352589214454,0.11112852825333738,31.94039094677666,10.44046391655521,0.9930174350241643,0.9979255331569438,1.0,1.0009344397433875
-16.0,1.0,89.09700463045951,13.118127630910266,11.476577739380154,0.8605129664747795,0.19315502346689456,0.11113038514828615,31.935072299358456,10.44069498301285,0.9930506074511687,0.998123161746474,1.0,1.000845362646935
-14.0,1.0,89.09814764385199,13.117347434994302,11.476118362939511,0.860446711107965,0.19316377385927475,0.11113150909791569,31.931838894169456,10.44103054451763,0.9930739918965479,0.9983023400517259,1.0,1.0007646022039975
-12.0,1.0,89.09909636097944,13.116527192724014,11.4757803110113,0.8603955156785678,0.1931701931512968,0.11113225999681589,31.930069155224228,10.441353857227687,0.9930889269757293,0.998444214833573,1.0,1.0007006558298377
-10.0,1.0,89.09989248676838,13.11581290725618,11.475540482625545,0.8603558014067295,0.1931747403546766,0.11113285952775785,31.929210808376073,10.441615524435372,0.9930971942387226,0.9985472506927641,1.0,1.000654215298443
-8.0,1.0,89.10056653154155,13.115256535064761,11.475374828311052,0.8603245779611912,0.19317787216294696,0.11113343446172522,31.928829305076714,10.441803341371397,0.9931006657524817,0.9986178046545972,1.0,1.0006224151736471
-6.0,1.0,89.10115023663093,13.114837093519032,11.475257747304749,0.8602990536185743,0.19318007263973527,0.11113403191576261,31.928636836223237,10.441932266370507,0.9931012289055925,0.9986666889244964,1.0,1.00060038207315
-4.0,1.0,89.10165977010307,13.114526735431747,11.475174396620485,0.8602777799947314,0.19318162342883188,0.11113465806198146,31.92850418827491,10.442016986548838,0.9931000011076145,0.9987010832290351,1.0,1.0005848799078707
-2.0,1.0,89.10210295549886,13.114300358540763,11.475115757975885,0.8602600129827035,0.19318269736785795,0.11113530328849637,31.928377202365052,10.44206955304307,0.9930976930256747,0.9987256845243263,1.0,1.0005737916493327
0.0,1.0,89.10249846951186,13.114121944375906,11.47507150714428,0.8602446289089234,0.19318349470365404,0.11113595054585197,31.928243703633907,10.442104876559306,0.9930949295055003,0.998745132083549,1.0,1.0005650262818444
2.0,1.0,89.27039471028031,13.775906479503782,11.450690293736683,0.8357052902046651,0.19333657970221335,0.12251180719323139,88.20629154169379,9.809905250763771,0.9937226043710634,0.4419528495491394,1.0,1.2799994636611023
4.0,1.0,90.56885169790144,21.10132208256681,11.150093705918822,0.7393808049300845,0.1973216811252817,0.17256072604424846,184.48237977860256,7.510720110200918,1.011495148359277,0.07303555126669758,1.0,1.8381327069514488
6.0,1.0,93.2835213803738,35.883262769763434,10.63626535365416,0.6346075063959984,0.2142957445990227,0.2700104209260155,244.7372869779547,6.701953487856477,1.0885549216785142,0.07001125293581234,1.0,1.9737203518529076
8.0,1.0,97.09099416258253,52.35270719059716,10.123745658066381,0.5397367545057887,0.2539739462669913,0.41840591662518534,269.82618369922517,6.417349432911846,1.268300306300202,0.07000014797625531,1.0,1.993700064988105
10.0,1.0,101.57323202593075,66.44400226852518,9.652529861142993,0.45894802659429845,0.32744177872910585,0.6083618801306522,274.76703209122013,6.257745786945211,1.5967362381358798,0.07000000880928914,1.0,1.9975208267286004
12.0,1.0,106.33368860904322,76.9175484066394,9.231912776421227,0.39219180065605697,0.4462227703892184,0.8169081919977728,271.14968187795614,6.171126043682714,2.116826126207312,0.07000000169331577,1.0,1.9985631105165553
14.0,1.0,111.03231233003334,84.09169732549681,8.863480860133327,0.33758802587632897,0.6160112335116389,1.0201336805135255,264.86844425670995,6.125840869924648,2.8424956784955944,0.07000000070963175,1.0,1.9989223516401224
16.0,1.0,115.4020242364633,88.74081180600894,8.544424762249996,0.292912541850753,0.8293686716655463,1.2029374246525943,257.9844236861961,6.102186957420409,3.733824336731713,0.07000000048845956,1.0,1.9990476073300316
18.0,1.0,119.26214610759514,91.57183129472548,8.26995524382573,0.25623816663949833,1.0651153847792891,1.3595534251068553,250.96841352018757,6.089570900897476,4.701649575800138,0.07000000046455734,1.0,1.9990632848191763
20.0,1.0,122.52600366188622,93.10015359462788,8.034748042000382,0.22604413591434339,1.2967784390758406,1.4901060148673662,243.96845974271824,6.082623130249523,5.6431892676453375,0.07000000054861766,1.0,1.9990103004821327
22.0,1.0,125.1906679500399,93.68868898586199,7.833641494671379,0.20113545693706464,1.5031838166286584,1.59747035769509,237.178459210727,6.0786530750867485,6.479728127736353,0.0700000007463144,1.0,1.9989042328421616
24.0,1.0,127.30899857841877,93.60674363039776,7.661927325353762,0.18054785138370247,1.6735194815144139,1.685347912957753,230.8096012190207,6.07629868723692,7.171875738788063,0.07000000110399429,1.0,1.9987526998964695
26.0,1.0,128.95808533695217,93.06368260728411,7.5154349192161325,0.16348530109335943,1.8061128751273756,1.7572871973252318,225.00136844997763,6.074855777342743,7.7134549932771055,0.07000000170009524,1.0,1.9985612100998076
28.0,1.0,130.21612337195276,92.22181666145627,7.390531431151336,0.14928697352852321,1.9046026776816163,1.8162805751007014,219.80341169166414,6.073950297450407,8.117631504264239,0.07000000264325279,1.0,1.9983350687438697
30.0,1.0,131.1510156059463,91.2024676081992,7.284075148989275,0.13740729161366283,1.974592153733518,1.864683012328551,215.19523587292318,6.073377423921934,8.405233112635154,0.07000000406864593,1.0,1.998079779022806
32.0,1.0,131.8172394404637,90.09194907964509,7.193368289171871,0.12740138468752024,2.021694208557591,1.9042719060280473,211.12180425966895,6.073021615792969,8.59782798811209,0.0700000061309618,1.0,1.9978008824028042
34.0,1.0,132.25721961794585,88.94876871990544,7.116097585935313,0.11891000855181844,2.0507385636216737,1.9363612724803372,207.5158141723156,6.072815920399652,8.714704614282443,0.07000000899490999,1.0,1.9975036717103276
36.0,1.0,132.50378865198886,87.81082508506438,7.0502965771041195,0.11164665001252107,2.0655933697205953,1.9619062572034458,204.31327856423152,6.072720921323865,8.771938732691437,0.0700000128243683,1.0,1.99719301160002
38.0,1.0,132.58353662036183,86.70645378825854,6.994257651290987,0.10537997737152523,2.069322131718805,1.981623007953452,203.63947999881563,6.07271293337507,8.782732038905662,0.0700000172812194,1.0,1.996902051470071
40.0,1.0,132.51743113326265,85.97684826113225,6.946554759299481,0.0999289570305099,2.0651884847680813,1.9960390915444761,207.52059619747018,6.072776079302846,8.761495198692058,0.07000001745513384,1.0,1.996891777271713
42.0,1.0,132.3186784524877,85.8606279319589,6.905961320041167,0.09514874110695375,2.058445998580316,2.005564896867353,210.94049947254615,6.072902607357652,8.732021269407246,0.07000001538951839,1.0,1.9970185612437745
44.0,1.0,131.98964591566295,86.14415520953179,6.871443013654594,0.09092623990236265,2.052637936490922,2.0104904321017703,213.9217423933642,6.073092535673081,8.711812010413936,0.07000001285717183,1.0,1.997190639378517
46.0,1.0,131.52860719771783,86.6507059102487,6.842076284715659,0.08716852760806008,2.0489710405556822,2.0110437116169098,216.47084911982245,6.073349938801588,8.708416964152702,0.07000001052037197,1.0,1.9973709411254918
48.0,1.0,130.9330686375742,87.26808898458796,6.817110066443989,0.08380675988012738,2.0473780140811013,2.0073532917488093,218.5807514450239,6.073682800477058,8.723510325152729,0.07000000860591249,1.0,1.9975399028979792
50.0,1.0,130.20142752226187,87.91984347773577,6.795945896389981,0.08079209458378606,2.0471795286655547,1.9994652721663362,220.23646916750707,6.074103050889274,8.755682827139129,0.07000000714116572,1.0,1.9976871069431992
52.0,1.0,129.33814600707765,88.55077106093738,6.778012247664972,0.07807776972273696,2.047401216247511,1.98744806480078,221.43000500611393,6.074625033219277,8.80142550491774,0.07000000607196966,1.0,1.9978079031869937
54.0,1.0,128.35235273551962,89.12231169739218,6.7628144137,0.07562285350940001,2.047054471335466,1.9713760073372604,222.1610256828814,6.075266023199322,8.8564460819286,0.07000000532481221,1.0,1.99790106125652
56.0,1.0,127.25273449214191,89.60439889017545,6.75001617178091,0.07340422460168233,2.0452225436136557,1.9512742496608175,222.4281900337903,6.076048425578358,8.916545585196998,0.07000000484116531,1.0,1.9979661338475603
58.0,1.0,126.05581777374725,89.97879418846988,6.739235457423059,0.0713870556016964,2.0411945984806903,1.9272928493653738,222.25153354218077,6.076995677111729,8.977436993989498,0.07000000457133115,1.0,1.9980043492764037
60.0,1.0,124.77614204843688,90.2305179239722,6.730227862562751,0.06955256251859164,2.034399984138465,1.8995666978898291,221.6503758295443,6.078136394085828,9.035393903089036,0.07000000449013433,1.0,1.9980161435218287
62.0,1.0,123.42973228865331,90.34781071172844,6.722799824564965,0.067886593530518,2.02439656551412,1.868298869379554,220.65194728479372,6.07950230176702,9.086886613245277,0.070000004591378,1.0,1.998001458989166
64.0,1.0,122.03825482557232,90.33824369747272,6.7166524820892235,0.0663516588274301,2.01124996504856,1.8338331079738106,219.3052017181195,6.081123803881299,9.129880886730124,0.07000000486618974,1.0,1.997962662711969
66.0,1.0,120.61483128250599,90.18878941868414,6.711766299114545,0.0649565676922104,1.9946232662104764,1.7964498534172795,217.6384523852843,6.083038807604576,9.161227985079051,0.07000000535459772,1.0,1.9978971853840004
68.0,1.0,119.17891042197472,89.91475549804566,6.707915284798772,0.06366956632945513,1.9748758400149922,1.756576955076205,215.7045583153791,6.085280502686039,9.180154174952781,0.07000000608181534,1.0,1.9978067282669092
70.0,1.0,117.7446182378703,89.5190113511301,6.705036668016366,0.06248640559808222,1.9521125560419557,1.714619806403819,213.54376226420777,6.087884883594756,9.185196240393367,0.07000000711516208,1.0,1.9976898956641924
72.0,1.0,116.3267401823965,89.0096405214752,6.703058945510697,0.06139888766987711,1.926570437846387,1.6710372515168872,211.20101506079067,6.090883399290689,9.175376042978261,0.07000000854508759,1.0,1.9975456666553173
74.0,1.0,114.9357312238717,88.40180967910055,6.701882436209891,0.06039241258973057,1.8986701119822902,1.6262279108748103,208.71362605946175,6.094309084079659,9.151043307925864,0.07000001048639337,1.0,1.9973737521634845
76.0,1.0,113.5832408293487,87.70330195534368,6.701490898387005,0.059465895710520196,1.8686435206069545,1.5806456955850732,206.1210179918853,6.098184802305848,9.111552881183481,0.07000001311251092,1.0,1.9971723113702167
78.0,1.0,112.27671460589721,86.92710219196971,6.70183594600915,0.05861199178401965,1.8368470966640762,1.5346616636300705,203.45398241495664,6.102533072732138,9.057362679950359,0.0700000166458905,1.0,1.9969401836670357
80.0,1.0,111.0185761491534,86.08946458115145,6.7028376620602845,0.05781754159968912,1.8037094391019126,1.4885308011175638,200.73138966931637,6.107382339380671,8.989929181111657,0.0700000213675871,1.0,1.9966768257220977
82.0,1.0,109.82270579293663,85.19184216349454,6.704589704151594,0.05709714686692896,1.7692848743045035,1.4427648216916855,197.99723417450716,6.11271349802867,8.907682717979876,0.07000002770148517,1.0,1.9963789898678124
84.0,1.0,108.67959537333847,84.2552720114066,6.706928757263317,0.05642494124363505,1.7341051281688569,1.3973360757576203,195.24191807495373,6.118575708911898,8.814104809933228,0.07000003611826333,1.0,1.9960470433125035
86.0,1.0,107.60225024425492,83.28134589810726,6.709964816585752,0.055816427558427764,1.6982232195671938,1.3527014908607495,192.50610418276497,6.124926285844345,8.70789695442736,0.0700000473114808,1.0,1.9956780731443304
88.0,1.0,106.58327166209529,82.28291743872374,6.713601171208592,0.0552569242486037,1.6619598904484911,1.3088521911036142,189.78293046657154,6.13179440841944,8.591452068840693,0.07000006211410192,1.0,1.9952711640177132
90.0,1.0,105.62710360689844,81.26526522626341,6.7178766849179565,0.05475089830927128,1.6254590333526056,1.266018294207613,187.09178491604257,6.139148995603014,8.465048265639608,0.07000008162633864,1.0,1.994824354182318
92.0,1.0,104.73087462723056,80.23543526350167,6.722763599232802,0.05429380420827169,1.588903672167784,1.2242551516333209,184.4343419671475,6.146986188363791,8.330041150137482,0.07000010723421668,1.0,1.9943359774258431
94.0,1.0,103.89038700065262,79.19882823617453,6.7282266592054505,0.05388081324802647,1.5524323740947725,1.1835770944620505,181.80858926695163,6.155308990205148,8.187753748359192,0.07000014071249172,1.0,1.9938039638821636
96.0,1.0,103.10709581371775,78.15935934744988,6.734294847158922,0.05351461681082757,1.5161684052667002,1.1440989513386945,179.22419802331623,6.164078261660463,8.038875706872291,0.07000018428710719,1.0,1.9932263776010093
98.0,1.0,102.37490714434648,77.12048936108367,6.74092110010459,0.05318940237214147,1.4802023264908877,1.1057700925413103,176.67344666229795,6.1733051809140695,7.884756213441925,0.07000024081272072,1.0,1.9926005540990874
100.0,1.0,101.69204280868033,76.08469278162667,6.748107265060357,0.05290487794831233,1.4446187503595185,1.0686160607941093,174.15732789634234,6.1829694820484455,7.7262773829955504,0.07000031387445271,1.0,1.991923833795559
102.0,1.0,101.05752512675801,75.05407788502174,6.755870457607597,0.05266201459371158,1.4095050136789655,1.0326670964295057,171.67744604998146,6.193039107915053,7.564277418794083,0.07000040796688012,1.0,1.9911934492806735
104.0,1.0,100.46264914464048,74.02905072584062,6.764133497926947,0.052452752315682416,1.3748577812967129,0.9977975203372,169.21950926988765,6.203561458162331,7.39986639231322,0.07000052898980313,1.0,1.9904048057645003
106.0,1.0,99.90569112402358,73.01029782447455,6.772903950254288,0.05227730468495291,1.3407221096008626,0.964010450493782,166.78286347852892,6.214522693301539,7.233701166870272,0.0700006843046268,1.0,1.9895538248718085
108.0,1.0,99.38580776378846,71.99835540886845,6.782207033806368,0.0521371605579246,1.307149517693088,0.9313185972438524,164.36778152479883,6.225896292175165,7.0663908604050585,0.070000883215382,1.0,1.9886360949441573
110.0,1.0,98.89904989508614,70.99284644009892,6.792030219422791,0.05203004789557427,1.274146841667579,0.8996715186757291,161.9679844469056,6.237694736441164,6.898580808087469,0.0700011377635843,1.0,1.9876457968546466
112.0,1.0,98.44106975777628,69.99292902110095,6.802350441252148,0.05195291267654568,1.241698608977547,0.8690086725826319,159.5768318700356,6.249945518997518,6.730795101381788,0.07000146348054237,1.0,1.9865761230803407
114.0,1.0,98.00998083711724,68.99795951217695,6.813188116908709,0.051905910762128964,1.2098167176124222,0.8393117895513695,157.19130204191387,6.262648098746417,6.563462218852532,0.07000188024233256,1.0,1.9854197960368667
116.0,1.0,97.60187522208986,68.00671625243523,6.824524841814894,0.051886134713748595,1.1784716586890338,0.8105236525396575,154.80561558754422,6.2758398231286145,6.396929389267267,0.07000241391446038,1.0,1.9841680900745564
118.0,1.0,97.21456505320674,67.01813305730103,6.83637679942931,0.05189295792276801,1.1476541178911155,0.7826163132927044,152.41629809311252,6.289538641895808,6.2314811630082225,0.07000309794277548,1.0,1.9828114300842392
120.0,1.0,96.84533299345108,66.03098805138406,6.848746886879552,0.05192468055073618,1.1173397297213084,0.7555508247972759,150.01951167606703,6.303779158366435,6.067336505921683,0.07000397587132956,1.0,1.981338954925918
122.0,1.0,96.49218897439717,65.04407751157862,6.861657913039115,0.05198057361586736,1.0875109458037462,0.729299915045953,147.6121995771751,6.318589871532716,5.904671396812722,0.07000510451630171,1.0,1.979738470879272
124.0,1.0,96.15240002439619,64.0562861429725,6.875099623358378,0.052058116973231774,1.05813559520998,0.7038222498870566,145.19169342194223,6.334023964182321,5.743610142087307,0.07000655788311572,1.0,1.9779966957235953
126.0,1.0,95.82511171586698,63.0663693528897,6.8891390065871505,0.05215830762178282,1.029206494827451,0.6791085814940215,142.75562809964967,6.350099575058546,5.584264596867276,0.07000843363631915,1.0,1.976098084596794
128.0,1.0,95.50808827903627,62.07327140887631,6.903786010496571,0.05227909427494728,1.0006940450665858,0.6551248684100751,140.30201324849196,6.366874053698863,5.426700413790536,0.07001085955857844,1.0,1.9740259787353898
130.0,1.0,95.19935568726885,61.076351603785476,6.919032308368963,0.05241818070715722,0.9725782052339067,0.6318406221883299,137.83054200075406,6.384410536002403,5.270992826932466,0.07001400246407075,1.0,1.9717628019175215
132.0,1.0,94.89809137903588,60.07448559881058,6.934959067612832,0.05257613251874454,0.9448471861770443,0.6092454771601786,135.33936724536747,6.4027466190787,5.1171834169159025,0.07001808472489279,1.0,1.9692873459219227
134.0,1.0,94.60287177012307,59.067125298805436,6.951588547868233,0.052751500115215164,0.9174889594348519,0.5873174426708494,132.82853646629624,6.421945555437959,4.965331660464869,0.0700233975957667,1.0,1.966577712499087
136.0,1.0,94.31234746693146,58.05397915447982,6.96893349973215,0.05294259117240667,0.8904972321771468,0.5660352270707867,130.29881881724316,6.442078752308974,4.815509322227159,0.07003032402582399,1.0,1.9636104297539532
138.0,1.0,94.02590868409325,57.03404663155361,6.9871165862151745,0.05315031887367792,0.8638619673579465,0.545391177686974,127.74852603503467,6.463196616068092,4.667729014312095,0.0700393781920472,1.0,1.960356815356043
140.0,1.0,93.74229823657436,56.007528032975195,7.006134074713287,0.05337258208475652,0.837588063643913,0.525364052902917,125.17985416784333,6.485386155991627,4.52209552098067,0.07005122985127699,1.0,1.9567894503991798
142.0,1.0,93.46068044706485,54.97430480876113,7.026040881017918,0.05360869964447157,0.8116805559513516,0.5059400780672433,122.5937521678393,6.508727316628309,4.378689357678427,0.0700667695200079,1.0,1.9528769161443753
144.0,1.0,93.18027701669462,53.9343677569242,7.0468970266475575,0.05385807499719665,0.786147777222823,0.48710594285261866,119.9913508107033,6.533307627396453,4.237599013972992,0.070087176491195,1.0,1.9485850701838467
146.0,1.0,92.90035549908355,52.88780676400439,7.068768136415698,0.05412021286303643,0.7610009872362843,0.46884861660133875,117.3739225687657,6.559223445345528,4.098920196972244,0.0701140131435336,1.0,1.943876873463737
148.0,1.0,92.62021913628722,51.83479958825732,7.091726065648096,0.05439474098931956,0.7362539372407461,0.4511551907662416,114.7428447768536,6.5865814483055525,3.9627545251277465,0.07014934996924116,1.0,1.9387122142948199
150.0,1.0,92.3391982167226,50.775600300110625,7.115849671892938,0.054681438640412236,0.7119223814264449,0.434012753417925,112.09956742143896,6.615500407622408,3.8292077551299077,0.07019593121690382,1.0,1.9330477310182264
152.0,1.0,92.05661564932406,49.71046024463047,7.141242479954048,0.05498042763838639,0.6880213047036704,0.41740837261903724,109.44525284421879,6.646112877004184,3.69837883226387,0.07025739811773546,1.0,1.9268362713122924
154.0,1.0,91.77161851189427,48.63940699708282,7.168106514054492,0.05529282708226448,0.6645561174333185,0.401328694269647,106.77949966303727,6.678568067026375,3.5703280225351257,0.07033859997544467,1.0,1.9200254166561814
156.0,1.0,91.48372005111294,47.56334743025157,7.19644586720039,0.055618205733467256,0.6415609682369157,0.3857593633596701,104.10606292025598,6.713039561578666,3.445223701219964,0.07044590245747351,1.0,1.9125636112064501
158.0,1.0,91.19230541221987,46.48273815276124,7.226382191538833,0.055957576184135015,0.6190548124616458,0.37068682720031415,101.42646768397509,6.749719789413958,3.3231676686496403,0.07058776343796924,1.0,1.9043929775683333
160.0,1.0,90.89697555569634,45.39821431126806,7.257968816128026,0.056311741437104955,0.597063440866447,0.3560982248081375,98.74345621228858,6.788825433055258,3.2042783453157533,0.07077535242342625,1.0,1.895452648481664
162.0,1.0,90.59701002459826,44.3101098350878,7.291411713170615,0.05668331701998396,0.575597588703462,0.34197945194260043,96.05756174801961,6.830606892830181,3.0886175933695084,0.07102348157619143,1.0,1.8856757415849243
164.0,1.0,90.29125593795007,43.21866947251395,7.327096639925148,0.057077548172017864,0.5546574636891428,0.3283136495665481,93.36750999246262,6.8753608861502,2.976214934286432,0.07135175404693372,1.0,1.8749906124964575
166.0,1.0,89.97967338974671,42.12477959035605,7.365009418645862,0.05749687349740542,0.5342754680856471,0.3150893274643084,90.67785307391577,6.923409540335294,2.8671903819314632,0.07178589232952404,1.0,1.8633258329289726
168.0,1.0,89.66154411148105,41.028922453667924,7.405434419381032,0.05794795131095416,0.5144601565378824,0.3022918402934949,87.98942810767336,6.975134662080883,2.7615842674107496,0.07235985406402112,1.0,1.8506037163273035
170.0,1.0,89.33634351864251,39.931678116810886,7.448622046259028,0.05843886584278575,0.4952229292039841,0.2899077182234596,85.30399640158316,7.0309719800960675,2.6594381020310145,0.0731182425871375,1.0,1.8367438324240397
172.0,1.0,89.0031910963735,38.83363861429643,7.49502216150345,0.058983415852398406,0.4765671375220042,0.2779213008804422,82.62203349804388,7.091433213654782,2.5607696836195633,0.07411946654138246,1.0,1.8216638229789663
174.0,1.0,88.66219837017998,37.73548034796771,7.544738930087353,0.05959268758005886,0.4585095047573962,0.26632391605912986,79.94767092819873,7.1570787535247495,2.4656137954136526,0.07543991138324468,1.0,1.805278395974712
176.0,1.0,88.31298716617891,36.63779565599278,7.598119233342222,0.060284254371638556,0.4410538446064426,0.2551042905539607,77.28302073795747,7.228567026588082,2.3739674455520836,0.07717910181156307,1.0,1.7875007070977424
178.0,1.0,87.9542194260921,35.54145096219484,7.656082333517193,0.06109601806144526,0.4241918009130575,0.24424490029098478,74.62742517583492,7.306681377824227,2.2858106282833432,0.07946514354707634,1.0,1.7682514521565622
180.0,1.0,87.58656291243922,34.447118917065666,7.71869783268733,0.06205184639966661,0.40793578812456854,0.23374291811013065,71.98666320632763,7.392252380601885,2.2011377066503135,0.08246404736656898,1.0,1.74744481143975
182.0,1.0,87.20987673711292,33.355572790045706,7.786478248885952,0.06319174756415373,0.3922842440594226,0.22359064752274535,69.36382796809137,7.486252481962438,2.1199147091133046,0.08638791636697807,1.0,1.7250019428415337
184.0,1.0,86.82326264191481,32.268129941932436,7.860620273334535,0.06459428875257024,0.3772284778429719,0.21377657434358402,66.7604284132142,7.589786241016136,2.042108182711879,0.0915022124640712,1.0,1.700866390585702
186.0,1.0,86.42746857223919,31.18569895808798,7.941505264469985,0.06632221624965505,0.36277056896207777,0.20430128451277987,64.18255244267739,7.704039177326656,1.9676741956499182,0.09814208283787806,1.0,1.6749772671588858
188.0,1.0,86.0229695990848,30.10934399968767,8.029758000374006,0.06845711229041383,0.34890637987910744,0.19516408320888234,61.63548508313132,7.830332175196463,1.8965565926585324,0.10672121767529097,1.0,1.6472899430891057
190.0,1.0,85.60968778923454,29.04104128250646,8.126881892859688,0.07115159380912305,0.3356278890716186,0.18636360886555736,59.12409541321157,7.970044685445675,1.8287138526347722,0.11772945195027007,1.0,1.6178090889152197
192.0,1.0,85.18883162989393,27.982308685281577,8.23362290624271,0.07454363837963525,0.32293160839297774,0.1779069297388162,56.656267352459295,8.124605970554049,1.764084584205829,0.1317498298265054,1.0,1.5865450372500782
194.0,1.0,84.76160643662709,26.93508495447228,8.351018893995287,0.07881109561328345,0.31081148385597984,0.1698019943089995,54.24015478962376,8.295434679159237,1.7026077013556655,0.14944260357484973,1.0,1.5535504844356018
196.0,1.0,84.32960075153238,25.901747221808982,8.480252437318455,0.08417477627358301,0.2992616899558157,0.16206039593322616,51.88524802700987,8.48381486760822,1.644224900993522,0.17151924464470736,1.0,1.5189288420017737
198.0,1.0,83.8949408670156,24.885042004464296,8.622497716859122,0.09089012091858677,0.2882769762708495,0.15469745564398762,49.60250579613677,8.690764560266688,1.5888782969412585,0.19869668224320525,1.0,1.482838664477062
200.0,1.0,83.4604121755459,23.888657093710723,8.779213594809411,0.09928382680678442,0.2778544844853941,0.14773490344754928,47.40529827144549,8.916709574914739,1.536525340986035,0.23159678123376704,1.0,1.445529227243453
202.0,1.0,83.02931521107551,22.915414025851412,8.950839447114777,0.10959774270824693,0.26798806868713204,0.1411891356859404,45.305850088242046,9.161741222817248,1.4870904294794123,0.27072621400405816,1.0,1.407254081030269
204.0,1.0,82.60595475495508,21.970404029408932,9.138697064547275,0.12221443631215888,0.2586788064286846,0.13508950648745086,43.32104684298666,9.424500662332868,1.440548650034473,0.31620256860273965,1.0,1.3684351738230789
206.0,1.0,82.19510038076824,21.057919420035947,9.34292886334145,0.13738968492689302,0.24992457417168792,0.12945709557841978,41.4657781187666,9.70279752155135,1.396845326893855,0.36778301258107693,1.0,1.3295037129116394
208.0,1.0,81.80214823513403,20.182909800388078,9.563328904002603,0.15533895276796014,0.2417250973436698,0.12431245647828967,39.75528943859148,9.99299313864928,1.355936242880584,0.42470045807202483,1.0,1.2909707573867166
210.0,1.0,81.43288245615044,19.35050247136748,9.79898882503943,0.17617499942333778,0.23408038500382414,0.11967120079592053,38.20358387558239,10.290034891758589,1.317777521132708,0.48566081755081336,1.0,1.2533923063759902
212.0,1.0,81.0934188183539,18.56611403246366,10.048259778358569,0.19989383309998987,0.22699164050151058,0.11554442811451988,36.82333094635245,10.587387676004354,1.282331101236105,0.5488784597648709,1.0,1.2173636271697228
214.0,1.0,80.78991839892412,17.83516569524071,10.308578145841384,0.22634233996514394,0.22046052100381724,0.1119365216715786,35.62480985140127,10.87730929196732,1.2495613019719727,0.6122281277472397,1.0,1.1834866637520662
216.0,1.0,80.52743350787826,17.1617289736204,10.576344496625365,0.25517344801563485,0.2144826609708336,0.10883567177277827,34.61198747577836,11.152036826419556,1.2194068523629413,0.6735977169539831,1.0,1.1522670199978238
218.0,1.0,80.31070555433442,16.549916322795266,10.847322497433389,0.28593844381113653,0.2090552499740779,0.10622700940216165,33.78681854351932,11.40345986076791,1.191817750446031,0.7309247018029188,1.0,1.124184924006464
220.0,1.0,80.1440731532366,16.00380300250534,11.116544489053664,0.3180880527759291,0.20417767875133175,0.10409303763756304,33.14921502915717,11.6236060840852,1.1667573065416565,0.7823462593063613,1.0,1.0996777715437196
222.0,1.0,80.02942698091147,15.524893906743879,11.37866413314251,0.3509688199578258,0.19983819940159717,0.10239842055318961,32.690790551642515,11.80689770088499,1.1441450532635074,0.826634211583759,1.0,1.0789706278187847
224.0,1.0,79.96683355727023,15.125270532807587,11.628218554855811,0.38368089447338716,0.19602003791320713,0.10110774147055741,34.73041388715398,11.934149177393943,1.1238874421989697,0.8421128451470803,1.0,1.071804494080641
226.0,1.0,79.95432849568886,15.080466893626577,11.845121873777021,0.41102952218276556,0.19284539572643591,0.1002495853558851,38.1152070365921,11.853882956669501,1.106686800375833,0.7657874623636352,1.0,1.1075091986856112
228.0,1.0,79.97665188450948,15.342585020959636,12.00612213301286,0.43097807252640863,0.19056864201212784,0.09962155804413238,38.872766666726164,11.682045641525137,1.0940807004367796,0.7063931686608049,1.0,1.1360916489070398
230.0,1.0,80.01590229602341,15.574341228963036,12.118486907007172,0.44673278451187143,0.1890969316171046,0.09901195095852951,38.25876000647816,11.5618190009331,1.0856741485770725,0.6875393590509403,1.0,1.1453522505456668
232.0,1.0,80.06184584718761,15.652698833109119,12.20097212517035,0.4609730262838012,0.18813004045286996,0.09835605876071868,37.43720275481921,11.515342825353708,1.0798804869445275,0.6929061114494571,1.0,1.1427059294705706
234.0,1.0,80.11103946866716,15.610120095135338,12.267922349696168,0.4748796360140815,0.1874139498517183,0.09767065269810948,36.87020172694733,11.515312804030378,1.0753393648468998,0.7064065672073103,1.0,1.1360851029950731
236.0,1.0,80.16314477707,15.514710183298137,12.326661649407802,0.48867268763840915,0.1868094052410203,0.09699156895217553,36.580079392447,11.53213425298115,1.0713125504970362,0.7194576568753744,1.0,1.1297315217581283
238.0,1.0,80.21850947052181,15.412664495998545,12.379553214600447,0.5021988436120947,0.18626714192707255,0.09634465664189763,36.4454511746972,11.548975045371556,1.067551359672982,0.7296498849532487,1.0,1.1247999556251613
240.0,1.0,80.27716306029522,15.322050938981958,12.426910706817944,0.5152848732304633,0.1857789500666294,0.09574075271298964,36.35506087319103,11.560500808298759,1.0640292345684843,0.7376156145170818,1.0,1.120963272327771
242.0,1.0,80.3387507196821,15.243766044264706,12.468708694306937,0.527854229623517,0.1853462635114106,0.09518080674225216,36.25324811473636,11.567448853141677,1.060768595382024,0.744640106017446,1.0,1.1175922254121553
244.0,1.0,80.40276215084315,15.172976078905357,12.505188950908193,0.5399131235026541,0.18496767567527098,0.09466208560590676,36.128394171035,11.57208956624164,1.057772536843384,0.7515968937987296,1.0,1.114264624319521
246.0,1.0,80.46868534562851,15.105262341204394,12.536969849846711,0.5515147675424028,0.18463653962276033,0.09418078851577898,35.98735950524053,11.576092545493355,1.0550130178869388,0.7587967763539736,1.0,1.1108318320662578
248.0,1.0,80.53618064752558,15.0385020301576,12.564647399138448,0.5627041603821055,0.18434554095883196,0.09373516652715345,35.84220971768315,11.580092576081519,1.0524554041392964,0.7662118830975231,1.0,1.1073077963485607
250.0,1.0,80.60499836265015,14.972285490651439,12.588858064087711,0.5735235802483869,0.18408700136200265,0.09332347776200732,35.69948089038798,11.584064403127979,1.0500620081770604,0.7736976201757386,1.0,1.103761469485458
252.0,1.0,80.67498858821529,14.90698158791328,12.610104324234353,0.5840011321689575,0.18385504805698843,0.09294450851289499,35.561465807790654,11.587746701537167,1.0478037481333722,0.7811298113647,1.0,1.1002512964330808
254.0,1.0,80.74605444438025,14.843034124689783,12.628779746367728,0.5941576418120615,0.1836454260570001,0.0925969601276479,35.42712448071207,11.590905539493786,1.04565954099382,0.7884403331598818,1.0,1.096808673576484
256.0,1.0,80.8181599844456,14.780760770013966,12.64512695174613,0.6040012666544208,0.183455632705204,0.09228042522909309,35.29760020658241,11.593381306122613,1.0436169347026016,0.7955992815145807,1.0,1.0934467531157952
258.0,1.0,80.89127868200974,14.72028296881699,12.659360265660029,0.613541337313063,0.18328369731771676,0.09199408599946864,35.17324631496858,11.595103027879267,1.041666024488313,0.802600327305192,1.0,1.090167569013295
260.0,1.0,80.965354955417,14.661526624642233,12.671735311483893,0.6227984498521077,0.18312747126447268,0.09173571291034523,35.049811221708914,11.596089285455468,1.0397959293737022,0.8094527291583724,1.0,1.0869659142797092
262.0,1.0,81.04043070528839,14.604525420844974,12.682315605775281,0.6317682657296791,0.18298645208070127,0.09150586014407856,34.93322092182404,11.59629555321863,1.0380036894401146,0.8161491563843373,1.0,1.0838444057235008
264.0,1.0,81.11644782238047,14.549120898055548,12.691335072352294,0.6404755592038143,0.18285876499397236,0.09130173578139901,34.81689696313395,11.595780684025666,1.036279594657496,0.8227008600690451,1.0,1.0807970505733893
266.0,1.0,81.19343893344056,14.495308690279282,12.698861163748008,0.648921345643325,0.18274392444426615,0.09112321373405015,34.7042467452355,11.594523190307331,1.0346206356459486,0.8291024112091554,1.0,1.0778256850315184
268.0,1.0,81.27141732979021,14.443050381999216,12.704987915263848,0.6571125820812986,0.18264123645685246,0.09096946338476235,34.595901835555246,11.592523393580215,1.0330227654043789,0.8353529710200415,1.0,1.0749300472630325
270.0,1.0,81.35038025068542,14.392281035625402,12.709822790862024,0.6650603929509704,0.18254989673723096,0.09083916196061569,34.49029616302757,11.589800149214879,1.0314814224212006,0.8414558428003038,1.0,1.072108003459383
272.0,1.0,81.43029903515456,14.342904607800362,12.713483112290142,0.6727803096656596,0.18246898830746008,0.09073052323400835,34.38207674696101,11.586395650078703,1.0299916414600583,0.8474190032097377,1.0,1.0693553164890433
274.0,1.0,81.51129789630158,14.295035325444113,12.715905543086738,0.680254580549805,0.18239918839824298,0.09064537552157761,34.285855653143884,11.582225397360055,1.0285557601087518,0.8532261527016811,1.0,1.0666789901898481
276.0,1.0,81.59331727481114,14.248529808461182,12.717230526933834,0.6875052581722533,0.18233936668597137,0.09058120355753978,34.19254389956285,11.577363314044598,1.0271678814306693,0.8588916220494303,1.0,1.0640719334194264
278.0,1.0,81.67634076959413,14.203313568801667,12.717533833166318,0.6945434647372379,0.18228893864613221,0.09053671327053273,34.09871309278835,11.571844531070345,1.0258247162941885,0.8644219839865279,1.0,1.0615306901364567
280.0,1.0,81.76037471510782,14.15934689142935,12.716859050267605,0.7013748202373751,0.18224759529347095,0.09051121682724768,34.004096349705456,11.565684596745685,1.0245242761218618,0.8698199049876163,1.0,1.0590536418635963
282.0,1.0,81.8454235964376,14.116591199799515,12.715246001935629,0.7080047525492416,0.18221505278026132,0.09050405428648095,33.908426843957734,11.55889995710504,1.023264730060622,0.8750881012268625,1.0,1.0566391805154247
284.0,1.0,81.93157336063359,14.075102923684934,12.712659856007669,0.714423561126474,0.18219172797797759,0.0905161313943491,33.82328147070418,11.551446409014599,1.0220472624022587,0.880217882814208,1.0,1.0542909470588697
286.0,1.0,82.0187560327694,14.034763812996967,12.709198640895444,0.7206493209465573,0.18217678177634022,0.09054547088955794,33.739264251816635,11.543394593608772,1.0208677199187335,0.8852218591266485,1.0,1.052002854368
288.0,1.0,82.10697782588143,13.995547910874114,12.704888189042352,0.7266855828223073,0.18217004274785614,0.09059162262956519,33.65755324268606,11.534757181096733,1.019724880880025,0.8901016101597667,1.0,1.0497738974117372
290.0,1.0,82.19623319149301,13.957420251450715,12.699760719938624,0.7325374270299573,0.1821712741146012,0.09065398430440656,33.57807217225699,11.525554147405414,1.0186172927738326,0.8948599486930512,1.0,1.0476025313107327
292.0,1.0,82.28651390219927,13.92034753302431,12.693846940684347,0.7382097808816251,0.18218024889663353,0.09073197610835443,33.500767323459456,11.515805800495635,1.0175435941166349,0.8994995353568387,1.0,1.0454873033998726
294.0,1.0,82.37780904333955,13.884297981381108,12.687176330021774,0.7437074256658364,0.18219674826920565,0.09082503904243112,33.42553588312679,11.505532769264441,1.0165025060631185,0.9040231569022468,1.0,1.0434267244547755
296.0,1.0,82.4700217666143,13.849159787451264,12.679836810819,0.749048273430179,0.18221995307793895,0.09093136274989388,33.338228014017346,11.494810848911477,1.0154904191160163,0.9084432676258452,1.0,1.0414149262480201
298.0,1.0,82.56329354142885,13.815059764475635,12.671742162756482,0.7542115653937088,0.18225081227563153,0.09105286226031768,33.264980062882294,11.483556217356474,1.0145107974086205,0.9127431013838152,1.0,1.039459356032201
300.0,1.0,82.65753018829355,13.781895597503782,12.662974370899722,0.7592138365327813,0.18228856873544846,0.09118785488492932,33.193259142190726,11.47184042197709,1.013560349740339,0.9169343199670819,1.0,1.0375545364240113
