t,u,glucose_mgdl,insulin_mU_L,glucagon_pM,GammaHGP,GammaPGU,GammaHGU,Secr,GammaPCR,MIPGU,MIHGPinf,MCHGP,MIHGUinf
-30.0,0.0,89.08117744953643,13.10483870967742,11.48,0.8611095785864007,0.1930554845416145,0.11110892574554117,31.907165999520554,10.446799131444001,0.9928590470346963,0.9999992540156787,0.9999993377001946,0.999999783498902
-28.0,0.0,89.08346326949736,13.104840450789222,11.480009577684218,0.8611108036287101,0.19306983343973003,0.11110828677231972,31.92727104067857,10.446821500765921,0.9928590109953674,0.9998819554690489,1.000000098860162,1.0000526498479871
-26.0,0.0,89.08645786355012,13.107569069687885,11.479882960771354,0.8610573647578023,0.19308236845373114,0.11111012363519861,31.960693543974028,10.445001275078793,0.9928639574118616,0.9987321963417395,0.9999901508924497,1.000570856654496
-24.0,0.0,89.08928016573306,13.112395161008017,11.47941235210545,0.8609219706763064,0.19309686937827134,0.11111430294325604,31.9594186199526,10.442811247880252,0.9928882287981065,0.998066731545475,0.99995341719339,1.0008707973543212
-22.0,0.0,89.09168037635695,13.11561398621039,11.478731686368484,0.8607605383446756,0.1931128231540754,0.1111172987791527,31.947392406892952,10.441606450101537,0.9929274461178998,0.9979701993380146,0.9999008039133871,1.0009143073071547
-20.0,0.0,89.0936135309715,13.116612530083904,11.478041509133451,0.8606153106790772,0.19312783467178682,0.11111813629102314,31.935496348836914,10.441372375235174,0.9929685702601718,0.9981685770438812,0.9998482403195438,1.0008248927103813
-18.0,0.0,89.09513480087034,13.11613275891872,11.477468980278163,0.8605037923985718,0.1931401870034941,0.11111741151502438,31.92783008012925,10.441689896572184,0.9930021721066966,0.9984402649721731,0.9998056683231218,1.0007024361228345
-16.0,0.0,89.09633863606331,13.115093691106972,11.477052796093728,0.8604256142136297,0.19314938276970184,0.11111612279676218,31.924508506714766,10.442158294406397,0.993024922058348,0.998662599056219,0.9997759512772919,1.0006022254556166
-14.0,0.0,89.09732385344633,13.114098606314052,11.476767492004848,0.8603712099455532,0.19315592615500074,0.11111499548550365,31.923880054400318,10.442551903737057,0.9930383356180661,0.998803886347881,0.9997568743976996,1.0005385447069695
-12.0,0.0,89.09814970113422,13.11338837757398,11.476576737839636,0.8603320609053435,0.19316046408917484,0.11111434646918392,31.924438853729935,10.442798728585963,0.9930449900648126,0.9988749944720862,0.9997454348717564,1.0005064951058424
-10.0,0.0,89.0988579393982,13.112975525983964,11.476443234012232,0.8603013862838733,0.1931636852240191,0.11111419777052152,31.925126828033136,10.442916100197309,0.9930476854880057,0.9989038975288467,0.9997385943574658,1.0004934680460584
-8.0,0.0,89.09947291957556,13.112767534427988,11.476341386038804,0.8602754109370513,0.19316609251261713,0.11111442149974184,31.925490945323006,10.44295392920462,0.9930484207753825,0.9989153232919729,0.9997342787441403,1.0004883182796012
-6.0,0.0,89.10000877437851,13.112660246167685,11.476257598324137,0.8602526236238994,0.19316798563902984,0.1111148613825557,31.925492615833782,10.442958316692485,0.9930483001264312,0.9989239813324708,0.9997313855598509,1.0004844159695245
-4.0,0.0,89.10047854500789,13.112583306013748,11.476185848410903,0.8602325332425509,0.19316953122038097,0.11111539735547124,31.92527615958716,10.442956631988752,0.9930477941971434,0.998935075771931,0.9997294234019078,1.0004794155392693
-2.0,0.0,89.10088489635638,13.112504452677396,11.476125554582424,0.8602154078019122,0.19317077338435562,0.11111596540583099,31.924991239044285,10.442959927460555,0.9930470048301485,0.9989487360823497,0.9997283297103398,1.0004732586352056
0.0,0.0,89.10124420887853,13.11241851006503,11.476074497711759,0.8602007603302263,0.19317179321168182,0.11111653547646975,31.924740446564755,10.442967841146709,0.9930459929313749,0.9989627545690305,0.9997279236112294,1.000466940298914
2.0,0.0,89.26896229556966,13.773857144381227,11.451693001535363,0.8340918743466179,0.19332502560523465,0.12247105040745845,88.08465544318369,9.81115224626874,0.9936750622135344,0.44253287347242054,0.9978120031987031,1.2796355738864085
4.0,0.0,90.55818168161889,21.058081754637467,11.151751376662366,0.7210541835217307,0.19729607017910245,0.17184748480639336,182.39945088065483,7.519762859326796,1.0113880103173898,0.07321120830412631,0.97421404265421,1.8352125964786543
6.0,0.0,93.22473799867595,35.58918594716457,10.639202196142,0.5944724887847449,0.2140776006902782,0.2664320776946521,240.15262124542414,6.710936720345769,1.0875913382742013,0.07001381564768483,0.9338797087913485,1.9718871463891943
8.0,0.0,96.94329644151591,51.651867690472315,10.127730297184549,0.48509986292719903,0.2529270327704198,0.40945094625545975,264.7195378666018,6.426464457894923,1.2636311977933774,0.07000020508171256,0.8937504557673163,1.9929828755435288
10.0,0.0,101.31893827288602,65.40869716574299,9.65732100317485,0.3964833796894395,0.32422530959969004,0.5930055308063398,270.20578355689236,6.265503818963459,1.58251948946904,0.070000012805842,0.8570942386527214,1.9971943531504586
12.0,0.0,105.97643735107232,75.70271541305239,9.237076776274234,0.3266171627676972,0.4387517025323131,0.7963593924142912,267.23592790160774,6.176724276934263,2.0844008625433004,0.0700000024662848,0.82471558708734,1.9983727975326926
14.0,0.0,110.58941916399043,82.81585591726773,8.86862866049,0.2720157348544603,0.6019716767283332,0.99680192946865,261.4545694427347,6.129587784896267,2.782816718497929,0.07000000101764292,0.7967959771171712,1.998785856858104
16.0,0.0,114.89804808543786,87.46845810890959,8.549304072699309,0.22926685551819934,0.8073041125428101,1.17907394860158,254.9307984312121,6.104646370209549,3.6416966162754805,0.07000000068645873,0.7731403353413635,1.9989341228473092
18.0,0.0,118.723502686781,90.33370162374298,8.274437068550828,0.19559939153371755,1.0353012573147788,1.3366557818950606,248.20666269560115,6.091203963557306,4.57859298133615,0.07000000063904555,0.7533677114004289,1.9989590631550964
20.0,0.0,121.97609873996218,91.91151766884602,8.03878343243489,0.16891282103453265,1.2610806944089503,1.4689279604542047,241.45626630805447,6.083739292923809,5.496457100505566,0.0700000007385222,0.73703352543379,1.9989080309417449
22.0,0.0,124.64669333915042,92.55710255623814,7.837229987551615,0.147634124319889,1.4640986724395793,1.5782349760920826,234.8758668357145,6.079445915896918,6.318706012224586,0.07000000098393899,0.7236941543570331,1.9987993094461551
24.0,0.0,126.78142065385522,92.53422696554838,7.665094152844998,0.130571258625283,1.6332420734977398,1.6679664298315944,228.67247446451924,6.07688665277593,7.004844012411008,0.07000000142826313,0.7129364362581777,1.9986417865751807
26.0,0.0,128.45213738890982,92.04786275907385,7.5182157108282395,0.11680675079154747,1.7661240905719895,1.7415225504055705,222.98705524349978,6.075311414716238,7.546181371043727,0.07000000216400903,0.7043885312366844,1.9984416722837743
28.0,0.0,129.73385209386356,91.25745155242599,7.392964850267905,0.10562827837606206,1.8656951742414531,1.8018492611867398,217.87846579216918,6.074318698336204,7.953425069348573,0.0700000033195165,0.6977227453674824,1.9982047669242413
30.0,0.0,130.6929464605697,90.28313325043868,7.286200872688419,0.0964810802909402,1.9370751119378533,1.8513089264187108,213.33826219679534,6.0736872726679225,8.245596847781258,0.07000000505364579,0.6926533585147826,1.9979370331884627
32.0,0.0,131.38345258561841,89.21143969495037,7.195224595974616,0.08893378124309236,1.9856049598847247,1.8917110361809868,209.32166186494015,6.0732916595754665,8.443164895701281,0.0700000075462579,0.6889333928943159,1.9976445152392532
34.0,0.0,131.8478716595712,88.1019616685652,7.11772046761015,0.0826512120534374,2.0159928355780874,1.924409423902781,205.76906382880193,6.073058768832367,8.564848145241351,0.07000001098528341,0.6863501155531424,1.9973330756940813
36.0,0.0,132.11944249057746,86.99403561171634,7.051709957089506,0.07737336152958361,2.0320847216501585,1.9504043223966927,202.62110780667638,6.072945215626052,8.626538991092472,0.07000001555216184,0.6847212622059746,1.9970081790410326
38.0,0.0,132.22469647284007,85.91310150837953,6.995499571165687,0.07289787318047641,2.0369334011011566,1.970438132421,200.94691273024986,6.072924988439171,8.641312716292768,0.07000002123526894,0.6838906602864948,1.9966836438414486
40.0,0.0,132.18509951873114,85.11795388841304,6.947649302546892,0.06906750524817762,2.033520889690872,1.98507447285473,204.83494394925577,6.072980538192822,8.622277427969046,0.07000002218994861,0.683725440122125,1.9966350723714865
42.0,0.0,132.01481154366417,84.93610323361743,6.906941536451063,0.06576037415802233,2.026906744441553,1.994748277078077,208.27172156276137,6.073102131298996,8.592162992952064,0.07000001980516535,0.6841131700430046,1.996759218577568
44.0,0.0,131.71828439546277,85.17521781662913,6.872293583162764,0.06287783204496207,2.020979846508582,1.999809407082127,211.28513866441156,6.0732883922134455,8.569722248649907,0.07000001665517708,0.6849548399099868,1.9969396193313913
46.0,0.0,131.2929537997376,85.6555435030668,6.842828717207235,0.06034710041827718,2.0172110203812856,2.000481139986997,213.88080572005245,6.073543224432107,8.56362016615984,0.07000001366553832,0.6861699233393823,1.9971334196046233
48.0,0.0,130.7354788875823,86.25962501462955,6.817797828105181,0.05811207333682762,2.0156806690146567,1.996911230034419,216.05189193169284,6.073874231305734,8.576233768636378,0.07000001117703403,0.6876898448047877,1.9973177707236318
50.0,0.0,130.04519965906383,86.90814589313045,6.7965508562586425,0.05612808188141593,2.015760676841349,1.9892004778104277,217.78719829469975,6.07429218754845,8.606302586459595,0.07000000924897698,0.6894557155204732,1.9974805709502792
52.0,0.0,129.225127091289,87.54537478334464,6.778533984864315,0.05435947274273931,2.016524358274102,1.9774187186093266,219.07642614400478,6.074811060592761,8.650646748226547,0.07000000782372084,0.6914178448022238,1.9976162186690407
54.0,0.0,128.2801891552442,88.12983316784745,6.763318643718152,0.05278154183087492,2.016967238197045,1.9615945209246692,219.9097595638097,6.075448969450299,8.705315813770651,0.07000000681735341,0.6935366768645176,1.9977223315637882
56.0,0.0,127.22380128195418,88.6341618639748,6.750443297930911,0.05136321048138404,2.0161898693037505,1.9418561550027813,220.29671438664724,6.076225102737045,8.76579046200884,0.07000000614297197,0.6957740139556757,1.9977994586169652
58.0,0.0,126.06765888370381,89.03677931264892,6.7396070284220455,0.050087241908436574,2.013421582597558,1.9182854520819819,220.24503030776725,6.077163972879275,8.828024047237497,0.0700000057422494,0.6981028398205223,1.9978480092668853
60.0,0.0,124.8249341537904,89.3202090204235,6.730575172802821,0.04894137745729513,2.0080111735463437,1.8910026924085597,219.7690398864034,6.078294036394182,8.88812926441702,0.07000000558113428,0.7005009950859146,1.9978681692857558
62.0,0.0,123.51376529966193,89.47680668933499,6.723088022732688,0.04790735216385172,1.9995756312258308,1.8602444095143742,218.90024641191883,6.079644675658009,8.942692876538233,0.0700000056376815,0.702947648113272,1.9978610497957754
64.0,0.0,122.15023383394922,89.49767738455917,6.716997788586041,0.04697788100713728,1.987782049962399,1.82626562788655,217.66918556640388,6.081249414900432,8.988511785862995,0.07000000591994815,0.7054277027581666,1.997826208580327
66.0,0.0,120.75499439659235,89.39341203030729,6.712047151225819,0.046128515110192655,1.972813568391718,1.7894460662397236,216.12573218417657,6.083139674901493,9.024070641939069,0.07000000643060966,0.7079264559157674,1.9977659019925489
68.0,0.0,119.3419041970984,89.1605229175993,6.7081785587795135,0.045358843876062614,1.9545848436072237,1.7501198104094329,214.30388282013047,6.085352564636942,9.047195504454233,0.07000000722152433,0.710435511899121,1.9976785317412067
70.0,0.0,117.92719802232382,88.80678275646437,6.705274789184305,0.044658710475522126,1.9333008072045244,1.708707924088271,212.2486689523445,6.087921831927889,9.056693742333954,0.07000000835427156,0.7129466310546284,1.997563928573437
72.0,0.0,116.52402139486244,88.34154860688396,6.703248202014242,0.044020626047482254,1.909232842010922,1.6656197846590013,210.0003358154044,6.090881790371149,9.05195374668958,0.07000000992096345,0.7154542107285635,1.9974214521508078
74.0,0.0,115.14557521402108,87.77245271533033,6.702054637902293,0.04344139631844481,1.8826110192429895,1.6213022132255666,207.60027635625772,6.094261061596821,9.032144346527751,0.07000001205721196,0.7179535484179396,1.9972496873058487
76.0,0.0,113.80113967643742,87.11291303973161,6.701623967258772,0.04291380190969559,1.8538143727033585,1.576140707504448,205.08287193089728,6.098088524983949,8.997580731812445,0.0700000149363269,0.7204419130451856,1.9970478834502776
78.0,0.0,112.49820955562333,86.37600134762839,6.701902639916194,0.04243195091261504,1.8232063518768264,1.530491909211424,202.4783435450764,6.102389612936487,8.948760078639337,0.07000001879034912,0.7229175416763808,1.9968150934770852
80.0,0.0,111.24755407816272,85.5667009231634,6.702924839722894,0.042000480879280294,1.7909388715421213,1.4847945866892602,199.8234349842131,6.107169669927425,8.884851072221235,0.07000002395969807,0.7253779527038279,1.9965486116293425
82.0,0.0,110.047113342284,84.70451115250478,6.704574735804384,0.041605659579365586,1.7575259731731108,1.4391923631758963,197.12690241649457,6.112462266681027,8.808296174869481,0.0700000308297053,0.7278244607841063,1.9962486152205918
84.0,0.0,108.90546199845329,83.79420572800201,6.706900528868775,0.04125279153308061,1.7231017492035048,1.3940549459602853,194.4194388056533,6.118258007093198,8.718591712585535,0.07000003996736726,0.7302553820010558,1.9959124762007407
86.0,0.0,107.82193285705866,82.84709694854382,6.70985820542728,0.04093682845583757,1.6879613140506438,1.349536235391861,191.71088198553,6.124568744968035,8.617140128270803,0.0700000520727937,0.7326714432608078,1.9955388924105595
88.0,0.0,106.79948618249166,81.87065130370254,6.713457902025072,0.040658292257733764,1.6523030016772613,1.305849458981579,189.01806244130285,6.131382649336277,8.504553693026784,0.07000006806371895,0.7350723171442611,1.9951260180508035
90.0,0.0,105.83732625617854,80.8728964049296,6.717681916135186,0.04041489716993139,1.6163384327887336,1.263110765398882,186.3485257178368,6.138694940609576,8.382009788652269,0.070000089105406,0.7374584412476121,1.9946722126275842
92.0,0.0,104.93357358959459,79.86052935565338,6.72251091960257,0.04020444795549088,1.5802451991215876,1.2213977666723856,183.70650447842502,6.146500730668008,8.250704358566505,0.07000011668739514,0.739830313390188,1.9941756332505927
94.0,0.0,104.08796713369959,78.8387601075479,6.7279495799041875,0.04002695800969657,1.5441699667849296,1.1808049767718465,181.09889096425502,6.154779389824509,8.111564348378987,0.07000015270077631,0.7421878398720819,1.9936343091689503
96.0,0.0,103.2962168027982,77.81227608838363,6.733965589345909,0.039879406970654965,1.5082400438807877,1.141331926289265,178.52293670237356,6.163532263086466,7.965892599549764,0.07000019955348025,0.7445317459818501,1.9930459316840807
98.0,0.0,102.55643629724334,76.78448664802696,6.740555881108339,0.03976132403381196,1.472559569817881,1.1030138154736278,175.98033621076783,6.1727430907105925,7.8146497163697335,0.07000026028942963,0.7468620243955172,1.9924080149239718
100.0,0.0,101.86564542190159,75.75807757164635,6.747708816092827,0.039671576332946844,1.4372142254170264,1.0658532963979537,173.46971418360633,6.182401966569651,7.6588363128851755,0.07000033876758716,0.7491788414404431,1.9917176985213312
102.0,0.0,101.22046915554837,74.73498877139254,6.7554106850626185,0.03960889008668705,1.4022715933203005,1.0298361733366277,170.98818556027874,6.192503175568358,7.4994063291595685,0.0700004398855032,0.7514824190652197,1.990971673538988
104.0,0.0,100.61968724805129,73.71676620699536,6.763677692347567,0.03957407139285442,1.3678034899865086,0.9949807810187905,168.5364825212419,6.203019806252872,7.337129529844232,0.07000056979727298,0.7537723076779748,1.9901665202134178
106.0,0.0,100.05560072053987,72.70358629724909,6.772442169255886,0.03956216154195989,1.333806782512152,0.9611779631056804,166.10245024150743,6.213997469758459,7.172985703972628,0.07000073654497396,0.7560501707484887,1.9892970924215352
108.0,0.0,99.52771156587553,71.69606673775772,6.781733194310194,0.03957468537474961,1.3003354412277615,0.9284478479049698,163.687113384243,6.225409817707691,7.0075523069918635,0.07000095015684726,0.7583154943780397,1.9883588292545082
110.0,0.0,99.03535902695829,70.69450989636621,6.791589046500742,0.039613303373180475,1.267440285336292,0.8968010053622677,161.29006125266082,6.237227098804304,6.841411344832439,0.0700012234055607,0.7605678328664917,1.98734646660152
112.0,0.0,98.57027279533243,69.69756426032171,6.801922958335438,0.03967210780664099,1.2350595406842313,0.8661071649661961,158.89844639189323,6.249528926249984,6.6751846991686135,0.07000157318935907,0.7628097833587746,1.9862522633801203
114.0,0.0,98.13165723199855,68.70487791351525,6.812769234782984,0.03975236399148368,1.2032194990907348,0.8363686961820505,156.51146807113707,6.262303235785549,6.509273600293089,0.07000202082363916,0.7650414742205912,1.9850690442584842
116.0,0.0,97.71667928784798,67.71554120346663,6.824130331362227,0.03985325460885871,1.1719114992768525,0.8075485664371171,154.12491964747923,6.275570999881616,6.344047323224433,0.07000259401078868,0.7672640731060268,1.9837881445762275
118.0,0.0,97.32160051279443,66.72844903211679,6.835981059058176,0.03997262337696712,1.1411053166628042,0.7795922230287831,151.7341041150057,6.289378265973697,6.179798162081526,0.07000332866587611,0.7694793464641075,1.9823997790182564
120.0,0.0,96.94540535481309,65.7426809481438,6.848365365753061,0.04011143767701203,1.1108070830224566,0.7524911290009431,149.33694193609853,6.303729969166702,6.016777458473015,0.07000427136695331,0.7716884179007821,1.980893110337248
122.0,0.0,96.58676027494661,64.7570043736742,6.861336660890164,0.0402704988617728,1.0810110030422528,0.7262294024707437,146.9302242034927,6.318638057966687,5.855185905445513,0.07000548321980826,0.7738931611150757,1.9792554282452393
124.0,0.0,96.24191388632086,63.77024122277556,6.8748605868713275,0.040446955944650906,1.0516716253608758,0.7007486857723095,144.510316398767,6.334173871638052,5.69515639942556,0.07000704375051736,0.7760963188084977,1.9774730590159861
126.0,0.0,95.90922736525822,62.78126969531424,6.888971747629497,0.040640637858835885,1.0227720870412456,0.6760264392644851,142.07491002051415,6.350374416982054,5.536801589406242,0.07000905740037422,0.7783005295235559,1.9755304981428907
128.0,0.0,95.5864322447014,61.78934454532936,6.903656990970633,0.04084988506548543,0.9942896191163059,0.6520283352780101,139.6230358087893,6.367301616701838,5.380220354608942,0.07001166010578985,0.7805082559018751,1.9734114952989605
130.0,0.0,95.27336082715323,60.79289614156471,6.919050077618175,0.041077080524383594,0.9662166524665664,0.6287558860415984,137.15143668328412,6.384967006186542,5.225456102453968,0.07001503462029302,0.7827239485405397,1.97109521632731
132.0,0.0,94.96722814697569,59.79179892673194,6.935083922268964,0.04131892267656552,0.9385300738501503,0.6061644937321932,134.66123815391086,6.403464700161875,5.072600600733521,0.0700194153665814,0.7849498987874032,1.9685629880228994
134.0,0.0,94.66691551398375,58.785481613942025,6.951792154938475,0.04157508121576443,0.9112238881704783,0.5842376757105168,132.15235580628055,6.422852557541097,4.921725988352398,0.07002511360039199,0.7871894362198375,1.965792476153021
136.0,0.0,94.3718534358395,57.772752899189605,6.969301564099899,0.04184697576252802,0.8842861316561431,0.5629688708166282,129.62256565728467,6.443173556796981,4.772842336645731,0.07003254673050785,0.7894487029417608,1.9627566153234308
138.0,0.0,94.08077147451095,56.75328676035718,6.987651731624292,0.04213393978356853,0.8577107730126556,0.5423383067497733,127.0723675641594,6.4645034264493315,4.626012874516187,0.07004226190204421,0.7917323552676648,1.9594282720833733
140.0,0.0,93.7923864546544,55.72746857968907,7.00681435429708,0.04243429817501847,0.8315077326832482,0.522324037662682,124.50458746772978,6.486934295961851,4.481366837374658,0.07005497429321794,0.7940426535799846,1.9557801675311655
142.0,0.0,93.506014960262,54.69482783832044,7.0268879721869215,0.04274866604552137,0.8056769407140659,0.5029156751157722,121.9189648080376,6.510540552532755,4.3389543929222585,0.07007164281516465,0.7963859288366352,1.9517788836588048
144.0,0.0,93.22084130500814,53.6553389727078,7.047935415822724,0.04307698419038607,0.7802259578861227,0.4840994518540707,119.31656799325151,6.535413218139563,4.198862102591995,0.07009353366878224,0.7987676806809176,1.9473893724612927
146.0,0.0,92.93610053404689,52.609079415516455,7.070025587617422,0.04341930713818806,0.755165334424663,0.4658619563132785,116.69862552250711,6.561652550954978,4.061183582846652,0.07012232501137494,0.8011938336512872,1.9425736143717633
148.0,0.0,92.65106779995834,51.55621866901319,7.093234148281157,0.04377582800407745,0.7305081844401637,0.44818996515902665,114.0664879907029,6.589369596800085,3.9260183356968112,0.07016024163838508,0.8036707890866104,1.9372904429191424
150.0,0.0,92.36494152891578,50.49660580542207,7.1177297169818114,0.04414782957343477,0.706257515703214,0.43107107554349255,111.41979472852394,6.61868475482428,3.793420029310776,0.0702102533585236,0.8062098453471023,1.9314932619624683
152.0,0.0,92.07712999686116,49.431174514486884,7.143494516780889,0.044534649448861874,0.682447179094437,0.4144902043213615,108.76256709878318,6.649743376867986,3.6635683252497775,0.07027624899797424,0.808813335038894,1.9251371472517795
154.0,0.0,91.78698436798994,48.36016528021589,7.170653032547783,0.044937439083903574,0.6590917205558257,0.39843462921926953,106.09581196404733,6.682699438041076,3.536554207854874,0.0703634183550017,0.8114905658764213,1.9181698448568214
156.0,0.0,91.49388276233405,47.283995030368715,7.199316859467909,0.045357408725074606,0.6362096193215979,0.3828910090852636,103.4210946031065,6.717728802044937,3.412481282070858,0.07047863234462359,0.8142505129037716,1.910535946039069
158.0,0.0,91.1973775660909,46.20326631556696,7.22954238082345,0.04579547734891173,0.6138258486349684,0.36784646025695733,100.74103901600454,6.755029532607363,3.29147034451955,0.07063097376735938,0.8170990087937252,1.9021770406097462
160.0,0.0,90.8963927404494,45.11800245752799,7.261666275164564,0.04625589228233529,0.591938482766162,0.35328556287605845,98.05411731037373,6.794833458957449,3.1735461119900634,0.07083254971963071,0.8200588309018204,1.893026847568187
162.0,0.0,90.59060536694908,44.02906476413153,7.295724710239994,0.04674037902921425,0.5705781395616324,0.3391951575543203,95.3639928816388,6.8373997605616745,3.0588411730176057,0.07109925759494384,0.8231353779101822,1.8830202132142833
164.0,0.0,90.27943630425992,42.93698301320638,7.331895804070383,0.04725285419006215,0.549760545855949,0.3255613968910564,92.67227203162997,6.883026518748621,2.947429177632146,0.0714521453120287,0.8263425685107451,1.8720858470493713
166.0,0.0,89.96246423398199,41.84235828081006,7.370325382501436,0.04779772308168199,0.5295033471504438,0.3123712753872132,89.9812400889006,6.932052877289514,2.8393821590942494,0.07191896500122552,0.829692468686706,1.8601489412457566
168.0,0.0,89.6382030902489,40.745495931556746,7.411613051736683,0.04838711286279502,0.5097982946711378,0.29960551234494265,87.28857489361724,6.984893451307256,2.7346980751050305,0.07253633440756291,0.833227184612953,1.8471296047702328
170.0,0.0,89.30728169435592,39.647339189559005,7.455571295880413,0.04902373964738786,0.4906823336444956,0.28725756841848354,84.60108695094415,7.041975705665825,2.633484331038301,0.07335220482291538,0.8369375155590144,1.832947952481555
172.0,0.0,88.96863867688177,38.54839953216101,7.502735325479663,0.04972336203599315,0.4721525877527176,0.2753108518262979,81.91834789216728,7.1038333743565545,2.5357401687636,0.07442948853727516,0.8408622817936479,1.8175198613757375
174.0,0.0,88.62152217024295,37.44936041125086,7.553594295256932,0.05050514369933789,0.45421202878475386,0.26375101314386884,79.2414595720266,7.171073150944935,2.441475008276038,0.0758502053872705,0.8450380185716475,1.8007611520989721
176.0,0.0,88.2666748411092,36.3508676437316,7.608028698520699,0.05137847745463314,0.4368810780631586,0.2525742114270779,76.5765420512837,7.2443480166070655,2.350716293619408,0.07772151025455742,0.8494591618790424,1.7825823662184377
178.0,0.0,87.90223179632041,35.25384858160276,7.667233632072996,0.052389067107147316,0.4201432350255838,0.24175948916549264,73.92120818216185,7.324482868629547,2.2634301416062135,0.08018070981680947,0.8542122991017949,1.7629066436635799
180.0,0.0,87.5288858657172,34.159042917040296,7.73129718731516,0.05356314232400983,0.4040113225980269,0.23130413480128986,71.28141350028362,7.412338680366036,2.1796136054993687,0.08340554661775035,0.8593066539570018,1.741649715073573
182.0,0.0,87.14658863581195,33.067269119363544,7.80072502529491,0.05494338514248973,0.38848448584071144,0.2212011191415514,68.66061840790684,7.508918020019714,2.099234075219683,0.08762267326687612,0.8647804612271127,1.7187346680087638
184.0,0.0,86.75486372462584,31.97973865166549,7.876491179887406,0.05660237364237891,0.3735567098174784,0.21144172659807114,66.06148317313912,7.615350159132952,2.0222561122478258,0.09311622570529066,0.870706024894368,1.6941030063761768
186.0,0.0,86.35402120958268,30.897593955221886,7.959288585709737,0.05861860029712308,0.35922614058715624,0.20202370141179693,63.48902106965962,7.73286403472237,1.9486373993273425,0.10024110727417712,0.8771353095251839,1.6677037977706604
188.0,0.0,85.94437839434228,29.822251116716945,8.05004567032499,0.06110012513864322,0.3454883433146675,0.19294633038521847,60.948568284691724,7.862789737595064,1.8783309059203708,0.10943056435283949,0.8841370290862608,1.6395090756831068
190.0,0.0,85.52656480385943,28.755347554703665,8.149771668195097,0.06418491097582392,0.33233858842462166,0.18421255187924354,58.446613073056625,8.00652150372364,1.8112856953206222,0.12120243224058447,0.8917851983904374,1.6095174281844342
192.0,0.0,85.10178254580713,27.698377514659008,8.259179477431124,0.06801841155397521,0.3197719835385953,0.17582898223984492,55.99090226771897,8.165513126435721,1.7474366319942085,0.13616645194914234,0.900130869361824,1.5777442793996495
194.0,0.0,84.67111283852594,26.65391624797328,8.379793576968968,0.07283843995583882,0.3077824913687636,0.1678055912635269,53.59016434935941,8.341085650232952,1.6867379430591063,0.15498965078404026,0.9092834322065111,1.544277897069066
196.0,0.0,84.23651805630226,25.624446796058773,8.512700377267919,0.0788982272168678,0.296365382677693,0.16015770625220693,51.25510627852446,8.534405866016018,1.6291310431652333,0.17838402579088108,0.9193177598035678,1.5092403163459216
198.0,0.0,83.80049347694555,24.61284234983959,8.658961619870565,0.08649479722337854,0.2855159844517212,0.15290432636663145,48.997866019382236,8.746306057874758,1.5745572183543262,0.2070448252543282,0.9303039269310209,1.4728126173630376
200.0,0.0,83.36614758420244,23.622409507927312,8.819544946373826,0.09596536431975919,0.2752300357824972,0.14606776971252253,46.83202247316798,8.977082355664189,1.5229588202318496,0.2415661490953741,0.9423013068200901,1.4352433390541606
202.0,0.0,82.93751822765594,22.657643087953353,8.995620700837936,0.10773195069143526,0.265506793259408,0.13967881384095313,44.77430642282203,9.22599717930584,1.4742984557275616,0.2822841016232779,0.9553789900028322,1.3968952569039486
204.0,0.0,82.51943245096004,21.722967991220173,9.187599947651876,0.12218152815872957,0.2563449859015062,0.13376697528658352,42.84174141747034,9.491335629257819,1.4285257870887067,0.3292022900296325,0.9695444370416034,1.358184303976018
206.0,0.0,82.11768987645813,20.82374290104933,9.395604279046696,0.13970932639502698,0.24774623561626252,0.12836559881333626,41.053245760566156,9.769822048640505,1.3856042804304227,0.3818127747525252,0.9847769147097075,1.3196321706249992
208.0,0.0,81.73842612811434,19.96497684074471,9.618751044214951,0.1605887395821351,0.23970990673491663,0.12349934952430083,39.42556209038514,10.05693323623258,1.3454813297634383,0.43911154008909226,1.000976479473117,1.281786562388713
210.0,0.0,81.38981913691077,19.154427953587202,9.856081290902475,0.18512302816615286,0.23224740683810344,0.11921046983846705,37.98184610651754,10.345236522026488,1.308163433647028,0.49929277192693566,1.018027122053249,1.2454005332738833
212.0,0.0,81.07831253651976,18.39677072563342,10.104668600408242,0.21324740072791812,0.225355500554397,0.11550447139001015,36.7333388096807,10.627425731151378,1.273582069377615,0.5603930772201199,1.0356708335377667,1.2110590307916291
214.0,0.0,80.81290118933606,17.700363299848647,10.361245877573811,0.24485632354007858,0.2190493741387464,0.11241118323314137,35.69971531512853,10.892935218683219,1.2417559567507777,0.61976093762654,1.0536146139209621,1.1795787784220517
216.0,0.0,80.59898395879179,17.06919777008911,10.621004460735342,0.27943622582192895,0.21332316525148945,0.10991259143236536,34.88363204526918,11.133231660233786,1.2126103591862574,0.6751844647214533,1.071467185766273,1.1514770175724
218.0,0.0,80.44312159032,16.509544805318455,10.878605181016914,0.3163443378134795,0.20818428979160122,0.10800385843492569,34.291629606730304,11.338455643805766,1.1861345336161815,0.7243261009876671,1.088798699792521,1.1273726809805726
220.0,0.0,80.34947661238519,16.02573189860616,11.127959180013091,0.35467168490612383,0.20363255238665176,0.10665667916858207,34.68277438160094,11.500457079391555,1.162289619780883,0.7635756300080249,1.1051407451650919,1.1085593822980837
222.0,0.0,80.3196160309975,15.833356214681663,11.354310757988317,0.38942312457366585,0.1997389710833882,0.10589180999589688,40.23711856231267,11.473922035447169,1.1414542840270876,0.6898765685662223,1.1193586648147664,1.144198751630139
224.0,0.0,80.33974008354362,16.15337018498562,11.52385889287276,0.4132818079207925,0.19687938099556565,0.10550033398678002,42.02608251264366,11.265547632731568,1.12582218990494,0.604342258513477,1.1288756348636841,1.1876028734785924
226.0,0.0,80.38371318822392,16.517829729631075,11.63595396293064,0.42964250423161815,0.19510331238983633,0.10509243543069267,41.091815265004534,11.102478098300095,1.1158300928893787,0.5758336694673568,1.1337742637580353,1.2027129911922907
228.0,0.0,80.4337527177799,16.650071187595294,11.713900764635747,0.4435493093522779,0.19401738036104477,0.10452629568729271,39.59207654186616,11.04712029155863,1.109416487558713,0.5863073906888091,1.1359785816309316,1.1971183052670324
230.0,0.0,80.4843693168911,16.574801500535994,11.777930505358436,0.45761832483543585,0.19321788747847288,0.10384457217637061,38.61201803252015,11.06307638504848,1.10441681372658,0.609233028028991,1.1371167687932622,1.185046945241652
232.0,0.0,80.53656334305126,16.415607682111272,11.837431874386981,0.4722845445950471,0.19249197808529708,0.10313694939972322,38.260066652113785,11.100637360191456,1.099696191026422,0.6285949884550306,1.137937437611933,1.1750246939854265
234.0,0.0,80.59240333448739,16.263807608772375,11.893781708433465,0.4869817489980265,0.19179190346027275,0.10246443163965473,38.22933906090693,11.130190623684246,1.0950210242767904,0.640373800499497,1.1385523498005308,1.1689990198532418
236.0,0.0,80.65262785909044,16.148779990638438,11.945341358535794,0.5011215300828151,0.19114108044366157,0.10184524821681387,38.228228220569264,11.145375247838325,1.0905440471236911,0.647454292092431,1.1388381942375732,1.1654013888138182
238.0,0.0,80.71658595196051,16.061087587982023,11.990907812892212,0.5144818597923575,0.19056395157915956,0.10127229685573363,38.13391283352571,11.152128817609048,1.086419522764957,0.6536930260607298,1.138707686644136,1.1622461602225755
240.0,0.0,80.78315580909509,15.98275308955921,12.030590743661595,0.5271319598141264,0.19006351415627623,0.10073406716146042,37.95668831738945,11.157421879337623,1.082678973491653,0.6610202119819475,1.138176791620405,1.1585575007094453
242.0,0.0,80.85139721227958,15.903003340894431,12.065388667651797,0.5392409799127166,0.18962621820477488,0.10022381627173939,37.74903657226054,11.164509112943486,1.079259489898769,0.669509144580005,1.1373287174118638,1.1543062774130888
244.0,0.0,80.92080274210286,15.81991833882849,12.096334298520132,0.550932881080486,0.18923603816425222,0.09974071188975284,37.54920308081082,11.173362845536397,1.0760811007973317,0.678503824979406,1.1362480588626651,1.1498269232281222
246.0,0.0,80.99116604001914,15.73589520490558,12.12417507627424,0.5622631573587935,0.18888109237595416,0.0992863691537662,37.36911074917433,11.182715392496714,1.0730843710852742,0.687426925755765,1.134995869290298,1.1454077809779373
248.0,0.0,81.06240436856362,15.653541952111004,12.149370937231462,0.5732462633597838,0.18855458342332676,0.09886186617309442,37.20353499013787,11.191530272864968,1.0702362349724304,0.6960506188977912,1.1336092557975224,1.1411592498647585
250.0,0.0,81.13445748675991,15.57403405933353,12.172200889535981,0.5838855248274779,0.18825306030640232,0.09846705753985174,37.04402230701519,11.199424061811033,1.0675207300497966,0.7043965191804397,1.1321105280346102,1.1370676637900905
252.0,0.0,81.20726518957538,15.497381419363865,12.19286230128042,0.5941868003769377,0.18797448376375153,0.09810118452101584,36.8862366843123,11.206436661567677,1.064928640875073,0.7125558496337954,1.1305158220097573,1.1330859194791731
254.0,0.0,81.28078744015147,15.423196553409715,12.211495238336667,0.6041555599160505,0.18771745708722698,0.09776397302102101,36.73241334073976,11.21270674257541,1.0624534745635037,0.7205868387966399,1.1288385006088206,1.1291838830166319
256.0,0.0,81.35495869275498,15.351012827545238,12.22835641841702,0.6138173781565759,0.18747932194428166,0.09745323898286744,36.57964909078997,11.218370179007495,1.0600816666991184,0.7285088357942815,1.1270960443000053,1.1253507851504805
258.0,0.0,81.42976995367943,15.280691054056982,12.243585668325258,0.6231824887503667,0.18725856318387502,0.09716849147644029,36.43047182312544,11.223432028438177,1.0578052249989414,0.7363059363354312,1.1253002886896406,1.121593045950132
260.0,0.0,81.50522637844419,15.212214351601908,12.257312307593697,0.6322602816952784,0.18705380341830885,0.09690915070676234,36.28647449843969,11.227858325153848,1.0556166656219137,0.7439597135477459,1.1234617299046907,1.1179182528906138
262.0,0.0,81.58132878345376,15.145558836547496,12.269672694359357,0.6410634492413729,0.18686364705784292,0.09667400566370331,36.14590323711717,11.231633259554052,1.0535082791346424,0.7514651101209426,1.1215894880720383,1.1143275606420298
264.0,0.0,81.65810204294266,15.080726413243998,12.280743733166814,0.6495968483263233,0.18668734682165009,0.09646261203252801,36.01031265949863,11.234734838139637,1.0514756305098851,0.7588198694438545,1.1196900532196414,1.1108208393598271
266.0,0.0,81.73554564945987,15.017614706633035,12.290637500592153,0.6578736574481864,0.18652380521945858,0.09627348730753316,35.876447672121486,11.23719089161475,1.0495124464121446,0.7660330048766384,1.117769655343609,1.1073926758145165
268.0,0.0,81.81368762893524,14.956181755940575,12.299404738446814,0.6658977234188004,0.186372554071478,0.0961062254605445,35.74615898262639,11.239000770633579,1.0476156566044814,0.7731055603511146,1.1158326699051224,1.1040415519804725
270.0,0.0,81.89252374387308,14.896313060832597,12.30713741543578,0.6736819110738698,0.18623267909352229,0.09595936775738448,35.61560490964335,11.24020120492159,1.0457799494385602,0.780045655829616,1.1138834208768944,1.100762682056754
272.0,0.0,81.97212775981164,14.838064486297432,12.313813834969636,0.6812179150426808,0.1861044696432268,0.09583387965705784,35.49486055257502,11.240744303145354,1.044005995137895,0.7868425080822614,1.1119247419158151,1.0975602762858263
274.0,0.0,82.05243598831578,14.781218330432653,12.319587700115816,0.6885328280842328,0.1859863241674617,0.09572665616526418,35.36995717523922,11.24072568766618,1.042285164866139,0.7935163469669906,1.1099603357875882,1.094423991283474
276.0,0.0,82.13355636165939,14.725904062142554,12.324386947372492,0.695609549040935,0.1858790657281495,0.09563963006418313,35.25740312300538,11.240063053633818,1.0406207448501288,0.8000490467607492,1.1079921376059247,1.0913615881084406
278.0,0.0,82.21541355354266,14.6719096066598,12.328354385642488,0.7024749924132476,0.18578117984217835,0.09556974016777928,35.1418769726251,11.238856122824757,1.039004732063825,0.8064615188536475,1.1060226340868566,1.088362557977521
280.0,0.0,82.2980153012574,14.619191879970927,12.331522444402463,0.7091344406468661,0.18569233909093413,0.09551639341820371,35.02307697211753,11.237118151025108,1.037434974707776,0.8127559500375632,1.1040534623016427,1.0854252523526908
282.0,0.0,82.3814309842758,14.567810655244424,12.333858637826266,0.7155797033642634,0.1856129368100643,0.0954804685176916,34.9122284002708,11.23480689724698,1.0359127005439,0.8189226516824875,1.1020863287370475,1.0825535933154211
284.0,0.0,82.46568922044645,14.51775699072999,12.335373409116965,0.7218116654200846,0.1855428957573239,0.09546181723698527,34.81400138680178,11.231918289652269,1.0344369071512176,0.8249598405207097,1.1001229024308263,1.0797478326804102
286.0,0.0,82.5506832814104,14.4688238474365,12.336198588427376,0.7278577284078123,0.18548076756831608,0.0954574472146932,34.70877502479227,11.228561118439572,1.033000410635898,0.8308893085818956,1.0981638699984801,1.0769973262935564
288.0,0.0,82.63646278877823,14.421054544732387,12.336311102790232,0.7337123120559896,0.18542683791695272,0.09546794473866729,34.605920976926114,11.224706390010827,1.0316040561189537,0.8367037272292177,1.0962105632808492,1.074305007081945
290.0,0.0,82.72302263576985,14.37441308890944,12.335736980524821,0.7393804929588396,0.18538084165465252,0.09549274461356365,34.5053749192077,11.220370592601753,1.0302462052931824,0.8424051757902811,1.0942639699758843,1.0716694670226359
292.0,0.0,82.81035495263515,14.328865677012073,12.334501076957594,0.7448672162987803,0.18534252618871638,0.09553130087170518,34.4070847262297,11.215570291203973,1.0289253316797238,0.8479955559396753,1.0923249855827435,1.0690894131918791
294.0,0.0,82.8984491644039,14.28438085445206,12.332627256397965,0.750177297594825,0.1853116499934859,0.09558308582399647,34.31097310338042,11.210322080143616,1.027640011770509,0.8534767412135167,1.0903944290294283,1.066563596031027
296.0,0.0,82.9872597629215,14.24088456693284,12.330164587381576,0.7553213784202281,0.18528767510882768,0.09564699847650199,34.20993984421505,11.20466800150044,1.0263875920877492,0.8588560017877311,1.088472613420191,1.0640883127092644
298.0,0.0,83.07681209440864,14.198405157819934,12.327101779428238,0.7602964480428342,0.18527077002641773,0.09572331236155547,34.11257808368188,11.198592339058226,1.0251685374614983,0.8641276143560277,1.0865607404938056,1.061665866837629
300.0,0.0,83.16707527822525,14.156901626100371,12.323470962354214,0.7651092942675503,0.18526059723804444,0.09581131062027717,34.01585609509546,11.192120277320717,1.0239811551482028,0.8692948547938001,1.0846593006809013,1.0592944406007423
-30.0,0.85,89.08117744953643,13.10483870967742,11.48,0.8611095785864007,0.1930554845416145,0.11110892574554117,31.907165999520554,28.206357654898806,0.9928590470346963,0.9999992540156787,0.9999993377001946,0.999999783498902
-28.0,0.85,89.18525670980422,13.5614920075156,14.33161145254372,1.0290776540056832,0.19319350559871157,0.1164423591665763,54.79988364228236,27.156238070598764,0.9933818658753539,0.6706855503296067,1.2148641695782842,1.1537189776475987
-26.0,0.85,89.58177814753894,15.980631435271503,16.400531670008977,1.088525667418142,0.19487530506379813,0.12677142235036554,65.36818577908441,24.356717159960823,1.0009269082295011,0.31155103851970856,1.356384874525493,1.372184987499807
-24.0,0.85,90.08059808955693,18.651527394135222,17.773013513102615,1.08281130678636,0.19919363853631525,0.13662062256036248,61.81086624320143,22.57487792642398,1.0206940407192162,0.22393794630499242,1.4416782651523914,1.4537221017533328
-22.0,0.85,90.5317598040892,20.13434265801964,18.75106157015981,1.0544746084846222,0.2051816828835595,0.14407550945693937,54.55577886575792,21.900741181699157,1.0480908506181228,0.22595103965194563,1.4970476090087026,1.4515427204509987
-20.0,0.85,90.88489631105757,20.41750318696025,19.529889808622837,1.0220906817110609,0.21126820371789876,0.14894157240257302,47.78266021136785,21.84143442675411,1.075632118667821,0.26793742059662895,1.537470820216858,1.409811030724984
-18.0,0.85,91.1380136343196,19.943124733240396,20.215278332432863,0.994117448369868,0.2162800833411776,0.15166373387132548,42.706685572507126,22.131386561627487,1.0978000393026814,0.3374728490649235,1.5704970635236128,1.3518273701635861
-16.0,0.85,91.3097825741821,19.129735195705457,20.86406850592839,0.9745072098475743,0.21967892875639192,0.1529208236624001,39.617112715624586,22.610044651628876,1.1121471116698531,0.42067042721281467,1.5999496972030078,1.2935763966164475
-14.0,0.85,91.42634200285039,18.284065979067336,21.50004042744627,0.9639372021159599,0.2214532174973517,0.15340038380338153,38.338825591299724,23.13109369279576,1.118732263642177,0.49666012273211557,1.6273774785546127,1.2469335775944694
-12.0,0.85,91.51402762435454,17.589846287991055,22.121173458665318,0.9599956571834114,0.2219807371725469,0.15363801778868436,38.28225977682623,23.57041140185755,1.1194341070386677,0.5497381902331618,1.6527704967894914,1.2168904228584285
-10.0,0.85,91.59068544556483,17.115497035601994,22.70957868616467,0.9592892143533974,0.2217273120326596,0.1539023951584824,38.76147985221993,23.863553295272535,1.1165146075122747,0.577502398049695,1.6752856259660387,1.2018181020583918
-8.0,0.85,91.66496212386436,16.83496009735886,23.24695213751036,0.9589828283658908,0.221118160638107,0.1542459478950639,39.24278058570673,24.022295889011286,1.112014053318986,0.5886462933302687,1.6941690675354886,1.1958759958928298
-6.0,0.85,91.73818253808551,16.684060751534254,23.7222266375848,0.9577531987314031,0.22042180905737271,0.15461266842867544,39.492050820731066,24.09454356453005,1.1072154901755615,0.5928638280839177,1.7091134426761854,1.1936421892994202
-4.0,0.85,91.80834931877925,16.59633155414719,24.134806106884046,0.955452800657951,0.21976917369162918,0.1549291248038027,39.50546939421989,24.130249167378647,1.1027407976042776,0.5964009444288579,1.720358035725033,1.1917749583404955
-2.0,0.85,91.87317135966025,16.52805951706209,24.491363678593466,0.9524961542616003,0.21919348363197114,0.1551528761429828,39.38001821712808,24.159888258232325,1.0987444670142166,0.6014199029873942,1.7284645987584715,1.1891349814732235
0.0,0.85,91.93129876619825,16.460213633717945,24.80026714142016,0.9493470363225305,0.21868461447402882,0.15527528750382533,39.211415731678215,24.194693818021808,1.095175293287733,0.6077602592925193,1.7340197123098675,1.1858155525660905
2.0,0.85,92.14855038659795,17.020428708973405,25.025510622279185,0.9181290849590975,0.2183990818501356,0.17043106631200503,92.41603938794015,23.105854479453214,1.092655639748708,0.26718043233511246,1.7354406478206301,1.410509118850022
4.0,0.85,93.46392797022297,23.861478266112776,24.735789889657422,0.8035594954893152,0.22253454434972889,0.23324177019568623,181.53027597128514,19.173611829446962,1.1096672589355778,0.07205192858066178,1.7123084983563879,1.857123298838184
6.0,0.85,96.11662720390345,37.557570626880334,24.039931190136425,0.6766304313726793,0.24120365436386046,0.3481289467772752,235.99209517130348,17.682007503873212,1.1917519402118,0.07001197972145978,1.6694780862288983,1.973174103979507
8.0,0.85,99.76305418321517,52.700944426548574,23.30274751153489,0.5644476794215797,0.2841655338388956,0.5124687314454066,259.348643155705,17.11677590292498,1.381355630889872,0.07000022515019477,1.6242131919686402,1.9927631088523043
10.0,0.85,103.99663269457982,65.69705356645314,22.605573694642842,0.4713970590656787,0.36132673452007247,0.7114134241374768,265.2756969262282,16.796055961648552,1.718130580552521,0.07000001600851902,1.580631367660951,1.996979430724588
12.0,0.85,108.44951355182239,75.50598200436296,21.972480745202006,0.3962424828547708,0.4819529362982006,0.9210948871310526,263.63412006075237,16.616971174104243,2.235040791586404,0.07000000318543731,1.540189067262068,1.9982290824812374
14.0,0.85,112.81531121187334,82.40611827804929,21.411770665973915,0.3360399686635348,0.649370058928428,1.12033677401594,259.3272868900537,16.51988301231711,2.9376751743474996,0.0700000012738291,1.5035663374094241,1.9986922389682837
16.0,0.85,116.85725824397433,87.04686609959394,20.922650416471615,0.2877696168555487,0.8554889195072078,1.2969850874783848,254.08338035328288,16.467235127109326,3.7866312460237386,0.07000000080712532,1.470930090257418,1.9988754667090958
18.0,0.85,120.41627530380903,90.02046115123967,20.49981186381341,0.24891661102709225,1.0810147647756048,1.4469695789755457,248.36938127622795,16.438148625971774,4.703339042165294,0.07000000069898937,1.442147344627345,1.9989277252026727
20.0,0.85,123.41584294265665,91.76455356783632,20.136230433901503,0.2175216666120627,1.3025258133114441,1.5710835437180435,242.38309271059285,16.421621089706758,5.598583194889284,0.07000000075289137,1.4169351429904775,1.9989010476901659
22.0,0.85,125.85287536259932,92.59428351625273,19.824619214977393,0.19206863854258613,1.5010407600406979,1.6723536099616383,236.36169624072576,16.411922777292517,6.402322609810642,0.07000000094194192,1.394950114621245,1.9988165110151725
24.0,0.85,127.77438957540936,92.74985572270977,19.558092775062324,0.17136638808579274,1.666340328435237,1.7544467482888702,230.54948992367358,16.4060467697154,7.076900845867101,0.07000000129678097,1.375837118063508,1.9986844907575967
26.0,0.85,129.25062964148424,92.42342201819923,19.330423731396724,0.15446478846166126,1.7962625619761825,1.8208441601426746,225.12244697976735,16.402387217693107,7.61346577970204,0.07000000188313615,1.3592539823310994,1.99851171156367
28.0,0.85,130.35446238341243,91.76857337715374,19.136117333998406,0.14060161717942354,1.8936377439609136,1.8744899459462172,220.1700265110909,16.400066664120054,8.02121012177511,0.07000000279626106,1.344884004123312,1.9983037886914792
30.0,0.85,131.1503899132597,90.9039875967625,18.970390418994633,0.12916646218758832,1.963374095704853,1.9177137873786512,215.71067361765486,16.398593127999096,8.317423110386015,0.0700000041572102,1.3324408422750151,1.9980660537886132
32.0,0.85,131.69110692330725,89.91737585141321,18.829108904490802,0.119672863957362,2.010633847555394,1.9522877986215086,211.71937421272696,16.39768353671373,8.521145122304242,0.07000000610724033,1.3216692369354701,1.997803700093553
34.0,0.85,132.01818663803544,88.87082729473568,18.708712832354028,0.11173493121745681,2.0399993931040568,1.9795312237306686,208.15203820081942,16.397171305759016,8.650047966342123,0.07000000879992685,1.3123436564850162,1.9975216983830955
36.0,0.85,132.16423336254212,87.80667134088542,18.6061499453938,0.10504781883335616,2.0552345677959836,2.0004156310437704,204.96111702796287,16.39695701478143,8.719298657740111,0.07000001239144304,1.3042665671036262,1.9972247067519016
38.0,0.85,132.15508587165178,86.78009251850975,18.51882339563882,0.09937191132774577,2.0593492727394827,2.0156530736019254,205.7764150933996,16.39698068795603,8.74152919522373,0.0700000158365861,1.2972669627540903,1.9969901964527317
40.0,0.85,132.0112632777316,86.22743067435921,18.44449686969242,0.09451701079203544,2.0562158767336602,2.0257966941494665,209.49905204114566,16.397200854472732,8.733618080891544,0.07000001529476019,1.2911952260280393,1.9970246439566057
42.0,0.85,131.74346961392797,86.2399657770877,18.381290503547746,0.0903348272390849,2.0511301794384913,2.031254522304818,212.75746969847947,16.397601289443884,8.719742285201628,0.07000001328621952,1.2859241020855792,1.9971599789128676
44.0,0.85,131.35334682262987,86.5961247167451,18.32753089800794,0.08670450399695931,2.0470684444889216,2.0323482925326295,215.57523341567384,16.39818299053254,8.715067347189317,0.07000001105546483,1.2813386588029851,1.9973274534148135
46.0,0.85,130.83757801917224,87.13977748484015,18.281873303449995,0.08353694253156073,2.0449141121910253,2.0292713300331915,217.9552255961913,16.398960176569393,8.725811654719896,0.07000000906687731,1.2773459528828601,1.9974970842962878
48.0,0.85,130.19239377963453,87.76894684329623,18.243217612841445,0.08076617611270451,2.0444593574352785,2.022124469927244,219.8880926047737,16.39995805668082,8.753129233769158,0.07000000746923085,1.2738695081275202,1.9976524939472962
50.0,0.85,129.42127868812673,88.41298262400983,18.210428653247806,0.07832632225457938,2.0449261691475424,2.0110500011701182,221.37226684183196,16.40120594453427,8.794742620758514,0.07000000625970748,1.2708288024039112,1.9977857157044014
52.0,0.85,128.52632060976194,89.02290188749049,18.18277498733638,0.07617995266908055,2.0453952605559587,1.9960592557913797,222.39602429453055,16.402747893619146,8.847495147212001,0.07000000538662232,1.2681723326009111,1.9978930342546906
54.0,0.85,127.51942674306287,89.56581583659595,18.159404560314904,0.07427838762273323,2.0449663481241185,1.9772778924276293,222.9690294769447,16.40462913829859,8.907155999253417,0.07000000478290946,1.2658385213108159,1.9979742612998104
56.0,0.85,126.40495766908859,90.01029050499587,18.139982799537396,0.07261072685923364,2.0427330851877854,1.95466849242431,223.08184816931401,16.406918125913844,8.969887580393227,0.07000000440914866,1.2638042350666026,1.9980280501912118
58.0,0.85,125.2019368179832,90.3424472217013,18.12383029973422,0.07113502487151677,2.038092515648398,1.9284401860361406,222.76442449111306,16.409675726058133,9.03155929461303,0.0700000042218063,1.2620194174039565,1.9980561659791334
60.0,0.85,123.92593080230557,90.55145221766568,18.11054351258226,0.06982775443362843,2.0305975735154176,1.8987640233363003,222.0422089763939,16.412977232278973,9.088798871089416,0.0700000042007134,1.260454344086344,1.998059383489585
62.0,0.85,122.59271767165292,90.62987972176137,18.09982256421347,0.06867113289519063,2.0199439722458075,1.8658576318082507,220.9454508794805,16.41690638907493,9.138633537170286,0.07000000434248266,1.2590867225541347,1.9980379618967885
64.0,0.85,121.21930941983877,90.57609525443928,18.0913960008424,0.06764700398942516,2.0060190490543186,1.830012650860428,219.51243186356925,16.42155053698399,9.178639278433415,0.07000000465628031,1.2578959685304234,1.9979921591111
66.0,0.85,119.82232439405489,90.39236099498264,18.085047213282994,0.0667395478083585,1.9888542986022737,1.7915719204679912,217.7848950907925,16.42699987651097,9.206932306531396,0.07000000516627813,1.256865291776562,1.9979219386148483
68.0,0.85,118.41743855372455,90.08413731756963,18.080606538571207,0.06593509443471823,1.968594878713152,1.7509174698000975,215.80601699883493,16.433344836701334,9.222134862004122,0.07000000591362476,1.255981147125483,1.9978269767969266
70.0,0.85,117.01841346822808,89.66238009811653,18.077896927203717,0.06521826856751801,1.9455421977805636,1.7084394152429851,213.61792147195766,16.440676052543967,9.22373582332308,0.07000000695517694,1.2552291681656038,1.9977072049765838
72.0,0.85,115.63882450537987,89.13023754492787,18.07692338443617,0.06458727975110543,1.9198165303039372,1.6645791522106639,211.26207086813602,16.44907129970011,9.210347362596641,0.07000000838797127,1.2546085737455632,1.9975606832149622
74.0,0.85,114.28936719554318,88.5022142251791,18.07756328638257,0.06402942200922108,1.8918161381575005,1.619733091661258,208.7766889955579,16.458605115810784,9.182214407417892,0.07000001032689673,1.2541086669215709,1.9973870293655371
76.0,0.85,112.97941339813134,87.78937524283569,18.079779636509762,0.06353844943398537,1.8618509902350713,1.574292609779663,206.19650835339485,16.469337517601545,9.139344996813444,0.07000001293500269,1.253725094383674,1.9971850271256284
78.0,0.85,111.7153417437955,87.00477230078907,18.083514062053954,0.06310684108234342,1.8302733792255668,1.5285889211847485,203.54951598034702,16.481323867009102,9.082347376058571,0.07000001642476561,1.2534518810356374,1.9969536839095292
80.0,0.85,110.50260153847427,86.15935876432782,18.088750933712273,0.06273022572044978,1.797375549523872,1.482933235372566,200.86088638324554,16.494601694062442,9.011719384701765,0.07000002108127434,1.253286177385754,1.9966916148358058
82.0,0.85,109.34532508239974,85.26344472390825,18.09548673902417,0.06240519507194309,1.7634270577481217,1.4375996081698694,198.15216268144914,16.509192075251406,8.928079305235563,0.0700000272785688,1.2532259795555336,1.9963973606493584
84.0,0.85,108.2468896277425,84.32646634110345,18.103736497514255,0.06212948876915296,1.728671761195124,1.3928321719365724,195.4423760179945,16.525093927619196,8.832092191137011,0.0700000355034951,1.2532705365741053,1.9960694138015445
86.0,0.85,107.20712021028874,83.35831608719997,18.113458494443737,0.061898472637177966,1.6933605779678602,1.3487817235018875,192.74160387980962,16.54231855023346,8.724949272377728,0.0700000463780277,1.2534152312105904,1.9957064478926045
88.0,0.85,106.22456928183492,82.36712578890305,18.12460602837476,0.06170818990504237,1.657696928641942,1.3055571659464154,190.056140894803,16.560877444868503,8.60782700272277,0.07000006070551201,1.253655324275596,1.9953068805519405
90.0,0.85,105.30297653222405,81.35831197695617,18.137281026131884,0.061561190518207444,1.621828405291525,1.2633603037629058,187.40305840061444,16.580687904732372,8.48111796357735,0.07000007951693554,1.2539959313136915,1.9948689439854177
92.0,0.85,104.43904945403563,80.3385456900063,18.151426441163142,0.06145346120177163,1.58592674541829,1.2222269635659155,184.78262211971756,16.601743545925338,8.346186320003802,0.07000010411197843,1.2544315917465148,1.9943910117410557
94.0,0.85,103.6289387029534,79.31280833594784,18.16697930831917,0.06138150536784288,1.5501201880501174,1.1821693276802554,182.19315001382682,16.624046309220525,8.204277840448905,0.0700001361501772,1.2549567039442515,1.9938710724805935
96.0,0.85,102.8731417223599,78.28474749886459,18.184001048306335,0.06134658309830965,1.5145222270075376,1.1432753576953143,179.64166931639022,16.64750930570329,8.056135598716597,0.0700001777149295,1.255573609465225,1.9933071511656086
98.0,0.85,102.1662524114891,77.25746330296009,18.202400192682735,0.06134473909193635,1.479214964807948,1.1055020476123745,177.12165821854862,16.67215470804687,7.9029940218803025,0.07000023147035317,1.2562750613193636,1.9926966296690043
100.0,0.85,101.50664994951282,76.23320941594524,18.222194778920763,0.061375922937999046,1.4442777899211325,1.0688729338261946,174.63401729903103,16.69792814523845,7.7456878975606696,0.07000030075982999,1.2570606993571942,1.9920368700576905
102.0,0.85,100.89251114975583,75.21375609230748,18.24340896759404,0.06144016757785373,1.4097830232185173,1.0333980369342668,172.1783308193771,16.724771412771744,7.585051724572438,0.07000038979723677,1.2579304359905796,1.9913249344274973
104.0,0.85,100.3164366796629,74.19950731870722,18.265886259714815,0.061532247583719196,1.375731920089576,0.9989735000169186,169.7428802945898,16.75278727185007,7.422083991461954,0.07000050406767055,1.258873569121772,1.9905564568560719
106.0,0.85,99.77652780531398,73.19100445371309,18.28964427500001,0.06165222098021699,1.3421634483081288,0.9655965308578488,167.32641913972319,16.781948669115252,7.257417102896491,0.0700006504436792,1.2598898825073184,1.9897273364135992
108.0,0.85,99.27404023299714,72.18904543569289,18.314840335567474,0.06180364151588084,1.3091548614433188,0.9333170163483712,164.93232144008363,16.812117023473753,7.091597116552542,0.07000083752149155,1.260987019063343,1.9888335572420166
110.0,0.85,98.80202737421304,71.19261909919496,18.341327217679584,0.06198166930415675,1.2766674118555235,0.9020269156089458,162.54915810141088,16.843431696622307,6.9252943344702045,0.07000107666261979,1.2621551877241415,1.9878687270423971
112.0,0.85,98.35635346610236,70.20087501758364,18.369042096820607,0.06218398846398247,1.2446818711035734,0.8716691803719363,160.17101543241816,16.875975163833296,6.758976172065569,0.07000138238434306,1.2633897455386311,1.9868261551530142
114.0,0.85,97.93571898434382,69.21326397410375,18.39805237741015,0.06241137423456699,1.2132137639598897,0.8422360853469142,157.79612911703072,16.909737130735188,6.593022967722126,0.0700017732212368,1.2646933578929827,1.985698812236861
116.0,0.85,97.53743614787402,68.22880413153452,18.428368665527,0.06266299294885996,1.182251131089365,0.8136920311467363,155.4204689254372,16.944773513989503,6.427766945611346,0.0700022732188037,1.2660655534626473,1.984478386931869
118.0,0.85,97.1577394439672,67.24634545604057,18.45991420207578,0.06293622849683365,1.151757544599316,0.7859806265982966,153.0395132430951,16.981215735687734,6.263462571102973,0.07000291351985588,1.2675013144098235,1.9831555518271948
120.0,0.85,96.79720711152326,66.26498524658034,18.492929707472168,0.06323452602083358,1.1217620100606809,0.7591214909159759,150.6520657305755,17.018995583852995,6.100359036717964,0.07000373459975884,1.2690125740217242,1.9817198102744567
122.0,0.85,96.45137279337384,65.28347914039858,18.527272014952633,0.06355379670052246,1.0922069552847795,0.7330431992613962,148.2537852907199,17.058319700019062,5.938600870693496,0.07000478909244512,1.2705909452313886,1.9801595480287992
124.0,0.85,96.11945471320074,64.30069191482646,18.563101362610933,0.06389537494333562,1.0630898277358214,0.7077389272798033,145.842516349497,17.0992192170279,5.7783328915954755,0.07000614600331323,1.2722441313047703,1.9784614399567304
126.0,0.85,95.79914472506984,63.31560266418776,18.60042801659633,0.06425786152066708,1.0343825405272749,0.6831740044040331,143.41614165505112,17.141830668907218,5.619652263056725,0.07000789530652374,1.2739720119379172,1.9766111118607286
128.0,0.85,95.48898539245003,62.3271966408816,18.639350879281288,0.06464114285953232,1.0060679978068106,0.6593281635952368,140.97295223388997,17.186258852750303,5.4626391456578265,0.07001015523163989,1.2757791385265234,1.9745923646858143
130.0,0.85,95.18725796947899,61.33473887844768,18.679906674399852,0.06504419679026473,0.978127786596959,0.6361757394115486,138.51220213017308,17.232648214459005,5.307365615341639,0.07001308033274589,1.2776668804256865,1.9723878787037905
132.0,0.85,94.8926292783899,60.33758570507056,18.72216823623976,0.06546649724656385,0.9505502650733951,0.6136972151119285,136.03351654066748,17.28113790622369,5.15390108500292,0.0700168736537865,1.2796385030934216,1.9699785497835614
134.0,0.85,94.6040271857314,59.33512052453659,18.766253133592183,0.06590797398885669,0.9233273998458709,0.5918771607805031,133.53659476317546,17.33186524395294,5.002307913859321,0.0700218027377062,1.2816995813081271,1.9673431578831995
136.0,0.85,94.32029580528018,58.327041836642216,18.812223856033345,0.06636795982471534,0.8964557432146794,0.5706977130080976,131.02209298261053,17.38499687968579,4.852664983721207,0.0700282184943184,1.2838528456915923,1.9644591404387794
138.0,0.85,94.04081163786371,57.31247979190012,18.860391336888895,0.06684794947195397,0.8699263738453669,0.550151607171961,128.48858462518402,17.440658852138043,4.7049935811304895,0.07003658955727388,1.2861137765134734,1.9612995297334346
140.0,0.85,93.76412699020194,56.2922726655202,18.91053351944683,0.06734486987106884,0.8437569101882538,0.5302121442976281,125.94036977489293,17.49910574236369,4.559469266917345,0.07004751757205718,1.2884704279299757,1.9578405872082683
142.0,0.85,93.48993622027284,55.265193067059414,18.963212016633097,0.06786206023980042,0.8179331426003572,0.5108789156471694,123.37430078022216,17.560458071749828,4.4160638779536505,0.07006182242964165,1.2909510733397298,1.9540485577109319
144.0,0.85,93.21716582531383,54.232110177432105,19.01828246280631,0.06839735075931129,0.7924798663528715,0.492130668272233,120.79449912146826,17.624982334810085,4.274957979329433,0.07008055817862724,1.2935476587748906,1.9498944200523607
146.0,0.85,92.94515986619221,53.19322679575783,19.075868204297116,0.06895082317190225,0.7674123216150677,0.47395509154126103,118.20257505430749,17.69291491021418,4.136264760501701,0.07010512447287054,1.2962658260388424,1.9453439826477454
148.0,0.85,92.67329184574311,52.14833903954411,19.136341876901305,0.06952418982295719,0.7427345153470135,0.45634288835380027,115.59822860721164,17.76449397839868,4.000042202721774,0.07013738247343526,1.2991239244748343,1.940358115698443
150.0,0.85,92.4008314987385,51.09763646941156,19.20000049386078,0.07011864614400619,0.7184583456136976,0.439281635651895,112.98228538388722,17.840006081691605,3.8663851783725542,0.07017978409563086,1.3021363173382914,1.934895928816104
152.0,0.85,92.1271615849034,50.041855282976215,19.266875847558378,0.0707340206113427,0.6946126075242476,0.4227563913623794,110.35783542308451,17.919790574377267,3.7354542031027607,0.07023554269175825,1.3053036543009522,1.9289158726775133
154.0,0.85,91.85160506515881,48.98127549601814,19.33731905471281,0.07137228487766728,0.6712113231508496,0.40675477453283243,107.7256609404218,18.00420543286203,3.6073430569502314,0.07030891571505227,1.3086428576589948,1.9223709516923664
156.0,0.85,91.57371314926421,47.916621122130096,19.411361193736738,0.07203389621322329,0.6482845236719225,0.3912628711298187,105.08887345961357,18.09366535558569,3.4822007993603097,0.07040548627736753,1.3121542835077307,1.9152130152847977
158.0,0.85,91.29280253702052,46.84815855324759,19.489462581929903,0.07272215112555051,0.6258434204867632,0.37626816347324266,102.44785983948746,18.18862446054711,3.360100567172932,0.07053264141821503,1.3158601430654229,1.9073880102144662
160.0,0.85,91.00828229299864,45.77639677202966,19.571959240203242,0.07344018882821263,0.6039063919574614,0.36175707523266837,99.80413978693396,18.28960605569346,3.2411383533231066,0.07070008492364677,1.3197760749505143,1.8988396052943253
162.0,0.85,90.71969732510604,44.701913708035896,19.659093924627015,0.07419119734686237,0.5824945044198118,0.34771621981283296,97.15987318007137,18.39720257968783,3.1254111038934194,0.0709205635437038,1.3239126903133187,1.8895083067299527
164.0,0.85,90.42612938404432,43.62509429798937,19.751673230475525,0.07498310862162964,0.5616128868132464,0.3341310853533865,94.51473898645064,18.51209914644464,3.012963879673351,0.07121083409308859,1.328309247464189,1.8793303186067971
166.0,0.85,90.12737964537429,42.546656804453875,19.8497972742921,0.07582036928454124,0.5412867850748577,0.3209887543788185,91.8721472659774,18.63506278951433,2.9038918751445495,0.07159280598781326,1.3329684167940672,1.8682402429959157
168.0,0.85,89.8229602339027,41.467136975623205,19.95397255756953,0.07671154271619549,0.5215282684747267,0.30827610575404063,89.2337204744409,18.766973124423888,2.7982431480394423,0.07209516938266747,1.3379132913951022,1.856168625630845
170.0,0.85,89.51210693829665,40.3870898748861,20.065105619335956,0.0776709359741269,0.5023421841953212,0.29597900921386516,86.60003745116262,18.908848427961665,2.6960437351898943,0.07275533188959238,1.343186907600004,1.8430441042444936
172.0,0.85,89.19405858120788,39.30718492186629,20.184256145387796,0.07871824129142584,0.4837333097819657,0.2840834181603077,83.97196866669891,19.061854043482498,2.5973160458063536,0.07362185986226111,1.3488393432811185,1.8287948417311548
174.0,0.85,88.86950722762987,38.22798382780934,20.31096290108162,0.07985990698144144,0.4657252683589643,0.27258240529398897,81.35536212974525,19.227249352928414,2.502099428788239,0.07475808122220262,1.3548421164094977,1.8133427281367411
176.0,0.85,88.53663299553594,37.15042943186032,20.447926855522653,0.08114455422263991,0.448302567966094,0.2614582329905099,78.74765311217,19.40658412650383,2.4103725833376783,0.07624475109591744,1.3613271717882067,1.7966215524785611
178.0,0.85,88.19661852192806,36.07494445465839,20.594349425358065,0.08258175502238223,0.4314858577093884,0.25070801550921157,76.15589019227474,19.60147254289438,2.3221407057656096,0.07818712657639426,1.3682463650807284,1.778549983338704
180.0,0.85,87.84863819317711,35.00251674681504,20.752227876547376,0.08422697154796463,0.4152682496469221,0.240320380765383,73.58099802111387,19.81382526978208,2.2373784924682827,0.08071807211521853,1.375692484267404,1.7590639995462414
182.0,0.85,87.49241588543921,33.934223575252275,20.92328477512073,0.08614620660798304,0.39964787740856306,0.23028808105827453,71.02593689319909,20.045732400259357,2.1560613207340795,0.08400529736527629,1.3837416004253789,1.7381061502568076
184.0,0.85,87.1284225223577,32.870965238022535,21.108449575315852,0.08840384557276328,0.3846262701042493,0.22060853033485167,68.4957169553657,20.299479687418394,2.0781517753834198,0.08825999836615961,1.3924267607738672,1.7156204291672115
186.0,0.85,86.75677841260804,31.81411923136022,21.309759863652395,0.09110518139803339,0.37019971250787376,0.21127982654887884,65.99486578989399,20.57752444630068,2.0036120793935703,0.0937410659504887,1.4018331953381058,1.6915742675443413
188.0,0.85,86.3781730035241,30.765019677173512,21.528779088918267,0.09436669834743404,0.3563657175223214,0.20230421147935465,63.529491150908335,20.882462767019543,1.9323934875919662,0.10076413009655272,1.4120176038731518,1.6659472876534889
190.0,0.85,85.9934141826508,29.72538375103775,21.76758591790988,0.09834542458763727,0.34312028099118846,0.19368703404404797,61.10647722036829,21.216914007531354,1.8644474255882715,0.10970252146728687,1.423056616811095,1.6387491480689582
192.0,0.85,85.60377372696695,28.697056291810092,22.028041440484873,0.10322401202635426,0.33045944317997755,0.185437416841744,58.734038715047184,21.583432257218593,1.7997185586575668,0.12098854681879656,1.4350091422311761,1.6100164184497434
194.0,0.85,85.21086315995372,27.68252675876961,22.312614502909742,0.10924884575929249,0.31837964635584987,0.17757008308367866,56.42207488071176,21.984155919513658,1.7381600393502756,0.135096198953931,1.4479552141081475,1.579838144941087
196.0,0.85,84.81689964808703,26.684374868358507,22.623191410821722,0.11668793636679259,0.3068773545719836,0.17010293903782603,54.18184071609416,22.420721495833515,1.6797161099619196,0.15252646667336167,1.4619365170669671,1.5483417205822518
198.0,0.85,84.42469096986504,25.705827531409223,22.96179926602226,0.1258673870068946,0.29595023826471517,0.1630596521679343,52.0266000148501,22.893687415025607,1.6243386769355084,0.17375749858423317,1.476990261181685,1.5157215956941263
200.0,0.85,84.03776638827013,24.75063287096931,23.330100778959967,0.13715147688707988,0.28559717101733106,0.15646848434172833,49.971479306797676,23.402101218608145,1.5719827009340763,0.19918378407023152,1.493123864294677,1.482241721089899
202.0,0.85,83.66086058154643,23.824041337405962,23.730057101540037,0.15099929415109326,0.2758227436444141,0.15037080854091894,48.03606898981417,23.94211195788559,1.5226322369670777,0.22898719765220044,1.5103434690972268,1.4482910655983803
204.0,0.85,83.29902983952772,22.93038761774278,24.160974712476097,0.16774419908677868,0.26662673206979715,0.14479637820262728,46.23739000989695,24.508270184459278,1.4762342268023119,0.2631375249138991,1.5285227853190253,1.4142672792519855
206.0,0.85,82.95790366614581,22.074635695279678,24.621347366867347,0.18768598340107157,0.25801013257486777,0.13977488451856465,44.592941942907736,25.09213816543397,1.432744202538351,0.3012604540920366,1.547493314733258,1.3806450938307702
208.0,0.85,82.6451619681874,21.26452288579705,25.10949972057736,0.21117998709694635,0.24998689367401405,0.13535752342770782,43.12749678814638,25.679302723562227,1.392180404660441,0.3424038361773015,1.5670712739303891,1.348094611973504
210.0,0.85,82.36777347927566,20.506112700099845,25.620208586962388,0.23827439391583063,0.24256217542352654,0.13156867523013913,41.85816445484428,26.25395553122512,1.3545123729262052,0.3852875478349681,1.5869277429350581,1.3172280059452128
212.0,0.85,82.13337117138502,19.80657062847743,26.14651500814211,0.26885467652232137,0.23574670525970506,0.12843306546085262,40.80238501719008,26.79645693612502,1.319736999365409,0.4281850555233101,1.6066773414786573,1.2887311743010954
214.0,0.85,81.94888394727568,19.17253183101101,26.67904828974393,0.3025229853612398,0.22954906549604812,0.12595838719568664,39.97200915242211,27.28622897240252,1.2878431524979925,0.4691650380478182,1.6258676854264225,1.2632489965600777
216.0,0.85,81.81856812893524,18.60799520594134,27.206950155813807,0.3385830448524793,0.22396448202693522,0.12411868818820691,39.3667764495887,27.70631225817671,1.2587669728828637,0.5064861024489902,1.644038019941302,1.2412361438738806
218.0,0.85,81.74837862572532,18.121979932178935,27.717510400239448,0.37613619764041506,0.21900943310857324,0.12290918697914047,40.6006936549616,28.02910406110356,1.232542731269099,0.5321577847916225,1.6606934329094152,1.2266498543614779
220.0,0.85,81.73851405429396,17.985098602959308,28.17415339989178,0.4086679048483439,0.21479935022978483,0.1223170341397432,45.53750169338499,27.91640112514943,1.2097975077419312,0.47126908494334374,1.6744292515616628,1.261979900937362
222.0,0.85,81.77225680666523,18.299761633698644,28.512594583852618,0.430381507602537,0.21175350614812283,0.1219934925713131,46.60190675415817,27.514323063274816,1.1929516428640135,0.4186668000980225,1.6828778004695286,1.2948781503343025
224.0,0.85,81.82398031309637,18.591020581885797,28.74307188828755,0.445985933307898,0.2098282703340102,0.12156664108190195,45.451305258385254,27.244024936371012,1.1819287376706855,0.4066334511144759,1.6867782245438847,1.3027872114279184
226.0,0.85,81.87910625321538,18.652557093685527,28.91274504521819,0.46010641452317164,0.20857013297739965,0.12096710443918413,44.10516480454393,27.17637466254699,1.1743578792331562,0.4174333786337855,1.6882087069333966,1.29568161045559
228.0,0.85,81.93440167734968,18.544918885515642,29.05720025042199,0.47465743242516406,0.20757970722846222,0.12027783199571013,43.34606626065205,27.22281570066849,1.1681187719487625,0.4334011184180441,1.6886577786168442,1.285401457651342
230.0,0.85,81.99144852046547,18.385158398389514,29.190697240584008,0.48966667781969786,0.2066743395323299,0.11959143716810143,43.11536456660848,27.29261040536811,1.1622499907464015,0.4456569290731205,1.6887134652041849,1.2776809827900333
232.0,0.85,82.05196080646702,18.243865660049117,29.314231062510462,0.5045162775041391,0.2058248330156551,0.11895542963570332,43.09503968964722,27.34108434084935,1.1566167133220464,0.45311229717364554,1.6884275020227566,1.273052218856223
234.0,0.85,82.11619469786552,18.135744895849946,29.42516973619203,0.518750892916092,0.2050538379871564,0.11837562134819472,43.053009755519504,27.364777542460303,1.1513618433382202,0.45825785499108906,1.687710047896605,1.269886122291741
236.0,0.85,82.18340835876138,18.048126805910954,29.522209225963522,0.5322642534532558,0.20437745834399498,0.11784165682050968,42.92356846101422,27.37665048559277,1.1465879839148823,0.46337587867668995,1.6865261821118267,1.2667594298576466
238.0,0.85,82.25260103890128,17.965911723180128,29.606639782164926,0.5451770378698966,0.20378877977285098,0.11734315291913404,42.737269663889045,27.387882416373518,1.1422697504849575,0.46928602523873286,1.684937849219529,1.2631759242056106
240.0,0.85,82.32310798128123,17.882422493291816,29.6806189496216,0.5576307058589349,0.20327074564720377,0.11687660782510051,42.539882564614786,27.40204588466454,1.1383228113767556,0.47579002137197035,1.683037548993665,1.2592649461919263
242.0,0.85,82.3946213375671,17.797656667786878,29.746058476420185,0.5697085542364958,0.2028071171201322,0.11644293551103757,42.356588436400834,27.417958522314038,1.1346645633895136,0.4824403682660243,1.680905769611428,1.2553001680614437
244.0,0.85,82.46701963857448,17.71388939466484,29.804434081403546,0.5814454014062173,0.20238592492464966,0.11604297764317267,42.18788193231969,27.4333976441055,1.131233898466074,0.4889557430170536,1.6786014576726689,1.2514483140765735
246.0,0.85,82.54028819498471,17.632867466797855,29.85642651426516,0.5928383002344454,0.20200164877846788,0.11567822157991665,42.03101585648888,27.446968940811683,1.1280029481129938,0.4952621238972703,1.6761562354799544,1.2477496436054258
248.0,0.85,82.61437224511312,17.554982365845706,29.90279813202365,0.6038978838432737,0.20164946756358013,0.11534708114028133,41.87695352914505,27.458443015098986,1.1249470715079273,0.5014079378009733,1.6735982607662199,1.2441723294548352
250.0,0.85,82.68926654049959,17.480064386374583,29.943873981750396,0.6146231752830977,0.2013273424836642,0.11504974588001092,41.7283425427639,27.467946586623093,1.1220557070882515,0.5074373751609792,1.6709450597869435,1.2406880613873639
252.0,0.85,82.76491383685067,17.407591677686195,29.98034819159017,0.6250387894133091,0.2010312872630852,0.11478349121212314,41.579964915861524,27.475821210831597,1.1193075939829384,0.5133785878442486,1.6682190937162993,1.2372785889136384
254.0,0.85,82.841331469872,17.337384239662025,30.01250965920838,0.6351494986640382,0.20075950489198138,0.11454831135818976,41.43662557702281,27.482097451390224,1.1166926923359641,0.5192236805695709,1.665434777610821,1.2339466960457417
256.0,0.85,82.91852772383952,17.26932208659023,30.04075572597023,0.6449670317245233,0.2005096594662029,0.11434311809204799,41.298652386385946,27.486774168877577,1.114197914809373,0.5249627560396692,1.6626067191147245,1.2306962784584972
258.0,0.85,82.99650266165563,17.203305435706113,30.065490184873056,0.6545059328672439,0.20027945972280595,0.1141661866596666,41.16257003807728,27.489871045127824,1.1118103484711295,0.5305934605344061,1.659747110537899,1.22752695862406
260.0,0.85,83.07528692623332,17.139303677097722,30.086935677328935,0.6637713567983771,0.20006765115711278,0.11401690736678037,41.02944958183813,27.49135782767587,1.1095224676418418,0.536113070162669,1.6568646609624595,1.2244386327980343
262.0,0.85,83.15489272405405,17.07722058365477,30.105355022163486,0.672773191243679,0.1998728013500707,0.11389396173823971,40.896916506434714,27.491278204006022,1.1073258519360518,0.5415254695592375,1.653966994573414,1.2214275905127925
264.0,0.85,83.23542207947594,17.017135416331364,30.120696113438736,0.6814995067823394,0.19969521091085718,0.11379889605415958,40.77844460275078,27.489486620954093,1.1052208076942378,0.5468200013333144,1.6510599565305135,1.2184982812936713
266.0,0.85,83.31677551909715,16.9587070204261,30.133523681827377,0.6899862228673646,0.19953182688342308,0.11372690622881287,40.652648437555925,27.48630100218999,1.1031909030344709,0.552020007248537,1.648149694060883,1.2156364504628119
268.0,0.85,83.39907083859353,16.902052560188096,30.143693995634386,0.6982170126722792,0.19938345694188417,0.11368010542062569,40.536312363599016,27.481542946506657,1.101239068679729,0.5571111480646912,1.6452403237650002,1.2128487630186588
270.0,0.85,83.4822606446594,16.846975896669534,30.15153127126829,0.7062126601183771,0.1992483479787616,0.11365571886872958,40.41804096985962,27.475390953078307,1.099355633315671,0.5621056475047601,1.6423355700023277,1.2101273563713888
272.0,0.85,83.56644862478109,16.793560459685658,30.15693893798428,0.7139609424179149,0.19912706891837056,0.11365524466276677,40.31311693876314,27.46770868692294,1.0975422815453832,0.5669923203976424,1.6394392666846183,1.2074772237903053
274.0,0.85,83.65153251862581,16.741557629887524,30.160300355170502,0.7214904708343136,0.19901751489928046,0.11367497675878376,40.20135904615689,27.458757520075007,1.0957880459383817,0.5717893124697316,1.6365529911207564,1.2048875070376273
276.0,0.85,83.73754456960847,16.690952216743934,30.161652125191015,0.7288016527628381,0.19891950910039694,0.11371481844780731,40.08676092737818,27.448529666146744,1.0940912682203319,0.5764948858901485,1.6336790709404228,1.2023582389398382
278.0,0.85,83.8246281144415,16.64188567525588,30.160807027777533,0.7358748436123486,0.1988341561666825,0.11377709639845257,39.994250502549164,27.436825231342826,1.0924561190996496,0.581093089105691,1.6308215959988002,1.1998970742572193
280.0,0.85,83.91262472730418,16.594076739621567,30.158179634660794,0.7427446299935316,0.19875914123205476,0.11385749754645158,39.89470920105018,27.423970416154116,1.0908712304098023,0.5856062925356239,1.6279797485461973,1.1974911878734948
282.0,0.85,84.00156137063921,16.547520886486566,30.15378729012423,0.7494107236941921,0.19869440079651643,0.1139560100423503,39.793126071814676,27.409956211982728,1.0893356628012363,0.5900323558146274,1.6251552997678937,1.1951409767188887
284.0,0.85,84.09143304955502,16.502175023653113,30.147701788658956,0.7558779899917027,0.19863956226331103,0.11407199904147783,39.6892337351539,27.394824814678252,1.0878471410717019,0.5943727180109866,1.6223493988588702,1.192844966604969
286.0,0.85,84.18228763564667,16.458067684845563,30.139896388050065,0.762141940920676,0.19859483354149016,0.11420590375409596,39.594136623753755,27.378530255365167,1.0864059721935933,0.5986222420490129,1.6195643143729077,1.1906051888507128
288.0,0.85,84.27414569360668,16.415196502188053,30.130390662878916,0.7682023092538613,0.19856016565906498,0.11435763482315733,39.51513734766686,27.36106922293732,1.0850113541955686,0.6027786733934812,1.6168018866955625,1.188422158490627
290.0,0.85,84.36685654369475,16.37335923986924,30.119476700429995,0.7740861555750213,0.19853388805749453,0.1145240553115754,39.424011867369444,27.34269821311925,1.0836556546626435,0.606859010693917,1.6140597767789566,1.1862863465039855
292.0,0.85,84.46047059224226,16.332605494988506,30.1071021329477,0.7797867977597461,0.19851636948888932,0.11470584716077331,39.334855511473464,27.323354356959072,1.082340069289013,0.6108565790467926,1.6113403024804054,1.1842007012909774
294.0,0.85,84.55496638579127,16.292902414625953,30.093328783102237,0.7853088300847628,0.19850730644467143,0.11490241569118459,39.24761011589646,27.303082936105433,1.0810629655515864,0.6147725513162444,1.6086441358840435,1.1821640768125168
296.0,0.85,84.65031958786327,16.254219500135118,30.078216649839423,0.7906567378787852,0.1985064078592263,0.11511318083402798,39.16222108075086,27.281928718146272,1.0798228275112267,0.6186079911593021,1.6059718892559338,1.18017541600939
298.0,0.85,84.74650309880943,16.216528474730058,30.06182410930562,0.7958348964622683,0.19851339399032436,0.11533757589863106,39.07863925706707,27.259936200609346,1.0786182473625079,0.6223639383724662,1.6033241245083687,1.1782337040200757
300.0,0.85,84.84347279506676,16.179785005332537,30.044229930602015,0.8008500232758061,0.1985278556351612,0.11557480481128049,38.99279307149049,27.237171818175334,1.0774473387671568,0.6260431539995333,1.6007008618105423,1.1763370679403014
-30.0,1.0,89.08117744953643,13.10483870967742,11.48,0.8611095785864007,0.1930554845416145,0.11110892574554117,31.907165999520554,31.340397394332,0.9928590470346963,0.9999992540156787,0.9999993377001946,0.999999783498902
-28.0,1.0,89.20265585882711,13.640264468267697,14.828844258805303,1.0564461860336338,0.19321506355404297,0.11735894745755478,58.5766552551211,29.983881655918502,0.9934731979756233,0.622968266740598,1.2505346182592407,1.1779218077004991
-26.0,1.0,89.66165148584051,16.444855229106764,17.227543957197966,1.1222283828278132,0.19517470150333463,0.12934033038702733,70.25583780936094,26.53427914732292,1.0022741037832787,0.2587434964577091,1.4109601663358342,1.41841044984654
-24.0,1.0,90.23339442121663,19.491328699397915,18.80654463086022,1.1152135596455308,0.20018636882920643,0.14067843964522228,65.94823941321528,24.490329310412456,1.0252206355052582,0.18314082153674582,1.505630743495334,1.5027720437852767
-22.0,1.0,90.74929080431494,21.15925210902395,19.93626747928783,1.0837800787746,0.20713319753237236,0.14927659452154096,57.80601984799255,23.744379247844392,1.0569991778159045,0.18529378349014514,1.5666934836560813,1.4999057447468758
-20.0,1.0,91.15495284346741,21.481011891351486,20.83799850837142,1.0473204346194016,0.21422419999384162,0.1549340848336795,50.199084684521516,23.664672801226434,1.0890751846802829,0.22138445171699184,1.6109688920708518,1.4565141608499799
-18.0,1.0,91.44664240196411,20.949277771034197,21.627555577445712,1.0145681732230927,0.22010624188980923,0.15808755146127682,44.33038309652194,23.969510515569752,1.1150894277186358,0.284883434616514,1.6466033917000695,1.3946159097531654
-16.0,1.0,91.64238703838679,20.016516399282537,22.370923489681797,0.9902040216197321,0.22410879374153617,0.15944526066971854,40.54086695091538,24.507087692579717,1.1319951361583858,0.36750090631865295,1.6779063727101962,1.329705011821521
-14.0,1.0,91.77058978255673,19.018337894577908,23.100954909222736,0.9757433538203572,0.22619021171987164,0.15979303024729763,38.74397214200955,25.131227205076343,1.1397374924944499,0.4505431602324421,1.706904476861089,1.2746416914462175
-12.0,1.0,91.86052464546812,18.170576461333308,23.820964886118038,0.9695642927114998,0.22672612710105886,0.15978146336738905,38.45803137048893,25.69286020918262,1.1402054215114177,0.5137203843455449,1.733880590623326,1.2370831477812934
-10.0,1.0,91.93505299570226,17.566402147850745,24.513129772335553,0.9679911392153524,0.22628319081718629,0.15978986102365708,38.94181384159559,26.095531599078633,1.136146547435005,0.5497217154751788,1.7580658974476198,1.2168994869141005
-8.0,1.0,92.00625549728876,17.197391034175098,25.15369904267613,0.9676158522932761,0.22537247918965753,0.15992594212120448,39.552252059620876,26.327079010673764,1.1300097135123792,0.564762561919209,1.7785283418856384,1.2086849443732695
-6.0,1.0,92.0773171938084,16.997913810646633,25.725148063805744,0.9664860775265346,0.2243486812361191,0.1601409250495696,39.93869165089468,26.435795072696074,1.1234839926543092,0.5696252102007301,1.7947533639198692,1.206054396441077
-4.0,1.0,92.14654875068184,16.887900417397454,26.224239370730842,0.9641450781559747,0.22339352462241155,0.16034375044323454,40.04523503242572,26.485872039376517,1.1174260518641095,0.5724191954112462,1.80693392646988,1.2045483101833354
-2.0,1.0,92.21110697276501,16.811532660907993,26.655308362422844,0.9609345570434431,0.22256207137731854,0.16047043406410183,39.95879896668445,26.52031145796373,1.1120928475705751,0.5765426655809966,1.8155651129868855,1.2023326126733247
0.0,1.0,92.26908627353552,16.739854077003596,27.02844225155045,0.9573917930875415,0.22184344564831668,0.16049958654465973,39.794452631913316,26.558701276610968,1.1074255888483249,0.5823421567914795,1.8213300868441602,1.199230263202372
2.0,1.0,92.48575851127389,17.292798385677948,27.306042548450893,0.9256564335235189,0.22138915347913693,0.17598764085566104,92.70510863916807,25.397918172004772,1.1040179987288523,0.25725129902911903,1.822802041131251,1.4198317811523444
4.0,1.0,93.79858320940713,24.09153991488807,27.02881787237234,0.8113373970499884,0.22544597587646173,0.24020750577632172,181.35476263377478,21.20214611294063,1.1205170087496397,0.07198836409503295,1.800569344824915,1.858552269659694
6.0,1.0,96.44607028436049,37.71468930526814,26.31253050517266,0.6849410484296675,0.24424274014050204,0.35722364367866305,235.6572322413357,19.601602046089184,1.2028620647321162,0.07001189161209576,1.7592564642669664,1.9732391161240403
8.0,1.0,100.08244909614247,52.785270223576035,25.547183507633402,0.5729740099905126,0.28757409306066395,0.5237133321027471,258.9699095058574,18.994000242520066,1.3935277815237646,0.07000022694053953,1.7153422166205194,1.9927441512959934
10.0,1.0,104.30027734374754,65.72915290791613,24.82083633389264,0.4798496601886644,0.3653071928477574,0.7241222224154651,264.9938352801358,18.649345619867226,1.7318754074701221,0.07000001622428109,1.6728159097734292,1.9969660295941136
12.0,1.0,108.73220565123064,75.51214819672094,24.159949384078327,0.40441692582120553,0.4865870884460055,0.9343230295080399,263.5742258835159,18.45665111405202,2.2503110218924984,0.07000000322015087,1.6331241172599857,1.9982227223607
14.0,1.0,113.07346018474642,82.41135562780686,23.573882751537575,0.34380561601676085,0.6545784463333205,1.1333454824970848,259.39464521498627,18.351970744202227,2.9538810151892188,0.07000000127786965,1.5969662177400346,1.998690868202555
16.0,1.0,117.08899149720773,87.06698998070955,23.06225120503765,0.2950636334714465,0.8610816823865467,1.3093424044120394,254.28472800473,18.295076502504237,3.803033987961421,0.07000000080211488,1.5645487605385577,1.9988777808278353
18.0,1.0,120.62112534892637,90.06362568325842,22.61972223392534,0.25572319573580465,1.086790139700918,1.4584872141769731,248.6687104726681,18.263573735921202,4.719488875026437,0.07000000068828038,1.5357795613832927,1.998933187911244
20.0,1.0,123.5942531143937,91.83287902871412,22.239075953243756,0.22385678290602434,1.308339167036456,1.581712879811615,242.74912436355868,18.245637226276983,5.6144745986451765,0.07000000073544599,1.5104145037332817,1.998909537776084
22.0,1.0,126.00580475310637,92.68621776180916,21.91275776845513,0.19796681941374586,1.506810678503495,1.6821157891771732,236.76799268261448,18.235094309440722,6.418245452513072,0.07000000091423897,1.4881438583713045,1.9988281406239972
24.0,1.0,127.90304247442342,92.86195859297898,21.633600983968442,0.1768711783474257,1.6720225234172688,1.7633923565091851,230.9760266629498,18.22869827704512,7.09321001217267,0.0700000012526445,1.4686406789075324,1.9986994739175423
26.0,1.0,129.3562908777253,92.55153218133081,21.39511219927677,0.15962241167800706,1.8018261943959133,1.829031803297605,225.55605809713387,18.224711702589182,7.630430846365331,0.07000000181305266,1.4515861626701216,1.9985302663815443
28.0,1.0,130.43846346408355,91.90856119232146,21.19155286724943,0.1454568535792265,1.8990591515138167,1.8819772814054396,220.60163933933094,18.22218350052324,8.038984341348668,0.07000000268666162,1.436682556433496,1.9983260739891975
30.0,1.0,131.21412535012826,91.05215102634187,21.01791934241274,0.13376023004589357,1.9686392972979931,1.9245551408047072,216.13355338487872,18.220579557835343,8.336074847966405,0.07000000399003126,1.4236586117004313,1.9980921308895943
32.0,1.0,131.7359689444213,90.0705414941716,20.86988851511802,0.12404158628561876,2.0157340063885734,1.9585318025226723,212.12948975117718,18.21959229941416,8.540669472907231,0.0700000058599759,1.4122715199248344,1.9978335165986658
34.0,1.0,132.0455475218532,89.02637351023715,20.743736757983726,0.11591040874399672,2.0449292622856374,1.9852207847690748,208.54686242038156,18.21904062194998,8.670387924837225,0.070000008446224,1.4023058561102968,1.9975550938514455
36.0,1.0,132.17539278914157,87.96249539536646,20.636275194871093,0.10905776732091049,2.0599878397483513,2.005586923570863,205.3395218921754,18.218816524983335,8.740348093198362,0.07000001190212735,1.3935725656911784,1.9972614360339132
38.0,1.0,132.15140219302816,86.94354954857012,20.544776669754505,0.10323954881276719,2.063940046886067,2.020341541195686,206.49610515669772,18.218854521054325,8.763241869133816,0.07000001503239384,1.3859065768776435,1.9970416185172892
40.0,1.0,131.9939409856931,86.42192862326344,20.466897713097467,0.09826195518538132,2.060813044873098,2.03003572318637,210.19607476732205,18.219109677450327,8.756626213878073,0.07000001440603087,1.3791633959456975,1.9970829609509957
42.0,1.0,131.71342996771693,86.45575357007485,20.40065498166687,0.09397284744360916,2.0558742831509744,2.035079072303797,213.43008928827425,18.219565006340687,8.744621084567694,0.07000001248097876,1.3732189544587612,1.9972180915780609
44.0,1.0,131.31057210204045,86.82504235566061,20.344349301218546,0.0902522826604474,2.0519878424201665,2.035769588615618,216.2193418579378,18.22022318075153,8.741976610934763,0.07000001037578696,1.367965454502894,1.9973829450202953
46.0,1.0,130.78237246236154,87.37505401234361,20.29653931516554,0.08700724810777599,2.0499670189368864,2.0323090464285585,218.5677108836485,18.221100009950092,8.75461016347633,0.07000000851263888,1.3633103664855428,1.997548752737011
48.0,1.0,130.1265674613442,88.00544614344267,20.256006200341474,0.08416569826193775,2.0495557024526843,2.024823122140185,220.46936316903177,18.22222228491776,8.783345733385797,0.07000000702093279,1.359174618584665,1.997700058698844
50.0,1.0,129.3439650517734,88.64759561424366,20.221711080259084,0.08167039680559522,2.049995311216985,2.013391324462001,221.91613724949704,18.22362673377433,8.826186013913011,0.07000000589603639,1.355490074052659,1.997829116431762
52.0,1.0,128.43939402188226,89.25305390640959,20.192765318081946,0.07947430083222644,2.0503506537608804,1.9980754668395326,222.90325958739228,18.2253595559108,8.879675144103071,0.07000000508571858,1.3521977606838715,1.9979327121477017
54.0,1.0,127.42106821212808,89.78687406761335,20.168434159390763,0.07753936421627255,2.0496975477418116,1.9789336284624612,223.43146992274112,18.22747716599517,8.93979736796819,0.0700000045325535,1.3492484970250547,1.9980099642709874
56.0,1.0,126.3009862807235,90.2247396637423,20.148080655942774,0.07583156945279433,2.047242077582926,1.9560566944717093,223.51124471614685,18.230044845823695,9.002478624306756,0.07000000418832864,1.346598971169547,1.9980612776955855
58.0,1.0,125.09019864302181,90.54459892915301,20.13131187945442,0.07433296003047399,2.0422531977627196,1.9295209782600011,223.1523730585048,18.233143544750295,9.063755111585547,0.07000000402657913,1.3442232933147609,1.9980863684493708
60.0,1.0,123.80933406499628,90.74238484641114,20.11751102159966,0.0730032579796975,2.034417970450482,1.8995829493878527,222.39445234441806,18.236848806430007,9.120342649489023,0.07000000402023998,1.3420771206924487,1.9980873653953606
62.0,1.0,122.4727502136111,90.80912342409707,20.10642456209842,0.07182868098421548,2.0234121852171625,1.866440072239959,221.26453643786286,18.24125628252919,9.169299334722924,0.07000000416999219,1.3401430580473916,1.998064089081022
64.0,1.0,121.0968009353457,90.73963067009676,20.09783762258339,0.07079589983696413,2.009046333794617,1.8303803794537192,219.79892151720568,18.24646447095787,9.207897124196974,0.07000000449043098,1.3384060066405339,1.998016100169725
66.0,1.0,119.6998655067204,90.54866838762551,20.091322038458305,0.06987149667443443,1.9916501387528494,1.7917678991851969,218.04724371805148,18.25256885459009,9.235435491864667,0.0700000049918279,1.3368330613715986,1.9979454136694856
68.0,1.0,118.29597048647862,90.22575704394654,20.086975283768535,0.06906340534801647,1.9709940108619128,1.7509790346484737,216.04504590124643,18.259671906618344,9.24895776330533,0.07000000573474141,1.3354322683552438,1.9978489402466475
70.0,1.0,116.89928582933283,89.79183697427608,20.084454953919867,0.06834283853936846,1.9476193413840086,1.708401913089417,213.8382652880385,18.26787241346146,9.24902272773243,0.07000000676423346,1.334176148042878,1.9977282163005023
72.0,1.0,115.52302087767657,89.25057979412868,20.083769501606817,0.06770744638829083,1.9216590351967762,1.6644710948997736,211.46772317865552,18.27725638253072,9.23434744960015,0.0700000081743406,1.333064477908954,1.997581406370337
74.0,1.0,114.17766755054453,88.61355150902632,20.08484050439251,0.06714807341958146,1.8934404158551779,1.619586047557331,208.97067004241222,18.28790483046724,9.204863873083735,0.07000001008338685,1.332089771258663,1.997407567619168
76.0,1.0,112.87050018638024,87.89627280491167,20.08754519312699,0.06665234740845244,1.8633808386005482,1.5740861750357216,206.3776313945969,18.299898424198204,9.161345087992864,0.07000001264181654,1.3312408214253095,1.9972062877739347
78.0,1.0,111.61262956801369,87.10306224662313,20.092013840404228,0.06622431228118003,1.8316152955218972,1.5284174716601808,203.72645402648294,18.31325905453451,9.102812056378463,0.0700000160792058,1.3305256326188566,1.9969750270728963
80.0,1.0,110.40218936628602,86.25465794796479,20.09798834983848,0.06584525001658102,1.7986748741304086,1.482719619477536,201.0264918765604,18.328089887239347,9.031767875775326,0.07000002065020428,1.3299227325526681,1.9967141370624677
82.0,1.0,109.25351176479053,85.35123814781804,20.105780448684214,0.06552799322478864,1.7645801085986916,1.437498115665994,198.32190419165877,18.34431075886132,8.946451081483438,0.07000002675383832,1.3294529615551016,1.996420421158125
84.0,1.0,108.15739418886,84.4120128820643,20.115049671719863,0.06525253485203805,1.7298085690379377,1.3927143945739437,195.60342033550964,18.36205407003343,8.85012013701678,0.07000003483485129,1.3290893652497695,1.9960940412525403
86.0,1.0,107.12481656311867,83.43975194254293,20.126067171449453,0.06502854856337331,1.694442857769184,1.3487638450300012,192.9061552836336,18.38119812389904,8.741872596730087,0.07000004552951888,1.3288491859195868,1.9957325743666974
88.0,1.0,106.15076826749132,82.4450466602179,20.138686983845105,0.06484736510290881,1.6587445079089347,1.3056747470619399,190.2283293948551,18.40178753820894,8.623589141001155,0.07000005961577416,1.3287199877321154,1.995334894966725
90.0,1.0,105.23197366999808,81.4349872468148,20.15283102533695,0.0647043175189373,1.6228885922398448,1.2634993160450274,187.57101780057576,18.423844804186828,8.496585005447706,0.07000007810115538,1.3286945277935516,1.9948993178530903
92.0,1.0,104.37247011232463,80.4139723402492,20.168640984471335,0.06460315688054068,1.5870038991755058,1.222427899834043,184.95086604188597,18.447248092975165,8.361195827910784,0.0700001022654888,1.3287804847933005,1.9944240811123528
94.0,1.0,103.57042753551283,79.38711127049854,20.18611173367732,0.06454222023683784,1.551230143504605,1.1825115795593601,182.37052347968492,18.471944978937497,8.218522201525252,0.0700001337201559,1.3289754781950454,1.9939074331640254
96.0,1.0,102.81812568494034,78.35857425460806,20.205071089996274,0.06451478503518539,1.5156655941977921,1.1436694637294798,179.81890095655817,18.498008888528616,8.07011184302603,0.0700001745358314,1.3292664048353324,1.9933469427942345
98.0,1.0,102.11457379897539,77.33099913406447,20.225546677621548,0.06452112865706533,1.4803947860028919,1.1059482119609898,177.29908388655642,18.525377664856887,7.9167363423837855,0.07000022731354938,1.329653450030783,1.9927402142083785
100.0,1.0,101.45691382211614,76.30648606854889,20.24751647898893,0.06455998644822818,1.4454857644715986,1.0693465241052824,174.80941918842572,18.554025673785038,7.759295762929402,0.07000029535130126,1.330133588608791,1.9920844496154937
102.0,1.0,100.84464271208861,75.28686056431793,20.271048860628575,0.06463262433295044,1.4110187580112543,1.0339000985132263,172.3521986286033,18.583856558073798,7.5985286647945225,0.07000038277123499,1.3307093679739967,1.9913768800259992
104.0,1.0,100.27414499070619,74.27312184360164,20.296117212905617,0.06473753287370257,1.37703841551513,0.9995761909619911,169.9227045958307,18.61485784813291,7.435303496470181,0.0700004948408759,1.3313773624903644,1.9906138766612282
106.0,1.0,99.73974123808244,73.26531329948355,20.322612280758968,0.06487114488909367,1.3435474818222657,0.9662979611705214,167.5120976036188,18.647105214514035,7.270441798602223,0.07000063834906545,1.332129312147863,1.9897907793464336
108.0,1.0,99.2384090030119,72.26339365504649,20.35051894089065,0.06503248024200116,1.3105626977992906,0.9340355020527488,165.11647931574183,18.680610776171136,7.104554149939994,0.07000082190500012,1.3329628178961017,1.9889026975320299
110.0,1.0,98.76866766934162,71.26727476726288,20.37990210257883,0.0652222978541906,1.2781149140058152,0.9027833842964266,162.73396045795442,18.715335989393257,6.938169688066478,0.0700010564556357,1.333880104822042,1.9879443181616157
112.0,1.0,98.32567076352072,70.2759561442999,20.41066825156078,0.06543755440271566,1.2461756538022337,0.8724705504691238,160.3572047519835,18.7513937817094,6.77177679892413,0.07000135624467729,1.3348742612802027,1.9869088416072054
114.0,1.0,97.9075184949535,69.28875896986025,20.44286366000083,0.06567836800544066,1.214750950359916,0.8430780216155269,157.98348348687375,18.788797024058198,6.605758061234428,0.07000173946784916,1.3359465082388455,1.9857891509322787
116.0,1.0,97.51153962792402,68.30468742809579,20.476500651050056,0.06594389384712271,1.1838282395749653,0.8145703779257668,155.608783584654,18.8276078868017,6.440440062682383,0.0700022296975451,1.3370961056509398,1.9845769759547331
118.0,1.0,97.13524032378177,67.32265680454704,20.51160089995666,0.0662333437037433,1.1533910222891277,0.7869137586350597,153.2294326427498,18.867900691530295,6.276087202712038,0.07000285748400281,1.3383228655135349,1.9832630017561494
120.0,1.0,96.7763107747643,66.34154259851458,20.54819598950012,0.06654598431567356,1.123420217290885,0.7600762603986287,150.84215905513858,18.909761440097427,6.112910203389514,0.07000366252110557,1.3396271708664638,1.9818367869231979
122.0,1.0,96.43262701136847,65.36022340073501,20.586327794904616,0.06688113587954383,1.093895435302809,0.7340281836609281,148.44413455163067,18.953287305037964,5.951075029063622,0.07000469650223051,1.3410099839979035,1.9802866801579964
124.0,1.0,96.10224830283825,64.37761739729257,20.626048727162807,0.06723817101696422,1.0647961516921036,0.7087421445543657,146.0329995771788,18.998586154479522,5.790711852243828,0.07000602688874125,1.342472845707217,1.9785997340979606
126.0,1.0,95.78341071793997,63.392712353268166,20.667421873766394,0.06761651442065858,1.036102753269668,0.6841930753525599,143.60687256407653,19.04577617903437,5.631923702777418,0.07000774188561087,1.3440178680432604,1.9767616156141674
128.0,1.0,95.47451761689446,62.40458923105924,20.710521073617137,0.06801564326180813,1.007797438039935,0.6603581387871148,141.16434506950833,19.094985674375494,5.474794480600414,0.07000995701345669,1.3456477227547103,1.9747565121998438
130.0,1.0,95.17412785330235,61.41243985472322,20.755430961310296,0.06843508854477705,0.9798649545451804,0.6372165764512607,138.7044650570721,19.146353024936708,5.3193960996651475,0.07001282379156959,1.347365627520734,1.9725670339702104
132.0,1.0,94.88094231390023,60.41557903640257,20.80224702041565,0.06887443773395033,0.9522931747283203,0.6147495070099414,136.22671029826952,19.20002693606269,5.165794617149418,0.07001654121180168,1.3491753322082274,1.970174110713844
134.0,1.0,94.5937893206261,59.41345154591799,20.851075690772042,0.06933333900364638,0.925073498810798,0.5929396900872665,133.73095368805144,19.256166964471916,5.014055261329021,0.07002137090059901,1.3510811076355815,1.967556883607179
136.0,1.0,94.31160943198113,58.40563441230774,20.90203457550575,0.06981150746607337,0.8982010942363183,0.5717712719691146,131.217422499415,19.314944392564207,4.864246314634803,0.07002765715221093,1.3530877392774292,1.9646925914015196
138.0,1.0,94.03344019579492,57.39183518714204,20.955252791070873,0.07030873383297362,0.8716749753852101,0.5512295263861623,128.68665380264295,19.376543486333247,4.716441854503079,0.07003585339152196,1.3552005281091848,1.9615564509914165
140.0,1.0,93.75840133688577,56.37188683779597,21.010871503230636,0.07082489613398864,0.8454979361824104,0.5313006004186295,126.13944810401424,19.44116317725706,4.570723404554707,0.07004655711724084,1.3574253006625414,1.9581215324361472
142.0,1.0,93.48568075637878,55.34573991663148,21.06904469421251,0.07135997528351572,0.8196763521374348,0.5119712744994939,123.57682294900344,19.509019213445924,4.427180590579308,0.07006055602050942,1.3597684303799706,1.9543586288126469
144.0,1.0,93.2145216458259,54.31345265257071,21.129940207669712,0.07191407549746012,0.7942198710479601,0.49322874471199063,120.99996807730983,19.58034682831815,4.285910923456708,0.07007888881591318,1.362236872305931,1.9502361216287065
146.0,1.0,92.94421097257008,53.27517962120297,21.19374111761415,0.07248745088990592,0.7691410132638883,0.47506043312443214,118.41020360698145,19.655403977122933,4.147018848312072,0.0701029254199168,1.3648382129775412,1.945719842919506
148.0,1.0,92.67406953054414,52.231159622493486,21.26064746837731,0.07308054003416174,0.7444547036685272,0.4574538292464341,115.80894246684089,19.734475197853445,4.0106142109008225,0.07013447253972349,1.3675807372592412,1.9407729357392225
150.0,1.0,92.40344367351926,51.181703336741315,21.33087843453368,0.07369401082445622,0.72017775815655,0.4403963647533176,113.19765798743855,19.817876162640363,3.876810298504524,0.0701759125864374,1.3704735137787067,1.9353557155840484
152.0,1.0,92.13169878525589,50.127181270485224,21.404674954808808,0.07432881870990121,0.6963283469473667,0.42387532292976987,110.57785734811006,19.90595899470046,3.745721611213429,0.07023038621582223,1.3735265006779465,1.9294255363557784
154.0,1.0,91.85821448526978,49.06801246004191,21.482302922720432,0.07498628252262293,0.6729254556080707,0.4078777807922075,107.95106127688638,19.99911843940542,3.6174615103552226,0.07030203186556694,1.376750674700786,1.9229366661243776
156.0,1.0,91.58238153173352,48.00465431658275,21.564056963863678,0.07566818307424578,0.6499883624405995,0.3923905857791824,105.31879038235132,20.09779898406745,3.492139875972259,0.0703962995870242,1.3801581833563368,1.9158401784298005
158.0,1.0,91.30360036744617,46.93759390255233,21.65026487653811,0.07637689167861295,0.6275361484744156,0.37740036354380146,102.68255831121868,20.20250303137996,3.36986088648412,0.07052036142712703,1.383762522128909,1.9080838680367391
160.0,1.0,91.021281227685,45.86734089211727,21.7412928210755,0.07711553794195036,0.6055872533012738,0.3628935539257593,100.04387163546431,20.313800245319243,3.2507210125960304,0.07068364683598283,1.387578738685099,1.8996122024562696
162.0,1.0,90.73486529749418,44.794429451979425,21.83752791641538,0.07788807732078697,0.5841596557965979,0.34885651800510126,97.40433530553189,20.432337751135584,3.1348088287719627,0.07089853858609874,1.3916225496589116,1.890366350166856
164.0,1.0,90.4434346831816,43.71929673184618,21.93985192941123,0.07870270310151445,0.5632599583087959,0.3352746045421261,94.76377472362361,20.558862727896553,3.022176125240162,0.07118128684548908,1.3959327728225963,1.8802838760646976
166.0,1.0,90.14687611787978,42.64268341803091,22.048271706140216,0.07956334109767539,0.5429159274090719,0.32213499848755955,92.12601192077794,20.69420804241087,2.912924555409644,0.07155312755655707,1.4005061278353783,1.8693004887223474
168.0,1.0,89.84470803897605,41.56512027403041,22.163341298345905,0.08047873682516149,0.5231396209476273,0.3094246450052542,89.49265561764092,20.83932864975293,2.807101817176374,0.07204184863574814,1.4053648576052222,1.8573478406639998
170.0,1.0,89.5364765566219,40.487154393197514,22.285684167172096,0.08146011840997941,0.5039411065762109,0.29713079657358304,86.86539646341288,20.99531471760796,2.7047428526356656,0.07268368984089668,1.4105337957166113,1.8443550178083121
172.0,1.0,89.22133774004249,39.4094064601142,22.416548510581382,0.08252758079575619,0.4853221516438789,0.28523930503362266,84.24459367486847,21.163430445464087,2.6058616538204626,0.0735256707952665,1.4160662686307095,1.8302508428919304
174.0,1.0,88.89907089969917,38.33252074662823,22.55658065354262,0.08369952924032391,0.4672927540189144,0.2737391234889343,81.6329512985505,21.34508618965274,2.5104777193440047,0.07462876132213037,1.4219860081642124,1.8149619150538199
176.0,1.0,88.5695536837492,37.257165002970275,22.706492288766064,0.08499966624989555,0.44986069452640604,0.2626202770898916,79.03343361725467,21.54187817751149,2.418597027989337,0.07607165202840016,1.428318696197599,1.7984145252857437
178.0,1.0,88.2319935807218,36.18423166149544,22.868165322485297,0.08647247952271814,0.433022597319182,0.251870821050368,76.44700152421275,21.755641493850153,2.3302061856200167,0.07795474522801404,1.435142682741023,1.7805417967017196
180.0,1.0,87.88718555874051,35.11420449712414,23.041390771116312,0.08814082346595237,0.41678933062824564,0.2414867123462815,73.87925928862276,21.98837524653797,2.2452864339918417,0.08040757919299124,1.4424371569793872,1.76126733755921
182.0,1.0,87.53373858752268,34.048662386318206,23.229918783587628,0.09010231583027825,0.40114884477267954,0.23145630189949928,71.33025848899959,22.242353610355195,2.163818272515657,0.08358995443427975,1.4503616384576459,1.7405484756068685
184.0,1.0,87.17328239390051,32.98777864096004,23.432509651329443,0.09237749276620988,0.3861109830330552,0.22178091515122367,68.80754918341708,22.520058401020094,2.085748172012024,0.08770871045172579,1.458842398208154,1.7183096618519806
186.0,1.0,86.8047572833459,31.933830130656872,23.65394790291501,0.09512848426870088,0.37166477577651214,0.21245564449287646,66.31334467415586,22.824063356606782,2.0110617259436347,0.09300808044761055,1.4680774538400894,1.6945455599090395
188.0,1.0,86.42980198019256,30.887179598183515,23.89344791857625,0.09840891889983845,0.357812136729027,0.20348380053754084,63.85511030599308,23.157293270453142,1.9396821870971497,0.0997987708413437,1.4780057685644838,1.6692061719643747
190.0,1.0,86.04862374528821,29.850349825582093,24.15516442997244,0.10243008393414578,0.34454730462492067,0.19487143324016493,61.43918787780664,23.522392992483713,1.8715860703246685,0.10843348532629737,1.488783430493671,1.642327291880615
192.0,1.0,85.66282472051604,28.82428612789367,24.439292024265303,0.10730904276694235,0.33186580463778276,0.18662423835737774,59.07325584689223,23.922389881460088,1.806690258248488,0.11933999416702501,1.5003816915163866,1.6139128432172682
194.0,1.0,85.2736906551818,27.812649691211575,24.750780286674882,0.11337810384175682,0.31976585977229693,0.1787624380877004,56.768222179446916,24.35911354719939,1.744985000251039,0.13295792944806717,1.512971968766284,1.5840949517909526
196.0,1.0,84.88363768875418,26.816826423570586,25.08947823414346,0.12081328461055077,0.30824179964505294,0.17129753029135636,54.53389634696874,24.834819947190216,1.6863788418126422,0.14979269237708648,1.52649218995623,1.552952153226877
198.0,1.0,84.49544965280707,25.84112321596683,25.459375267979272,0.13002242644841405,0.2972944707768714,0.16426053022255763,52.38531870198027,25.349468209403543,1.630856558273024,0.17028231348735123,1.5410464825112304,1.5207222539412804
200.0,1.0,84.11270671465624,24.888883710463727,25.86150099320395,0.14133485162994863,0.28692202197319344,0.15767747386357758,50.33706743701374,25.90212199669893,1.5783614032825648,0.19481582624478122,1.556599164592451,1.4876504861473918
202.0,1.0,83.73996624498534,23.96493169886371,26.297449000869836,0.15517103775000754,0.2771274080120466,0.15158579278839923,48.40753393103337,26.48889512839692,1.5288667511316447,0.2235900304164411,1.5731246663438863,1.4541006870412132
204.0,1.0,83.3823811420524,23.073975338723184,26.766883229366854,0.1718865473808874,0.2679122332100924,0.1460187667211862,46.61467896702164,27.103524252643624,1.4823310269398933,0.2565693925281517,1.5905075793033765,1.4204837714766476
206.0,1.0,83.0455916651854,22.221047605873906,27.26816004704893,0.19177715113253066,0.2592780693661077,0.14100674834718824,44.97616796459003,27.736715255637222,1.4387124113081997,0.2933948384987004,1.6085751518106772,1.3872735435375032
208.0,1.0,82.7371882386692,21.41379665706739,27.799299147746066,0.21518166222264115,0.2512388021018543,0.13660001520510695,43.51643319795748,28.372873861706694,1.3980283481517946,0.33315768973475723,1.6271361377704088,1.3551287464406907
210.0,1.0,82.4636055018866,20.657634272944552,28.354366813022377,0.24210522367386136,0.2437963732678418,0.132816109341323,42.250327209214,28.995772829187445,1.3602336890609745,0.37467928511400894,1.6458616513887565,1.3246177281270357
212.0,1.0,82.23169562327418,19.95887883063142,28.925982313009087,0.2724112428222762,0.23695695850117954,0.12967205090284623,41.1925051369865,29.585562360080736,1.3253067897188044,0.41638076255559153,1.6643916376030727,1.2963685731769699
214.0,1.0,82.05021559732687,19.326703413910625,29.504453942292518,0.30581170411388914,0.23074344397988386,0.12720081582926862,40.36309742574704,30.116314255472464,1.2933010152012514,0.45617354508495833,1.682308614366862,1.271165849889895
216.0,1.0,81.92199296245055,18.763276708378765,30.077773655277742,0.34154278572274194,0.225141202119113,0.12535877557604228,39.75593637042186,30.57239626546191,1.2641087762437007,0.4925201339766251,1.6991804168180027,1.2493542889955742
218.0,1.0,81.85326044552026,18.27788417184351,30.63227241037649,0.37874412704001464,0.22016943335289477,0.12414573805092345,40.92115924916573,30.923851544470864,1.2377768969362704,0.5179378026665038,1.7145561095950366,1.2346778120666744
220.0,1.0,81.84403905311021,18.134180877654362,31.129000047261457,0.41103614862050103,0.21593964895010886,0.12354501493620189,45.79736888870489,30.810343894967147,1.2149116175510652,0.46004014950598715,1.727167471868422,1.2687947745991575
222.0,1.0,81.8779481553606,18.43787691106404,31.498735613032192,0.432682066510599,0.21286826479473514,0.12321132162939542,46.86646628370306,30.38220680280437,1.1979135420815146,0.4094391729872393,1.7348572877256623,1.3009288707767594
224.0,1.0,81.92974773080765,18.72250641583419,31.75197390287025,0.44832173241046097,0.21091431579520575,0.12277793244731468,45.757077153089,30.091670060838794,1.1867201059613954,0.39761999283417393,1.7383247619041544,1.308818199928804
226.0,1.0,81.9850887156783,18.783637944243086,31.938791170511625,0.46247602183771847,0.20963199846790315,0.12217680102574523,44.446286781852095,30.016856343433716,1.1790035888393877,0.40773053587694896,1.7394798788528611,1.302059515793285
228.0,1.0,82.04070116779351,18.679119426589217,32.09744459737945,0.4770178366952012,0.20862446422676909,0.12148906723174302,43.6999840910228,30.064229053273994,1.1726593336459095,0.42289991814281025,1.7396978600456805,1.2921328319242726
230.0,1.0,82.09805571592568,18.52256127024038,32.243440610657295,0.49198513051368203,0.2077086055779779,0.12080501694617864,43.46542580795023,30.137560338406743,1.1667237579971186,0.4346635738555862,1.739527674305732,1.2845995755480226
232.0,1.0,82.15877156071393,18.382875214766795,32.3782170457923,0.5067904557038095,0.20685229744993855,0.12017085882187649,43.43595288364079,30.189244062262702,1.1610461906464087,0.4419531816209441,1.7390306480359286,1.27999925523956
234.0,1.0,82.22313009489746,18.275111000430137,32.49905729432974,0.5209941172746532,0.20607648740005716,0.1195931410938387,43.38961553579019,30.214890735910775,1.1557591455220715,0.44704181055009373,1.7381306918683814,1.2768173806653322
236.0,1.0,82.29037947881436,18.187161362777264,32.604899333652696,0.5345025164904826,0.20539473118857668,0.1190613357770599,43.26125498276736,30.22798786056068,1.1509515977118818,0.45206285776545796,1.7368070121582817,1.2737007808264489
238.0,1.0,82.35960658998414,18.104938401016575,32.69689222694838,0.5474180085280447,0.20480148343818647,0.1185662750533688,43.0792355970771,30.239979406906844,1.1466046316554266,0.45779621401701664,1.7351108510350817,1.2701692395912323
240.0,1.0,82.43015252630241,18.02186996334004,32.77743086311273,0.5598786859974871,0.20427942109640054,0.11810415396083394,42.886076398202086,30.25474639896965,1.1426325153661772,0.4640729531384934,1.7331292272780452,1.2663352755175379
242.0,1.0,82.50171123181089,17.937807728640077,32.848599571237656,0.5719657737320701,0.20381237304085084,0.11767547182661417,42.70477201245291,30.271191951069802,1.138952903745004,0.4704909097818567,1.7309364922978134,1.2624488572198755
244.0,1.0,82.57417513011973,17.854805739062254,32.91186105087498,0.5837091072273431,0.20338913870402206,0.11728151286672167,42.53850945821609,30.287082740931595,1.1355085277928039,0.476788247595638,1.7285844308200111,1.2586676492471118
246.0,1.0,82.64750555702923,17.77445483881324,32.9681698724723,0.595114853271812,0.20300302611390197,0.11692267260537666,42.38182358856186,30.30101654618659,1.1322652571863818,0.4828959374468773,1.7261067537548704,1.255029805775026
248.0,1.0,82.72167917367528,17.697240605232363,33.01815525478681,0.6061845596360318,0.20265014448693477,0.1165986395050529,42.23058912678864,30.312633918635502,1.129203170713187,0.48884565643899724,1.723526516105189,1.2515131355688833
250.0,1.0,82.79666076571058,17.622910832680514,33.06243343820284,0.6169289755838417,0.20232709385448422,0.11630804378768288,42.08204473045056,30.322145290644755,1.1263044287875799,0.49468359013121876,1.7208641091853036,1.2480877616501656
252.0,1.0,82.87242186108081,17.55106898615571,33.10158265117093,0.6273632522022624,0.20203074361667148,0.11604930883218609,41.93467149869651,30.329813833667878,1.1235521914126512,0.5004308979315348,1.7181375885871373,1.2447392776363346
254.0,1.0,82.94898453837946,17.48153836935932,33.13592228434697,0.6374914691922012,0.20175926124029137,0.11582246074295517,41.793810466255614,30.335669375558766,1.1209361511860685,0.5060806990576082,1.7153607868891165,1.2414699046927034
256.0,1.0,83.02633257206264,17.41412302582186,33.16602523066518,0.6473327854740475,0.20150961041113769,0.11562532203612134,41.65510261834467,30.339794719253746,1.1184395078492386,0.5116299574671573,1.712548254343282,1.2382796574035164
258.0,1.0,83.10450333653425,17.348811440865894,33.19214924521578,0.6568908091624156,0.20128038887972233,0.11545761841472063,41.52157875455575,30.342114211752246,1.1160539288516524,0.5170694655096042,1.7097098824246544,1.2351721206453434
260.0,1.0,83.1835049882917,17.285508345720977,33.214657752636654,0.6661773968786519,0.2010697381251008,0.11531779401404775,41.390215942093484,30.342664685207676,1.113768705709333,0.5224011418420146,1.706854578178909,1.2321445502200417
262.0,1.0,83.26337217093419,17.224163965463166,33.233758178975044,0.6751968907211721,0.20087661315098448,0.11520524423888832,41.2624839876232,30.341439484183947,1.111577340242735,0.5276249367562035,1.7039891594740242,1.2291954309736
264.0,1.0,83.34416880617796,17.164770695603867,33.24953951218472,0.6839470055950776,0.20070058437637467,0.11512021459141579,41.14502949151444,30.338381235919094,1.1094764136604125,0.5327371112399771,1.7011195340945395,1.2263254008997704
266.0,1.0,83.42583199779253,17.10706914027936,33.26248796481486,0.6924542887619531,0.2005392393229874,0.11505909825732105,41.02308180101963,30.333742366439257,1.107452706695037,0.5377538776030408,1.698250704823219,1.22352402481607
268.0,1.0,83.50843287297829,17.05108643637076,33.2725939391844,0.7007129321424793,0.20039264332161222,0.1150226263556053,40.90515604159157,30.32743941296419,1.1055054749472824,0.5426686355120234,1.6953865796372245,1.2207937710982484
270.0,1.0,83.59200193523859,16.99676506310163,33.27998837348453,0.7087270001667396,0.20026017018380868,0.11501016747546282,40.79347633769979,30.319493868207456,1.1036304999254218,0.5474817944319349,1.6925309072510102,1.218133234717569
272.0,1.0,83.67655286261268,16.944034625882125,33.284814444321654,0.7165027747734497,0.2001411240297066,0.11502082698374674,40.687623685578004,30.309953809771102,1.101823374006658,0.5521953843570355,1.689686577284068,1.2155401893725988
274.0,1.0,83.76202149317638,16.892715988385792,33.28738194699901,0.7240604277906604,0.20003394903966856,0.11505196006850747,40.57428452638911,30.299018368366585,1.1000757946431827,0.5568212939274174,1.6868549333760616,1.2130071023472653
276.0,1.0,83.84850427367681,16.842883898261764,33.28758942911737,0.731388732108664,0.1999392064791684,0.11510489793996119,40.468963179232595,30.286557758037716,1.0983894603539168,0.5613498963411457,1.684039259757903,1.210538312789295
278.0,1.0,83.93604610136049,16.794533029764665,33.28546310173214,0.7384864057500496,0.19985681022456822,0.1151796793705304,40.379025129481015,30.272549590717045,1.0967630192380797,0.5657783843945652,1.6812421236547692,1.2081344226244832
280.0,1.0,84.02451456793973,16.747427297184284,33.2813887496575,0.7453824639109712,0.19978478635009975,0.1152726631613911,40.2802632997938,30.25729323248405,1.0951867298909104,0.5701246966764718,1.678462568143742,1.2057848646031732
282.0,1.0,84.11396786605194,16.701602898002594,33.275322635230864,0.7520711771315978,0.19972340530137267,0.11538448181697379,40.1835693830746,30.240723168790446,1.0936611303090285,0.5743830761516221,1.6757028881534235,1.2034920027224676
284.0,1.0,84.20439976644593,16.65701389884753,33.26734986083701,0.7585576306510776,0.199672265546512,0.11551444584372078,40.088844998801605,30.222889733319867,1.0921837868814768,0.5785551290205107,1.6729641349936577,1.201254247224586
286.0,1.0,84.2958006253965,16.61361724914272,33.25755112998763,0.7648468023545942,0.19963098953485578,0.11566188620020967,39.99598170540159,30.203843490443248,1.090752456462046,0.582642391319911,1.6702472155714099,1.199070094069944
288.0,1.0,84.38815747899174,16.571372781141722,33.2460034159015,0.7709435627766245,0.19959922062753646,0.11582615306291233,39.90493429845086,30.183635070515333,1.0893650677790356,0.58664617003327,1.667552917576912,1.1969382056460196
290.0,1.0,84.48138757673048,16.530164853830136,33.23289671057011,0.7768634183383628,0.19957597930712134,0.11600542717149018,39.80109801278051,30.16242519259552,1.0880170016854533,0.5905753336292705,1.6648801857192908,1.1948532790090036
292.0,1.0,84.57560582200406,16.490116572832388,33.218065911744056,0.7825893530492294,0.19956224100704478,0.11620150760723656,39.71304290855694,30.14004119035443,1.086711973348943,0.5944162317209313,1.6622330689478255,1.1928219912840738
294.0,1.0,84.67073996250986,16.451135733582664,33.20167042152561,0.7881340154135965,0.19955720710426822,0.1164128682903663,39.63064641451722,30.11661763307145,1.085446238602131,0.5981755080042442,1.6596109240499577,1.1908402709108223
296.0,1.0,84.7667401648759,16.41316293467473,33.18381912199075,0.7935058090985279,0.19956034801932548,0.11663849237676123,39.54829819450251,30.092245180815716,1.0842172901306197,0.6018570750036617,1.6570135679589526,1.18890554993831
298.0,1.0,84.86361027917897,16.376206803962013,33.164524149837064,0.7987038255465966,0.19957168448604035,0.116878347048604,39.47408130197464,30.06692187422785,1.0830249715339901,0.6054583185299058,1.6544424611285387,1.1870187231930103
300.0,1.0,84.96125383276012,16.3401632048104,33.1439571750421,0.8037431452140945,0.1995903159659523,0.1171307671593722,39.39083073386836,30.0408041850054,1.0818653787836938,0.6089876504603965,1.6518958801846595,1.185174939390793
