t,u,glucose_mgdl,insulin_mU_L,glucagon_pM,GammaHGP,GammaPGU,GammaHGU,Secr,GammaPCR,MIPGU,MIHGPinf,MCHGP,MIHGUinf
-30.0,0.0,89.08117744953643,13.10483870967742,11.48,0.8611095785864007,0.1930554845416145,0.11110892574554117,31.907165999520554,10.446799131444001,0.9928590470346963,0.9999992540156787,0.9999993377001946,0.999999783498902
-28.0,0.0,89.08346326949736,13.104840450789222,11.480009577684218,0.8611108036287101,0.19306983343973003,0.11110828677231972,31.92727104067857,10.446821500765921,0.9928590109953674,0.9998819554690489,1.000000098860162,1.0000526498479871
-26.0,0.0,89.08645786355012,13.107569069687885,11.479882960771354,0.8610573647578023,0.19308236845373114,0.11111012363519861,31.960693543974028,10.445001275078793,0.9928639574118616,0.9987321963417395,0.9999901508924497,1.000570856654496
-24.0,0.0,89.08928016573306,13.112395161008017,11.47941235210545,0.8609219706763064,0.19309686937827134,0.11111430294325604,31.9594186199526,10.442811247880252,0.9928882287981065,0.998066731545475,0.99995341719339,1.0008707973543212
-22.0,0.0,89.09168037635695,13.11561398621039,11.478731686368484,0.8607605383446756,0.1931128231540754,0.1111172987791527,31.947392406892952,10.441606450101537,0.9929274461178998,0.9979701993380146,0.9999008039133871,1.0009143073071547
-20.0,0.0,89.0936135309715,13.116612530083904,11.478041509133451,0.8606153106790772,0.19312783467178682,0.11111813629102314,31.935496348836914,10.441372375235174,0.9929685702601718,0.9981685770438812,0.9998482403195438,1.0008248927103813
-18.0,0.0,89.09513480087034,13.11613275891872,11.477468980278163,0.8605037923985718,0.1931401870034941,0.11111741151502438,31.92783008012925,10.441689896572184,0.9930021721066966,0.9984402649721731,0.9998056683231218,1.0007024361228345
-16.0,0.0,89.09633863606331,13.115093691106972,11.477052796093728,0.8604256142136297,0.19314938276970184,0.11111612279676218,31.924508506714766,10.442158294406397,0.993024922058348,0.998662599056219,0.9997759512772919,1.0006022254556166
-14.0,0.0,89.09732385344633,13.114098606314052,11.476767492004848,0.8603712099455532,0.19315592615500074,0.11111499548550365,31.923880054400318,10.442551903737057,0.9930383356180661,0.998803886347881,0.9997568743976996,1.0005385447069695
-12.0,0.0,89.09814970113422,13.11338837757398,11.476576737839636,0.8603320609053435,0.19316046408917484,0.11111434646918392,31.924438853729935,10.442798728585963,0.9930449900648126,0.9988749944720862,0.9997454348717564,1.0005064951058424
-10.0,0.0,89.0988579393982,13.112975525983964,11.476443234012232,0.8603013862838733,0.1931636852240191,0.11111419777052152,31.925126828033136,10.442916100197309,0.9930476854880057,0.9989038975288467,0.9997385943574658,1.0004934680460584
-8.0,0.0,89.09947291957556,13.112767534427988,11.476341386038804,0.8602754109370513,0.19316609251261713,0.11111442149974184,31.925490945323006,10.44295392920462,0.9930484207753825,0.9989153232919729,0.9997342787441403,1.0004883182796012
-6.0,0.0,89.10000877437851,13.112660246167685,11.476257598324137,0.8602526236238994,0.19316798563902984,0.1111148613825557,31.925492615833782,10.442958316692485,0.9930483001264312,0.9989239813324708,0.9997313855598509,1.0004844159695245
-4.0,0.0,89.10047854500789,13.112583306013748,11.476185848410903,0.8602325332425509,0.19316953122038097,0.11111539735547124,31.92527615958716,10.442956631988752,0.9930477941971434,0.998935075771931,0.9997294234019078,1.0004794155392693
-2.0,0.0,89.10088489635638,13.112504452677396,11.476125554582424,0.8602154078019122,0.19317077338435562,0.11111596540583099,31.924991239044285,10.442959927460555,0.9930470048301485,0.9989487360823497,0.9997283297103398,1.0004732586352056
0.0,0.0,89.10124420887853,13.11241851006503,11.476074497711759,0.8602007603302263,0.19317179321168182,0.11111653547646975,31.924740446564755,10.442967841146709,0.9930459929313749,0.9989627545690305,0.9997279236112294,1.000466940298914
2.0,0.0,89.26896229556966,13.773857144381227,11.451693001535363,0.8340918743466179,0.19332502560523465,0.12247105040745845,88.08465544318369,9.81115224626874,0.9936750622135344,0.44253287347242054,0.9978120031987031,1.2796355738864085
4.0,0.0,90.55818168161889,21.058081754637467,11.151751376662366,0.7210541835217307,0.19729607017910245,0.17184748480639336,182.39945088065483,7.519762859326796,1.0113880103173898,0.07321120830412631,0.97421404265421,1.8352125964786543
6.0,0.0,93.22473799867595,35.58918594716457,10.639202196142,0.5944724887847449,0.2140776006902782,0.2664320776946521,240.15262124542414,6.710936720345769,1.0875913382742013,0.07001381564768483,0.9338797087913485,1.9718871463891943
8.0,0.0,96.94329644151591,51.651867690472315,10.127730297184549,0.48509986292719903,0.2529270327704198,0.40945094625545975,264.7195378666018,6.426464457894923,1.2636311977933774,0.07000020508171256,0.8937504557673163,1.9929828755435288
10.0,0.0,101.31893827288602,65.40869716574299,9.65732100317485,0.3964833796894395,0.32422530959969004,0.5930055308063398,270.20578355689236,6.265503818963459,1.58251948946904,0.070000012805842,0.8570942386527214,1.9971943531504586
12.0,0.0,105.97643735107232,75.70271541305239,9.237076776274234,0.3266171627676972,0.4387517025323131,0.7963593924142912,267.23592790160774,6.176724276934263,2.0844008625433004,0.0700000024662848,0.82471558708734,1.9983727975326926
14.0,0.0,110.58941916399043,82.81585591726773,8.86862866049,0.2720157348544603,0.6019716767283332,0.99680192946865,261.4545694427347,6.129587784896267,2.782816718497929,0.07000000101764292,0.7967959771171712,1.998785856858104
16.0,0.0,114.89804808543786,87.46845810890959,8.549304072699309,0.22926685551819934,0.8073041125428101,1.17907394860158,254.9307984312121,6.104646370209549,3.6416966162754805,0.07000000068645873,0.7731403353413635,1.9989341228473092
18.0,0.0,118.723502686781,90.33370162374298,8.274437068550828,0.19559939153371755,1.0353012573147788,1.3366557818950606,248.20666269560115,6.091203963557306,4.57859298133615,0.07000000063904555,0.7533677114004289,1.9989590631550964
20.0,0.0,121.97609873996218,91.91151766884602,8.03878343243489,0.16891282103453265,1.2610806944089503,1.4689279604542047,241.45626630805447,6.083739292923809,5.496457100505566,0.0700000007385222,0.73703352543379,1.9989080309417449
22.0,0.0,124.64669333915042,92.55710255623814,7.837229987551615,0.147634124319889,1.4640986724395793,1.5782349760920826,234.8758668357145,6.079445915896918,6.318706012224586,0.07000000098393899,0.7236941543570331,1.9987993094461551
24.0,0.0,126.78142065385522,92.53422696554838,7.665094152844998,0.130571258625283,1.6332420734977398,1.6679664298315944,228.67247446451924,6.07688665277593,7.004844012411008,0.07000000142826313,0.7129364362581777,1.9986417865751807
26.0,0.0,128.45213738890982,92.04786275907385,7.5182157108282395,0.11680675079154747,1.7661240905719895,1.7415225504055705,222.98705524349978,6.075311414716238,7.546181371043727,0.07000000216400903,0.7043885312366844,1.9984416722837743
28.0,0.0,129.73385209386356,91.25745155242599,7.392964850267905,0.10562827837606206,1.8656951742414531,1.8018492611867398,217.87846579216918,6.074318698336204,7.953425069348573,0.0700000033195165,0.6977227453674824,1.9982047669242413
30.0,0.0,130.6929464605697,90.28313325043868,7.286200872688419,0.0964810802909402,1.9370751119378533,1.8513089264187108,213.33826219679534,6.0736872726679225,8.245596847781258,0.07000000505364579,0.6926533585147826,1.9979370331884627
32.0,0.0,131.38345258561841,89.21143969495037,7.195224595974616,0.08893378124309236,1.9856049598847247,1.8917110361809868,209.32166186494015,6.0732916595754665,8.443164895701281,0.0700000075462579,0.6889333928943159,1.9976445152392532
34.0,0.0,131.8478716595712,88.1019616685652,7.11772046761015,0.0826512120534374,2.0159928355780874,1.924409423902781,205.76906382880193,6.073058768832367,8.564848145241351,0.07000001098528341,0.6863501155531424,1.9973330756940813
36.0,0.0,132.11944249057746,86.99403561171634,7.051709957089506,0.07737336152958361,2.0320847216501585,1.9504043223966927,202.62110780667638,6.072945215626052,8.626538991092472,0.07000001555216184,0.6847212622059746,1.9970081790410326
38.0,0.0,132.22469647284007,85.91310150837953,6.995499571165687,0.07289787318047641,2.0369334011011566,1.970438132421,200.94691273024986,6.072924988439171,8.641312716292768,0.07000002123526894,0.6838906602864948,1.9966836438414486
40.0,0.0,132.18509951873114,85.11795388841304,6.947649302546892,0.06906750524817762,2.033520889690872,1.98507447285473,204.83494394925577,6.072980538192822,8.622277427969046,0.07000002218994861,0.683725440122125,1.9966350723714865
42.0,0.0,132.01481154366417,84.93610323361743,6.906941536451063,0.06576037415802233,2.026906744441553,1.994748277078077,208.27172156276137,6.073102131298996,8.592162992952064,0.07000001980516535,0.6841131700430046,1.996759218577568
44.0,0.0,131.71828439546277,85.17521781662913,6.872293583162764,0.06287783204496207,2.020979846508582,1.999809407082127,211.28513866441156,6.0732883922134455,8.569722248649907,0.07000001665517708,0.6849548399099868,1.9969396193313913
46.0,0.0,131.2929537997376,85.6555435030668,6.842828717207235,0.06034710041827718,2.0172110203812856,2.000481139986997,213.88080572005245,6.073543224432107,8.56362016615984,0.07000001366553832,0.6861699233393823,1.9971334196046233
48.0,0.0,130.7354788875823,86.25962501462955,6.817797828105181,0.05811207333682762,2.0156806690146567,1.996911230034419,216.05189193169284,6.073874231305734,8.576233768636378,0.07000001117703403,0.6876898448047877,1.9973177707236318
50.0,0.0,130.04519965906383,86.90814589313045,6.7965508562586425,0.05612808188141593,2.015760676841349,1.9892004778104277,217.78719829469975,6.07429218754845,8.606302586459595,0.07000000924897698,0.6894557155204732,1.9974805709502792
52.0,0.0,129.225127091289,87.54537478334464,6.778533984864315,0.05435947274273931,2.016524358274102,1.9774187186093266,219.07642614400478,6.074811060592761,8.650646748226547,0.07000000782372084,0.6914178448022238,1.9976162186690407
54.0,0.0,128.2801891552442,88.12983316784745,6.763318643718152,0.05278154183087492,2.016967238197045,1.9615945209246692,219.9097595638097,6.075448969450299,8.705315813770651,0.07000000681735341,0.6935366768645176,1.9977223315637882
56.0,0.0,127.22380128195418,88.6341618639748,6.750443297930911,0.05136321048138404,2.0161898693037505,1.9418561550027813,220.29671438664724,6.076225102737045,8.76579046200884,0.07000000614297197,0.6957740139556757,1.9977994586169652
58.0,0.0,126.06765888370381,89.03677931264892,6.7396070284220455,0.050087241908436574,2.013421582597558,1.9182854520819819,220.24503030776725,6.077163972879275,8.828024047237497,0.0700000057422494,0.6981028398205223,1.9978480092668853
60.0,0.0,124.8249341537904,89.3202090204235,6.730575172802821,0.04894137745729513,2.0080111735463437,1.8910026924085597,219.7690398864034,6.078294036394182,8.88812926441702,0.07000000558113428,0.7005009950859146,1.9978681692857558
62.0,0.0,123.51376529966193,89.47680668933499,6.723088022732688,0.04790735216385172,1.9995756312258308,1.8602444095143742,218.90024641191883,6.079644675658009,8.942692876538233,0.0700000056376815,0.702947648113272,1.9978610497957754
64.0,0.0,122.15023383394922,89.49767738455917,6.716997788586041,0.04697788100713728,1.987782049962399,1.82626562788655,217.66918556640388,6.081249414900432,8.988511785862995,0.07000000591994815,0.7054277027581666,1.997826208580327
66.0,0.0,120.75499439659235,89.39341203030729,6.712047151225819,0.046128515110192655,1.972813568391718,1.7894460662397236,216.12573218417657,6.083139674901493,9.024070641939069,0.07000000643060966,0.7079264559157674,1.9977659019925489
68.0,0.0,119.3419041970984,89.1605229175993,6.7081785587795135,0.045358843876062614,1.9545848436072237,1.7501198104094329,214.30388282013047,6.085352564636942,9.047195504454233,0.07000000722152433,0.710435511899121,1.9976785317412067
70.0,0.0,117.92719802232382,88.80678275646437,6.705274789184305,0.044658710475522126,1.9333008072045244,1.708707924088271,212.2486689523445,6.087921831927889,9.056693742333954,0.07000000835427156,0.7129466310546284,1.997563928573437
72.0,0.0,116.52402139486244,88.34154860688396,6.703248202014242,0.044020626047482254,1.909232842010922,1.6656197846590013,210.0003358154044,6.090881790371149,9.05195374668958,0.07000000992096345,0.7154542107285635,1.9974214521508078
74.0,0.0,115.14557521402108,87.77245271533033,6.702054637902293,0.04344139631844481,1.8826110192429895,1.6213022132255666,207.60027635625772,6.094261061596821,9.032144346527751,0.07000001205721196,0.7179535484179396,1.9972496873058487
76.0,0.0,113.80113967643742,87.11291303973161,6.701623967258772,0.04291380190969559,1.8538143727033585,1.576140707504448,205.08287193089728,6.098088524983949,8.997580731812445,0.0700000149363269,0.7204419130451856,1.9970478834502776
78.0,0.0,112.49820955562333,86.37600134762839,6.701902639916194,0.04243195091261504,1.8232063518768264,1.530491909211424,202.4783435450764,6.102389612936487,8.948760078639337,0.07000001879034912,0.7229175416763808,1.9968150934770852
80.0,0.0,111.24755407816272,85.5667009231634,6.702924839722894,0.042000480879280294,1.7909388715421213,1.4847945866892602,199.8234349842131,6.107169669927425,8.884851072221235,0.07000002395969807,0.7253779527038279,1.9965486116293425
82.0,0.0,110.047113342284,84.70451115250478,6.704574735804384,0.041605659579365586,1.7575259731731108,1.4391923631758963,197.12690241649457,6.112462266681027,8.808296174869481,0.0700000308297053,0.7278244607841063,1.9962486152205918
84.0,0.0,108.90546199845329,83.79420572800201,6.706900528868775,0.04125279153308061,1.7231017492035048,1.3940549459602853,194.4194388056533,6.118258007093198,8.718591712585535,0.07000003996736726,0.7302553820010558,1.9959124762007407
86.0,0.0,107.82193285705866,82.84709694854382,6.70985820542728,0.04093682845583757,1.6879613140506438,1.349536235391861,191.71088198553,6.124568744968035,8.617140128270803,0.0700000520727937,0.7326714432608078,1.9955388924105595
88.0,0.0,106.79948618249166,81.87065130370254,6.713457902025072,0.040658292257733764,1.6523030016772613,1.305849458981579,189.01806244130285,6.131382649336277,8.504553693026784,0.07000006806371895,0.7350723171442611,1.9951260180508035
90.0,0.0,105.83732625617854,80.8728964049296,6.717681916135186,0.04041489716993139,1.6163384327887336,1.263110765398882,186.3485257178368,6.138694940609576,8.382009788652269,0.070000089105406,0.7374584412476121,1.9946722126275842
92.0,0.0,104.93357358959459,79.86052935565338,6.72251091960257,0.04020444795549088,1.5802451991215876,1.2213977666723856,183.70650447842502,6.146500730668008,8.250704358566505,0.07000011668739514,0.739830313390188,1.9941756332505927
94.0,0.0,104.08796713369959,78.8387601075479,6.7279495799041875,0.04002695800969657,1.5441699667849296,1.1808049767718465,181.09889096425502,6.154779389824509,8.111564348378987,0.07000015270077631,0.7421878398720819,1.9936343091689503
96.0,0.0,103.2962168027982,77.81227608838363,6.733965589345909,0.039879406970654965,1.5082400438807877,1.141331926289265,178.52293670237356,6.163532263086466,7.965892599549764,0.07000019955348025,0.7445317459818501,1.9930459316840807
98.0,0.0,102.55643629724334,76.78448664802696,6.740555881108339,0.03976132403381196,1.472559569817881,1.1030138154736278,175.98033621076783,6.1727430907105925,7.8146497163697335,0.07000026028942963,0.7468620243955172,1.9924080149239718
100.0,0.0,101.86564542190159,75.75807757164635,6.747708816092827,0.039671576332946844,1.4372142254170264,1.0658532963979537,173.46971418360633,6.182401966569651,7.6588363128851755,0.07000033876758716,0.7491788414404431,1.9917176985213312
102.0,0.0,101.22046915554837,74.73498877139254,6.7554106850626185,0.03960889008668705,1.4022715933203005,1.0298361733366277,170.98818556027874,6.192503175568358,7.4994063291595685,0.0700004398855032,0.7514824190652197,1.990971673538988
104.0,0.0,100.61968724805129,73.71676620699536,6.763677692347567,0.03957407139285442,1.3678034899865086,0.9949807810187905,168.5364825212419,6.203019806252872,7.337129529844232,0.07000056979727298,0.7537723076779748,1.9901665202134178
106.0,0.0,100.05560072053987,72.70358629724909,6.772442169255886,0.03956216154195989,1.333806782512152,0.9611779631056804,166.10245024150743,6.213997469758459,7.172985703972628,0.07000073654497396,0.7560501707484887,1.9892970924215352
108.0,0.0,99.52771156587553,71.69606673775772,6.781733194310194,0.03957468537474961,1.3003354412277615,0.9284478479049698,163.687113384243,6.225409817707691,7.0075523069918635,0.07000095015684726,0.7583154943780397,1.9883588292545082
110.0,0.0,99.03535902695829,70.69450989636621,6.791589046500742,0.039613303373180475,1.267440285336292,0.8968010053622677,161.29006125266082,6.237227098804304,6.841411344832439,0.0700012234055607,0.7605678328664917,1.98734646660152
112.0,0.0,98.57027279533243,69.69756426032171,6.801922958335438,0.03967210780664099,1.2350595406842313,0.8661071649661961,158.89844639189323,6.249528926249984,6.6751846991686135,0.07000157318935907,0.7628097833587746,1.9862522633801203
114.0,0.0,98.13165723199855,68.70487791351525,6.812769234782984,0.03975236399148368,1.2032194990907348,0.8363686961820505,156.51146807113707,6.262303235785549,6.509273600293089,0.07000202082363916,0.7650414742205912,1.9850690442584842
116.0,0.0,97.71667928784798,67.71554120346663,6.824130331362227,0.03985325460885871,1.1719114992768525,0.8075485664371171,154.12491964747923,6.275570999881616,6.344047323224433,0.07000259401078868,0.7672640731060268,1.9837881445762275
118.0,0.0,97.32160051279443,66.72844903211679,6.835981059058176,0.03997262337696712,1.1411053166628042,0.7795922230287831,151.7341041150057,6.289378265973697,6.179798162081526,0.07000332866587611,0.7694793464641075,1.9823997790182564
120.0,0.0,96.94540535481309,65.7426809481438,6.848365365753061,0.04011143767701203,1.1108070830224566,0.7524911290009431,149.33694193609853,6.303729969166702,6.016777458473015,0.07000427136695331,0.7716884179007821,1.980893110337248
122.0,0.0,96.58676027494661,64.7570043736742,6.861336660890164,0.0402704988617728,1.0810110030422528,0.7262294024707437,146.9302242034927,6.318638057966687,5.855185905445513,0.07000548321980826,0.7738931611150757,1.9792554282452393
124.0,0.0,96.24191388632086,63.77024122277556,6.8748605868713275,0.040446955944650906,1.0516716253608758,0.7007486857723095,144.510316398767,6.334173871638052,5.69515639942556,0.07000704375051736,0.7760963188084977,1.9774730590159861
126.0,0.0,95.90922736525822,62.78126969531424,6.888971747629497,0.040640637858835885,1.0227720870412456,0.6760264392644851,142.07491002051415,6.350374416982054,5.536801589406242,0.07000905740037422,0.7783005295235559,1.9755304981428907
128.0,0.0,95.5864322447014,61.78934454532936,6.903656990970633,0.04084988506548543,0.9942896191163059,0.6520283352780101,139.6230358087893,6.367301616701838,5.380220354608942,0.07001166010578985,0.7805082559018751,1.9734114952989605
130.0,0.0,95.27336082715323,60.79289614156471,6.919050077618175,0.041077080524383594,0.9662166524665664,0.6287558860415984,137.15143668328412,6.384967006186542,5.225456102453968,0.07001503462029302,0.7827239485405397,1.97109521632731
132.0,0.0,94.96722814697569,59.79179892673194,6.935083922268964,0.04131892267656552,0.9385300738501503,0.6061644937321932,134.66123815391086,6.403464700161875,5.072600600733521,0.0700194153665814,0.7849498987874032,1.9685629880228994
134.0,0.0,94.66691551398375,58.785481613942025,6.951792154938475,0.04157508121576443,0.9112238881704783,0.5842376757105168,132.15235580628055,6.422852557541097,4.921725988352398,0.07002511360039199,0.7871894362198375,1.965792476153021
136.0,0.0,94.3718534358395,57.772752899189605,6.969301564099899,0.04184697576252802,0.8842861316561431,0.5629688708166282,129.62256565728467,6.443173556796981,4.772842336645731,0.07003254673050785,0.7894487029417608,1.9627566153234308
138.0,0.0,94.08077147451095,56.75328676035718,6.987651731624292,0.04213393978356853,0.8577107730126556,0.5423383067497733,127.0723675641594,6.4645034264493315,4.626012874516187,0.07004226190204421,0.7917323552676648,1.9594282720833733
140.0,0.0,93.7923864546544,55.72746857968907,7.00681435429708,0.04243429817501847,0.8315077326832482,0.522324037662682,124.50458746772978,6.486934295961851,4.481366837374658,0.07005497429321794,0.7940426535799846,1.9557801675311655
142.0,0.0,93.506014960262,54.69482783832044,7.0268879721869215,0.04274866604552137,0.8056769407140659,0.5029156751157722,121.9189648080376,6.510540552532755,4.3389543929222585,0.07007164281516465,0.7963859288366352,1.9517788836588048
144.0,0.0,93.22084130500814,53.6553389727078,7.047935415822724,0.04307698419038607,0.7802259578861227,0.4840994518540707,119.31656799325151,6.535413218139563,4.198862102591995,0.07009353366878224,0.7987676806809176,1.9473893724612927
146.0,0.0,92.93610053404689,52.609079415516455,7.070025587617422,0.04341930713818806,0.755165334424663,0.4658619563132785,116.69862552250711,6.561652550954978,4.061183582846652,0.07012232501137494,0.8011938336512872,1.9425736143717633
148.0,0.0,92.65106779995834,51.55621866901319,7.093234148281157,0.04377582800407745,0.7305081844401637,0.44818996515902665,114.0664879907029,6.589369596800085,3.9260183356968112,0.07016024163838508,0.8036707890866104,1.9372904429191424
150.0,0.0,92.36494152891578,50.49660580542207,7.1177297169818114,0.04414782957343477,0.706257515703214,0.43107107554349255,111.41979472852394,6.61868475482428,3.793420029310776,0.0702102533585236,0.8062098453471023,1.9314932619624683
152.0,0.0,92.07712999686116,49.431174514486884,7.143494516780889,0.044534649448861874,0.682447179094437,0.4144902043213615,108.76256709878318,6.649743376867986,3.6635683252497775,0.07027624899797424,0.808813335038894,1.9251371472517795
154.0,0.0,91.78698436798994,48.36016528021589,7.170653032547783,0.044937439083903574,0.6590917205558257,0.39843462921926953,106.09581196404733,6.682699438041076,3.536554207854874,0.0703634183550017,0.8114905658764213,1.9181698448568214
156.0,0.0,91.49388276233405,47.283995030368715,7.199316859467909,0.045357408725074606,0.6362096193215979,0.3828910090852636,103.4210946031065,6.717728802044937,3.412481282070858,0.07047863234462359,0.8142505129037716,1.910535946039069
158.0,0.0,91.1973775660909,46.20326631556696,7.22954238082345,0.04579547734891173,0.6138258486349684,0.36784646025695733,100.74103901600454,6.755029532607363,3.29147034451955,0.07063097376735938,0.8170990087937252,1.9021770406097462
160.0,0.0,90.8963927404494,45.11800245752799,7.261666275164564,0.04625589228233529,0.591938482766162,0.35328556287605845,98.05411731037373,6.794833458957449,3.1735461119900634,0.07083254971963071,0.8200588309018204,1.893026847568187
162.0,0.0,90.59060536694908,44.02906476413153,7.295724710239994,0.04674037902921425,0.5705781395616324,0.3391951575543203,95.3639928816388,6.8373997605616745,3.0588411730176057,0.07109925759494384,0.8231353779101822,1.8830202132142833
164.0,0.0,90.27943630425992,42.93698301320638,7.331895804070383,0.04725285419006215,0.549760545855949,0.3255613968910564,92.67227203162997,6.883026518748621,2.947429177632146,0.0714521453120287,0.8263425685107451,1.8720858470493713
166.0,0.0,89.96246423398199,41.84235828081006,7.370325382501436,0.04779772308168199,0.5295033471504438,0.3123712753872132,89.9812400889006,6.932052877289514,2.8393821590942494,0.07191896500122552,0.829692468686706,1.8601489412457566
168.0,0.0,89.6382030902489,40.745495931556746,7.411613051736683,0.04838711286279502,0.5097982946711378,0.29960551234494265,87.28857489361724,6.984893451307256,2.7346980751050305,0.07253633440756291,0.833227184612953,1.8471296047702328
170.0,0.0,89.30728169435592,39.647339189559005,7.455571295880413,0.04902373964738786,0.4906823336444956,0.28725756841848354,84.60108695094415,7.041975705665825,2.633484331038301,0.07335220482291538,0.8369375155590144,1.832947952481555
172.0,0.0,88.96863867688177,38.54839953216101,7.502735325479663,0.04972336203599315,0.4721525877527176,0.2753108518262979,81.91834789216728,7.1038333743565545,2.5357401687636,0.07442948853727516,0.8408622817936479,1.8175198613757375
174.0,0.0,88.62152217024295,37.44936041125086,7.553594295256932,0.05050514369933789,0.45421202878475386,0.26375101314386884,79.2414595720266,7.171073150944935,2.441475008276038,0.0758502053872705,0.8450380185716475,1.8007611520989721
176.0,0.0,88.2666748411092,36.3508676437316,7.608028698520699,0.05137847745463314,0.4368810780631586,0.2525742114270779,76.5765420512837,7.2443480166070655,2.350716293619408,0.07772151025455742,0.8494591618790424,1.7825823662184377
178.0,0.0,87.90223179632041,35.25384858160276,7.667233632072996,0.052389067107147316,0.4201432350255838,0.24175948916549264,73.92120818216185,7.324482868629547,2.2634301416062135,0.08018070981680947,0.8542122991017949,1.7629066436635799
180.0,0.0,87.5288858657172,34.159042917040296,7.73129718731516,0.05356314232400983,0.4040113225980269,0.23130413480128986,71.28141350028362,7.412338680366036,2.1796136054993687,0.08340554661775035,0.8593066539570018,1.741649715073573
182.0,0.0,87.14658863581195,33.067269119363544,7.80072502529491,0.05494338514248973,0.38848448584071144,0.2212011191415514,68.66061840790684,7.508918020019714,2.099234075219683,0.08762267326687612,0.8647804612271127,1.7187346680087638
184.0,0.0,86.75486372462584,31.97973865166549,7.876491179887406,0.05660237364237891,0.3735567098174784,0.21144172659807114,66.06148317313912,7.615350159132952,2.0222561122478258,0.09311622570529066,0.870706024894368,1.6941030063761768
186.0,0.0,86.35402120958268,30.897593955221886,7.959288585709737,0.05861860029712308,0.35922614058715624,0.20202370141179693,63.48902106965962,7.73286403472237,1.9486373993273425,0.10024110727417712,0.8771353095251839,1.6677037977706604
188.0,0.0,85.94437839434228,29.822251116716945,8.05004567032499,0.06110012513864322,0.3454883433146675,0.19294633038521847,60.948568284691724,7.862789737595064,1.8783309059203708,0.10943056435283949,0.8841370290862608,1.6395090756831068
190.0,0.0,85.52656480385943,28.755347554703665,8.149771668195097,0.06418491097582392,0.33233858842462166,0.18421255187924354,58.446613073056625,8.00652150372364,1.8112856953206222,0.12120243224058447,0.8917851983904374,1.6095174281844342
192.0,0.0,85.10178254580713,27.698377514659008,8.259179477431124,0.06801841155397521,0.3197719835385953,0.17582898223984492,55.99090226771897,8.165513126435721,1.7474366319942085,0.13616645194914234,0.900130869361824,1.5777442793996495
194.0,0.0,84.67111283852594,26.65391624797328,8.379793576968968,0.07283843995583882,0.3077824913687636,0.1678055912635269,53.59016434935941,8.341085650232952,1.6867379430591063,0.15498965078404026,0.9092834322065111,1.544277897069066
196.0,0.0,84.23651805630226,25.624446796058773,8.512700377267919,0.0788982272168678,0.296365382677693,0.16015770625220693,51.25510627852446,8.534405866016018,1.6291310431652333,0.17838402579088108,0.9193177598035678,1.5092403163459216
198.0,0.0,83.80049347694555,24.61284234983959,8.658961619870565,0.08649479722337854,0.2855159844517212,0.15290432636663145,48.997866019382236,8.746306057874758,1.5745572183543262,0.2070448252543282,0.9303039269310209,1.4728126173630376
200.0,0.0,83.36614758420244,23.622409507927312,8.819544946373826,0.09596536431975919,0.2752300357824972,0.14606776971252253,46.83202247316798,8.977082355664189,1.5229588202318496,0.2415661490953741,0.9423013068200901,1.4352433390541606
202.0,0.0,82.93751822765594,22.657643087953353,8.995620700837936,0.10773195069143526,0.265506793259408,0.13967881384095313,44.77430642282203,9.22599717930584,1.4742984557275616,0.2822841016232779,0.9553789900028322,1.3968952569039486
204.0,0.0,82.51943245096004,21.722967991220173,9.187599947651876,0.12218152815872957,0.2563449859015062,0.13376697528658352,42.84174141747034,9.491335629257819,1.4285257870887067,0.3292022900296325,0.9695444370416034,1.358184303976018
206.0,0.0,82.11768987645813,20.82374290104933,9.395604279046696,0.13970932639502698,0.24774623561626252,0.12836559881333626,41.053245760566156,9.769822048640505,1.3856042804304227,0.3818127747525252,0.9847769147097075,1.3196321706249992
208.0,0.0,81.73842612811434,19.96497684074471,9.618751044214951,0.1605887395821351,0.23970990673491663,0.12349934952430083,39.42556209038514,10.05693323623258,1.3454813297634383,0.43911154008909226,1.000976479473117,1.281786562388713
210.0,0.0,81.38981913691077,19.154427953587202,9.856081290902475,0.18512302816615286,0.23224740683810344,0.11921046983846705,37.98184610651754,10.345236522026488,1.308163433647028,0.49929277192693566,1.018027122053249,1.2454005332738833
212.0,0.0,81.07831253651976,18.39677072563342,10.104668600408242,0.21324740072791812,0.225355500554397,0.11550447139001015,36.7333388096807,10.627425731151378,1.273582069377615,0.5603930772201199,1.0356708335377667,1.2110590307916291
214.0,0.0,80.81290118933606,17.700363299848647,10.361245877573811,0.24485632354007858,0.2190493741387464,0.11241118323314137,35.69971531512853,10.892935218683219,1.2417559567507777,0.61976093762654,1.0536146139209621,1.1795787784220517
216.0,0.0,80.59898395879179,17.06919777008911,10.621004460735342,0.27943622582192895,0.21332316525148945,0.10991259143236536,34.88363204526918,11.133231660233786,1.2126103591862574,0.6751844647214533,1.071467185766273,1.1514770175724
218.0,0.0,80.44312159032,16.509544805318455,10.878605181016914,0.3163443378134795,0.20818428979160122,0.10800385843492569,34.291629606730304,11.338455643805766,1.1861345336161815,0.7243261009876671,1.088798699792521,1.1273726809805726
220.0,0.0,80.34947661238519,16.02573189860616,11.127959180013091,0.35467168490612383,0.20363255238665176,0.10665667916858207,34.68277438160094,11.500457079391555,1.162289619780883,0.7635756300080249,1.1051407451650919,1.1085593822980837
222.0,0.0,80.3196160309975,15.833356214681663,11.354310757988317,0.38942312457366585,0.1997389710833882,0.10589180999589688,40.23711856231267,11.473922035447169,1.1414542840270876,0.6898765685662223,1.1193586648147664,1.144198751630139
224.0,0.0,80.33974008354362,16.15337018498562,11.52385889287276,0.4132818079207925,0.19687938099556565,0.10550033398678002,42.02608251264366,11.265547632731568,1.12582218990494,0.604342258513477,1.1288756348636841,1.1876028734785924
226.0,0.0,80.38371318822392,16.517829729631075,11.63595396293064,0.42964250423161815,0.19510331238983633,0.10509243543069267,41.091815265004534,11.102478098300095,1.1158300928893787,0.5758336694673568,1.1337742637580353,1.2027129911922907
228.0,0.0,80.4337527177799,16.650071187595294,11.713900764635747,0.4435493093522779,0.19401738036104477,0.10452629568729271,39.59207654186616,11.04712029155863,1.109416487558713,0.5863073906888091,1.1359785816309316,1.1971183052670324
230.0,0.0,80.4843693168911,16.574801500535994,11.777930505358436,0.45761832483543585,0.19321788747847288,0.10384457217637061,38.61201803252015,11.06307638504848,1.10441681372658,0.609233028028991,1.1371167687932622,1.185046945241652
232.0,0.0,80.53656334305126,16.415607682111272,11.837431874386981,0.4722845445950471,0.19249197808529708,0.10313694939972322,38.260066652113785,11.100637360191456,1.099696191026422,0.6285949884550306,1.137937437611933,1.1750246939854265
234.0,0.0,80.59240333448739,16.263807608772375,11.893781708433465,0.4869817489980265,0.19179190346027275,0.10246443163965473,38.22933906090693,11.130190623684246,1.0950210242767904,0.640373800499497,1.1385523498005308,1.1689990198532418
236.0,0.0,80.65262785909044,16.148779990638438,11.945341358535794,0.5011215300828151,0.19114108044366157,0.10184524821681387,38.228228220569264,11.145375247838325,1.0905440471236911,0.647454292092431,1.1388381942375732,1.1654013888138182
238.0,0.0,80.71658595196051,16.061087587982023,11.990907812892212,0.5144818597923575,0.19056395157915956,0.10127229685573363,38.13391283352571,11.152128817609048,1.086419522764957,0.6536930260607298,1.138707686644136,1.1622461602225755
240.0,0.0,80.78315580909509,15.98275308955921,12.030590743661595,0.5271319598141264,0.19006351415627623,0.10073406716146042,37.95668831738945,11.157421879337623,1.082678973491653,0.6610202119819475,1.138176791620405,1.1585575007094453
242.0,0.0,80.85139721227958,15.903003340894431,12.065388667651797,0.5392409799127166,0.18962621820477488,0.10022381627173939,37.74903657226054,11.164509112943486,1.079259489898769,0.669509144580005,1.1373287174118638,1.1543062774130888
244.0,0.0,80.92080274210286,15.81991833882849,12.096334298520132,0.550932881080486,0.18923603816425222,0.09974071188975284,37.54920308081082,11.173362845536397,1.0760811007973317,0.678503824979406,1.1362480588626651,1.1498269232281222
246.0,0.0,80.99116604001914,15.73589520490558,12.12417507627424,0.5622631573587935,0.18888109237595416,0.0992863691537662,37.36911074917433,11.182715392496714,1.0730843710852742,0.687426925755765,1.134995869290298,1.1454077809779373
248.0,0.0,81.06240436856362,15.653541952111004,12.149370937231462,0.5732462633597838,0.18855458342332676,0.09886186617309442,37.20353499013787,11.191530272864968,1.0702362349724304,0.6960506188977912,1.1336092557975224,1.1411592498647585
250.0,0.0,81.13445748675991,15.57403405933353,12.172200889535981,0.5838855248274779,0.18825306030640232,0.09846705753985174,37.04402230701519,11.199424061811033,1.0675207300497966,0.7043965191804397,1.1321105280346102,1.1370676637900905
252.0,0.0,81.20726518957538,15.497381419363865,12.19286230128042,0.5941868003769377,0.18797448376375153,0.09810118452101584,36.8862366843123,11.206436661567677,1.064928640875073,0.7125558496337954,1.1305158220097573,1.1330859194791731
254.0,0.0,81.28078744015147,15.423196553409715,12.211495238336667,0.6041555599160505,0.18771745708722698,0.09776397302102101,36.73241334073976,11.21270674257541,1.0624534745635037,0.7205868387966399,1.1288385006088206,1.1291838830166319
256.0,0.0,81.35495869275498,15.351012827545238,12.22835641841702,0.6138173781565759,0.18747932194428166,0.09745323898286744,36.57964909078997,11.218370179007495,1.0600816666991184,0.7285088357942815,1.1270960443000053,1.1253507851504805
258.0,0.0,81.42976995367943,15.280691054056982,12.243585668325258,0.6231824887503667,0.18725856318387502,0.09716849147644029,36.43047182312544,11.223432028438177,1.0578052249989414,0.7363059363354312,1.1253002886896406,1.121593045950132
260.0,0.0,81.50522637844419,15.212214351601908,12.257312307593697,0.6322602816952784,0.18705380341830885,0.09690915070676234,36.28647449843969,11.227858325153848,1.0556166656219137,0.7439597135477459,1.1234617299046907,1.1179182528906138
262.0,0.0,81.58132878345376,15.145558836547496,12.269672694359357,0.6410634492413729,0.18686364705784292,0.09667400566370331,36.14590323711717,11.231633259554052,1.0535082791346424,0.7514651101209426,1.1215894880720383,1.1143275606420298
264.0,0.0,81.65810204294266,15.080726413243998,12.280743733166814,0.6495968483263233,0.18668734682165009,0.09646261203252801,36.01031265949863,11.234734838139637,1.0514756305098851,0.7588198694438545,1.1196900532196414,1.1108208393598271
266.0,0.0,81.73554564945987,15.017614706633035,12.290637500592153,0.6578736574481864,0.18652380521945858,0.09627348730753316,35.876447672121486,11.23719089161475,1.0495124464121446,0.7660330048766384,1.117769655343609,1.1073926758145165
268.0,0.0,81.81368762893524,14.956181755940575,12.299404738446814,0.6658977234188004,0.186372554071478,0.0961062254605445,35.74615898262639,11.239000770633579,1.0476156566044814,0.7731055603511146,1.1158326699051224,1.1040415519804725
270.0,0.0,81.89252374387308,14.896313060832597,12.30713741543578,0.6736819110738698,0.18623267909352229,0.09595936775738448,35.61560490964335,11.24020120492159,1.0457799494385602,0.780045655829616,1.1138834208768944,1.100762682056754
272.0,0.0,81.97212775981164,14.838064486297432,12.313813834969636,0.6812179150426808,0.1861044696432268,0.09583387965705784,35.49486055257502,11.240744303145354,1.044005995137895,0.7868425080822614,1.1119247419158151,1.0975602762858263
274.0,0.0,82.05243598831578,14.781218330432653,12.319587700115816,0.6885328280842328,0.1859863241674617,0.09572665616526418,35.36995717523922,11.24072568766618,1.042285164866139,0.7935163469669906,1.1099603357875882,1.094423991283474
276.0,0.0,82.13355636165939,14.725904062142554,12.324386947372492,0.695609549040935,0.1858790657281495,0.09563963006418313,35.25740312300538,11.240063053633818,1.0406207448501288,0.8000490467607492,1.1079921376059247,1.0913615881084406
278.0,0.0,82.21541355354266,14.6719096066598,12.328354385642488,0.7024749924132476,0.18578117984217835,0.09556974016777928,35.1418769726251,11.238856122824757,1.039004732063825,0.8064615188536475,1.1060226340868566,1.088362557977521
280.0,0.0,82.2980153012574,14.619191879970927,12.331522444402463,0.7091344406468661,0.18569233909093413,0.09551639341820371,35.02307697211753,11.237118151025108,1.037434974707776,0.8127559500375632,1.1040534623016427,1.0854252523526908
282.0,0.0,82.3814309842758,14.567810655244424,12.333858637826266,0.7155797033642634,0.1856129368100643,0.0954804685176916,34.9122284002708,11.23480689724698,1.0359127005439,0.8189226516824875,1.1020863287370475,1.0825535933154211
284.0,0.0,82.46568922044645,14.51775699072999,12.335373409116965,0.7218116654200846,0.1855428957573239,0.09546181723698527,34.81400138680178,11.231918289652269,1.0344369071512176,0.8249598405207097,1.1001229024308263,1.0797478326804102
286.0,0.0,82.5506832814104,14.4688238474365,12.336198588427376,0.7278577284078123,0.18548076756831608,0.0954574472146932,34.70877502479227,11.228561118439572,1.033000410635898,0.8308893085818956,1.0981638699984801,1.0769973262935564
288.0,0.0,82.63646278877823,14.421054544732387,12.336311102790232,0.7337123120559896,0.18542683791695272,0.09546794473866729,34.605920976926114,11.224706390010827,1.0316040561189537,0.8367037272292177,1.0962105632808492,1.074305007081945
290.0,0.0,82.72302263576985,14.37441308890944,12.335736980524821,0.7393804929588396,0.18538084165465252,0.09549274461356365,34.5053749192077,11.220370592601753,1.0302462052931824,0.8424051757902811,1.0942639699758843,1.0716694670226359
292.0,0.0,82.81035495263515,14.328865677012073,12.334501076957594,0.7448672162987803,0.18534252618871638,0.09553130087170518,34.4070847262297,11.215570291203973,1.0289253316797238,0.8479955559396753,1.0923249855827435,1.0690894131918791
294.0,0.0,82.8984491644039,14.28438085445206,12.332627256397965,0.750177297594825,0.1853116499934859,0.09558308582399647,34.31097310338042,11.210322080143616,1.027640011770509,0.8534767412135167,1.0903944290294283,1.066563596031027
296.0,0.0,82.9872597629215,14.24088456693284,12.330164587381576,0.7553213784202281,0.18528767510882768,0.09564699847650199,34.20993984421505,11.20466800150044,1.0263875920877492,0.8588560017877311,1.088472613420191,1.0640883127092644
298.0,0.0,83.07681209440864,14.198405157819934,12.327101779428238,0.7602964480428342,0.18527077002641773,0.09572331236155547,34.11257808368188,11.198592339058226,1.0251685374614983,0.8641276143560277,1.0865607404938056,1.061665866837629
300.0,0.0,83.16707527822525,14.156901626100371,12.323470962354214,0.7651092942675503,0.18526059723804444,0.09581131062027717,34.01585609509546,11.192120277320717,1.0239811551482028,0.8692948547938001,1.0846593006809013,1.0592944406007423
-30.0,0.5,89.08117744953643,13.10483870967742,11.48,0.8611095785864007,0.19166696908322897,0.11110892574554117,31.907165999520554,10.446799131444001,0.9857180940693926,0.9999985080313574,0.9999993377001946,0.9999995669978039
-28.0,0.5,89.08639116395486,13.105737502645193,11.479972934977038,0.8610752517313561,0.1916959431130127,0.11111042101673001,31.992290578062825,10.445812936846393,0.9857194146951009,0.9978032534926,0.9999972147901194,1.0009889830455712
-26.0,0.5,89.0928389161302,13.114411869926851,11.47942648272118,0.8607377719275365,0.19172861237087724,0.11112282710169563,32.01186808911305,10.441086137689714,0.9857662793765467,0.9934815077017103,0.9999543884246619,1.0029369379432422
-24.0,0.5,89.09829865806972,13.122087568039928,11.478296296863396,0.8602504175598518,0.19177269763559326,0.1111321985892207,31.96874736397627,10.438291390198836,0.9858912203837491,0.9931949483004854,0.9998665414888337,1.0030661054528793
-22.0,0.5,89.10240584705707,13.123171230040146,11.477148431737636,0.8598658016315396,0.19181629745855577,0.11113133338877411,31.932702277929675,10.438515902100807,0.9860316277411751,0.9948843755685313,0.9997786697691257,1.0023046013486643
-20.0,0.5,89.10544922727453,13.120445539427335,11.47633566252367,0.8596398264059106,0.19184897679838317,0.11112494210706142,31.92155775293195,10.439946119644404,0.9861322180278673,0.9963674154145801,0.9997183430351747,1.0016361458150391
-18.0,0.5,89.10784057962125,13.117602877395433,11.47586435128388,0.8595146492768486,0.1918695418070365,0.1111189207222218,31.925507129466887,10.441076104114488,0.9861840244727169,0.9969821321176897,0.9996856018011512,1.0013590778581132
-16.0,0.5,89.10984063209867,13.11614873266578,11.475589901302536,0.859424672118003,0.19188202099735968,0.11111567056501546,31.931551087363097,10.441515712705494,0.9862047566112953,0.9970225803344639,0.9996686928449809,1.0013408469594385
-14.0,0.5,89.11155446597927,13.115775771735366,11.475387922720214,0.8593395970479322,0.1918906356692234,0.11111463713091023,31.933983466230263,10.441545972577925,0.986213496764627,0.9969376590525159,0.9996576347169788,1.001379122859701
-12.0,0.5,89.11300957877832,13.115756962097226,11.475210557971018,0.8592579031834569,0.1918974675221835,0.11111455229225768,31.93323606006356,10.441494869152885,0.9862192154753284,0.9969381522660845,0.9996485955150772,1.0013789005572655
-10.0,0.5,89.11422686568982,13.115662144257849,11.475055655548026,0.8591862431134848,0.19190304058741964,0.11111461671771843,31.931500534018173,10.441509391018316,0.986223437804016,0.9970301571373075,0.999641377787771,1.0013374319296595
-8.0,0.5,89.1152318073863,13.115415907053425,11.474933141553027,0.8591289444158825,0.1919072730915446,0.11111462714194359,31.930278704518813,10.44158818810916,0.986225036335405,0.9971461968061606,0.9996367311044217,1.0012851303864765
-6.0,0.5,89.11607677668366,13.115123614528365,11.474842202527327,0.8590839162922301,0.19191029884785474,0.11111468243936204,31.929792829621558,10.441676191101113,0.9862237277576611,0.9972377407886623,0.9996345517891074,1.001243869646809
-4.0,0.5,89.11679102705766,13.114871496444762,11.474777645057795,0.8590482902849531,0.19191231213775747,0.11111488718222996,31.929705941004546,10.441740477573898,0.986220015012309,0.9972948918081688,0.9996343949988657,1.0012181105514695
-2.0,0.5,89.11740138261968,13.114687007091295,11.474730875583349,0.8590190514113072,0.19191362257340755,0.11111525730388158,31.92969876556062,10.44177636493612,0.986214959444931,0.9973297802916163,0.9996355570216499,1.001202385634687
0.0,0.5,89.11792896401877,13.11455260544786,11.47469508924791,0.8589943337651659,0.1919144917610365,0.11111574142441434,31.929627381945593,10.441794762066927,0.9862094274572737,0.9973557198316125,0.9996374889275578,1.00119069418685
2.0,0.5,89.2841470045883,13.76997898041951,11.4505525964051,0.8232632076390599,0.19218682685781024,0.123010136101818,87.17573142096981,9.815757522628118,0.9874507264562453,0.05,0.9977413965685487,1.5541072005977465
4.0,0.5,90.54511505956768,20.91171449074326,11.153801792794726,0.7060477617668527,0.19948152169527866,0.17868811673236282,179.42755574399783,7.544801733706113,1.0223206921498242,0.05,0.9743959717853231,2.6570442083413996
6.0,0.5,93.13949302864727,35.15080780610153,10.643749709003893,0.5821978309451563,0.2304864826430137,0.28995195716778105,235.68542471509912,6.723093686815782,1.1714574200296557,0.05,0.9342599020771416,2.9393134960974923
8.0,0.5,96.69628965366802,50.811533555333966,10.133494912788718,0.47571840255656855,0.30234152519976915,0.4611505176797483,256.931654672346,6.438279179136092,1.514246492745615,0.05,0.8942273175149061,2.9839387061899716
10.0,0.5,100.73821304429497,63.904941419470866,9.664249600290432,0.39010554633021144,0.4328671559803101,0.6832220957901614,257.1913671120571,6.27832584729585,2.127443506010584,0.05,0.8576636719501557,2.992912697258025
12.0,0.5,104.79301481279562,73.1416103453916,9.245105415085456,0.32322879676837685,0.6366723491756178,0.9313081937586246,247.100741368438,6.18985439874596,3.0701615350255285,0.05,0.8253720614228348,2.9952405861994262
14.0,0.5,108.44492852071048,78.71341747362172,8.877593862085394,0.2714947769307304,0.9120932871413705,1.1780933115475276,232.37458599500363,6.142479659731886,4.33396607677374,0.05,0.7975253328077037,2.99566765710402
16.0,0.5,111.38692205848658,81.28963877469437,8.55900766940908,0.23143977925449416,1.230556405728303,1.4047888137345967,215.45436841931053,6.117112919799325,5.805442646983694,0.05,0.7739252557069922,2.995115302776364
18.0,0.5,113.46786957432718,81.55259957150122,8.284703294441467,0.20027439631065036,1.5433178336125413,1.6023491263919754,197.71409994403106,6.10331665945964,7.291596333111407,0.05,0.7541926571190093,2.9936136054862477
20.0,0.5,114.70559755472863,80.09964290806212,8.049485207848933,0.17587816282822533,1.8036918035685126,1.7683368590847524,180.43130999535336,6.095707193428689,8.597187028836013,0.05,0.7378870671876776,2.990835221212635
22.0,0.5,115.24707293405586,77.46872165748236,7.848306316662516,0.15664316226475608,1.985564947200375,1.9038781606606257,164.80195466571416,6.09154070932214,9.591626903705663,0.05,0.724570569621053,2.9862632672477387
24.0,0.5,115.29894836247404,74.15272907730245,7.676532115825834,0.14133034288406865,2.0860982261347383,2.0117438570411266,151.66060388788276,6.08940703154677,10.227567847936136,0.05,0.7138341228815648,2.9793889718016757
26.0,0.5,115.06502427458746,70.57983122803766,7.530056444970711,0.12897933627424832,2.117355335498048,2.0952662941306786,141.40107635666953,6.088572613031478,10.522258460208922,0.05,0.705310558897137,2.970019810063941
28.0,0.5,114.71171540134982,67.09014920728606,7.40529338497474,0.11884894862313543,2.0969780118420736,2.157858856197889,134.44684763885945,6.088644898698819,10.530327749315894,0.05,0.6986759439094185,2.9586086161795238
30.0,0.5,114.3574236251194,64.12212366569835,7.299162424717919,0.11037798413245356,2.0431189372931984,2.2029160498824645,135.83319078580618,6.089320365667854,10.325895558433178,0.05,0.6936496913158832,2.9500034718149233
32.0,0.5,114.06963884353232,62.11177876587176,7.208911839811636,0.10314454464131258,1.9752673644225434,2.2338599733919438,136.9197493076727,6.090278176722932,10.006814840925319,0.05,0.689980195451431,2.944824800523657
34.0,0.5,113.8673435916327,60.80794135317029,7.1322677256254,0.09685023183122164,1.907173383055282,2.2534908652569294,137.87544239474798,6.09135162877755,9.652714333652414,0.05,0.6874582050205424,2.9416226757573662
36.0,0.5,113.73895458745915,59.96213721101117,7.0672045221788675,0.09127918304565735,1.845193686471617,2.264130147996105,138.7983105755387,6.092463049469232,9.308335462967113,0.05,0.685897291340529,2.9398645825501113
38.0,0.5,113.6605249416796,59.42554476143923,7.011972444719752,0.0862801862305402,1.7915907143581544,2.2675672044366193,139.7326478789091,6.09358534396594,8.995601407298174,0.05,0.6851365109070372,2.9391714330283687
40.0,0.5,113.60568066350412,59.10984845613043,6.965213785995124,0.08175715541509605,1.7468487153004721,2.2650548942749267,140.6885578052862,6.094720295660192,8.724398535300786,0.05,0.6850493386254272,2.939251021263429
42.0,0.5,113.54928897560347,58.951187185326994,6.925519008460862,0.07762554472380477,1.710281049789681,2.2576041475693724,141.6526767796367,6.095888043026542,8.496301537890787,0.05,0.6855081785961802,2.939852149761014
44.0,0.5,113.46998717996846,58.90991997098255,6.8919468734834926,0.07384036910406741,1.6811243096316506,2.245820987634509,142.60194196786392,6.097117486888189,8.310572587273345,0.05,0.6864249407594617,2.9407967268584247
46.0,0.5,113.35150689647357,58.95248415917723,6.863496635965538,0.07035293026727552,1.6582202758609006,2.2302168719053834,143.50745372033654,6.0984423518031905,8.163148687869935,0.05,0.6877101113292919,2.941932927871279
48.0,0.5,113.17927731229311,59.05584312195048,6.839579353779535,0.0671453627349796,1.640713763435286,2.2110611660128883,144.3391831270024,6.099900995724922,8.051027331798489,0.05,0.689306532572452,2.9431488788420435
50.0,0.5,112.94638851266652,59.19673754540912,6.819402024354102,0.06417843766569167,1.627397773078903,2.18868106656832,145.07050247812117,6.101528881567974,7.968426325484025,0.05,0.6911458451706486,2.944349619944914
52.0,0.5,112.6447905179643,59.3579859517731,6.802576279995818,0.06144453294514718,1.6174525448538872,2.1632236242291256,145.67482970659185,6.103367600270891,7.911779305390382,0.05,0.6931889930465778,2.94546185352719
54.0,0.5,112.27330786766284,59.52285403826932,6.78859000050658,0.05891956297618322,1.6098920866524407,2.1349111669171736,146.13306503856282,6.105453706582683,7.875954020596049,0.05,0.6953914838157106,2.946429504491259
56.0,0.5,111.83664977553524,59.6786789572683,6.776934652264754,0.05657148567540332,1.6038234794419068,2.104011506345009,146.43660347042575,6.107816016058079,7.855704491159312,0.05,0.6977136489304262,2.947223052109613
58.0,0.5,111.33075150019947,59.81203403420021,6.7675350372510925,0.054413589578956034,1.5986156250785566,2.0705884637257146,146.56569364098544,6.110504786253059,7.84829467838502,0.05,0.7001394876572594,2.9477923223252716
60.0,0.5,110.76530965221735,59.91439310085843,6.759971707449729,0.05241408761698864,1.593530940038695,2.034942281568792,146.52272830263485,6.113545949643673,7.848815071732222,0.05,0.7026387460304356,2.9481292332912474
62.0,0.5,110.14695441673808,59.97890919230521,6.754024805467801,0.050559747637199774,1.588043102279857,1.9972999532211166,146.30862451067253,6.1169726328467675,7.853826399011272,0.05,0.7051935799667266,2.9482227514039363
64.0,0.5,109.48198167998903,59.99931464753809,6.749547035234812,0.048843638458770815,1.5816946413367745,1.9578765638077757,145.92542638014638,6.120820720459761,7.8602680169534835,0.05,0.7077904743150114,2.948059404458529
66.0,0.5,108.77666395935537,59.96833488928659,6.746463078578719,0.047266468896996344,1.5740195001909953,1.9168807284121145,145.3756907979924,6.125128314138362,7.865003630668294,0.05,0.7104186163453826,2.9476166317191237
68.0,0.5,108.04251357395627,59.887145658271635,6.744553131622508,0.045804673393812195,1.5648332649773866,1.8746200515483553,144.6760093732458,6.129915312478849,7.86563499054834,0.05,0.7130662496974014,2.9469103578812623
70.0,0.5,107.28748241229744,59.75482778026178,6.743727054994879,0.04445083562275552,1.5539649094791268,1.8313378465511434,143.83765521933816,6.135209440286945,7.860225358003174,0.05,0.7157265142823052,2.945938057427472
72.0,0.5,106.51917552818533,59.56951849090159,6.743948606184146,0.0432037762371876,1.5412367935050235,1.787267628545018,142.871769945437,6.141036406842018,7.8468040254178355,0.05,0.7183940470984732,2.9446882894028135
74.0,0.5,105.74607283471168,59.33222672654203,6.745157725033744,0.04205693696487351,1.5265951293237572,1.7426592283896944,141.79336941010715,6.147412414719016,7.823895415707682,0.05,0.7210641263709454,2.943159630927008
76.0,0.5,104.97552313291945,59.047750780504366,6.747255843342086,0.04099696242296611,1.5101692634748831,1.6977488821373041,140.61866224848202,6.154350435494375,7.791095740203705,0.05,0.7237334111048868,2.941364229563833
78.0,0.5,104.2136433885994,58.71866869312749,6.75020748870247,0.04001913209287844,1.4920309588710596,1.6527431169999947,139.36116309417815,6.1618614527546685,7.74786374352111,0.05,0.726399584794284,2.939300939030767
80.0,0.5,103.46765960988765,58.34483972823837,6.754051835382527,0.03912806999606742,1.4721467923219866,1.6078521325276223,138.0348968109606,6.169940105754452,7.692995141278473,0.05,0.7290602937913637,2.9369545274279805
82.0,0.5,102.74065596331366,57.93459400431426,6.7586695336543725,0.03830641151342485,1.450862145547552,1.5632337832933099,136.6526220206095,6.178594827760981,7.627794160011636,0.05,0.7317147637576491,2.934346833113109
84.0,0.5,102.03609460601386,57.49157825388683,6.764037036841013,0.03755013373222025,1.4283376296971655,1.5190326438670747,135.22501106537078,6.187824540343062,7.552602559110651,0.05,0.7343620856133493,2.9314778263514554
86.0,0.5,101.35668573728793,57.01944773553441,6.770133131421296,0.03685548966076363,1.4047417727185778,1.4753730697712324,133.7615731396987,6.197624881065079,7.4679383167916455,0.05,0.7370015463665146,2.9283472882055714
88.0,0.5,100.70868651349465,56.51845695775027,6.777041667717329,0.03623078819311572,1.3800868826995576,1.4324149774081991,132.27512784219238,6.207949945592365,7.373136209899599,0.05,0.7396312425597935,2.924939796196917
90.0,0.5,100.0896117832525,55.99595122676297,6.784642743407272,0.03566041722406831,1.3547245877028404,1.3901949197873786,130.76906508799888,6.2188187366945185,7.270382646382524,0.05,0.7422518270783044,2.9212718951885397
92.0,0.5,99.49971670548148,55.455228166373296,6.792912589322363,0.03514065444185534,1.3288227381492301,1.348773144374639,129.24840339974594,6.230225154179071,7.160610954665092,0.05,0.7448629880267555,2.917342352812079
94.0,0.5,98.93899751108756,54.89905283914432,6.801834935387233,0.03466874691526934,1.3025265450561319,1.308197157431984,127.71722651384677,6.242161585850045,7.044693610048718,0.05,0.7474643964817929,2.9131477058018698
96.0,0.5,98.40991707573747,54.328735088635426,6.811459599386644,0.03424832410010734,1.2759112952739975,1.2685378458912073,126.18182347803152,6.25458513109338,6.922897025879479,0.05,0.7500547440587915,2.908678094309949
98.0,0.5,97.91040317707582,53.74718390664527,6.821748058599965,0.03387403845066806,1.2491354888597779,1.2297983502807979,124.64260918948638,6.267500954286654,6.79644162363036,0.05,0.7526342027267708,2.903930095195248
100.0,0.5,97.43704587314535,53.1569474163694,6.832640159119305,0.03353900048319977,1.2223419364682884,1.1919584112226083,123.0979180106104,6.2809371632974695,6.666598059616206,0.05,0.7552035471130232,2.8988980518605865
102.0,0.5,96.98924069108239,52.559074462216586,6.8441468615652745,0.033242924823329426,1.1956004190708465,1.155028114281073,121.54871378295911,6.294887380004357,6.533954056964124,0.05,0.7577626149992056,2.8935686858569656
104.0,0.5,96.56524588942096,51.95462136069141,6.856260533694676,0.032983661842731785,1.1689824666053592,1.118998015640565,119.99423536183541,6.309363048615821,6.399218297516648,0.05,0.7603118210168058,2.8879272508015723
106.0,0.5,96.16320297272009,51.34432455366951,6.8689769458631,0.032759205607153494,1.1425445348838983,1.0838532331844835,118.43321947805984,6.324381751270176,6.263019060982258,0.05,0.7628518489741382,2.8819557564734857
108.0,0.5,95.78119214869184,50.72863630394625,6.882295771154404,0.03256768458512438,1.1163293812685342,1.0495749829432133,116.86404276184236,6.33996755561902,6.125902531171058,0.05,0.7653836910160389,2.8756327718904617
110.0,0.5,95.41727986688485,50.107763634688176,6.896221050388782,0.03240735322506506,1.0903676261181772,1.0161419145277981,115.2848529848155,6.356151250893798,5.988334346927208,0.05,0.7679086831478907,2.868933268723526
112.0,0.5,95.07018788892972,49.48147299112751,6.910789394912643,0.03227816225144415,1.06467239027867,0.983536503471728,113.69379424505027,6.372956895568136,5.85061359482135,0.05,0.7704284202157708,2.8618259919799374
114.0,0.5,94.73779902607862,48.84959114376088,6.926014538338735,0.03217820086125811,1.0392558532450067,0.9517313536058061,112.08843803347318,6.39043291061637,5.713089924005296,0.05,0.7729453309980105,2.8542774188898212
116.0,0.5,94.41772854074739,48.212021324643864,6.941892554676283,0.032104578103640986,1.0141277681405867,0.9206978970311043,110.4667037600258,6.408644463271513,5.576099790850869,0.05,0.7754622338074151,2.8462528512708034
118.0,0.5,94.10833449555835,47.568382538839074,6.9584500091268024,0.03205601371681188,0.9892861942469864,0.8904143935494155,108.82692084132785,6.427650661643272,5.439836943769649,0.05,0.7779822068937783,2.8377118617337644
120.0,0.5,93.80826646984569,46.918082423510654,6.975737674401353,0.03203197618185771,0.9647210713881029,0.8608603933206246,107.16733825601472,6.4475130474335725,5.304414289917404,0.05,0.7805090740913674,2.8286077181314995
122.0,0.5,93.51571156932795,46.261017017189374,6.993758450386422,0.03202995721785807,0.9404336929892165,0.8320161044186918,105.48729769530462,6.468315704224207,5.170025406892394,0.05,0.7830464021736132,2.818897353926599
124.0,0.5,93.22966431558906,45.59653461773875,7.01258262868419,0.03204990545335432,0.916409252588952,0.8038646996214938,103.78554060314094,6.490132485720367,5.036705417753394,0.05,0.7855990116749778,2.80852574616019
126.0,0.5,92.94893265085354,44.92423516993456,7.03226380521251,0.032090856608482564,0.8926387578655662,0.7763899451365934,102.06140304555545,6.513053126586133,4.904524108228589,0.05,0.7881720218793989,2.7974372415130633
128.0,0.5,92.67244286714383,44.24377191283915,7.052862952055456,0.032151930431178546,0.8691140891304091,0.7495772446113415,100.31453138639415,6.5371759643517615,4.773538081990859,0.05,0.790771090138343,2.785572566064287
130.0,0.5,92.39923183337133,43.55486535450237,7.074448786283097,0.03223232869702684,0.8458287004694727,0.7234135020685057,98.54487473398507,6.562608675394751,4.643796643556733,0.05,0.7934024349371791,2.772868900469564
132.0,0.5,92.12843752540978,42.85731321841718,7.097098211363565,0.03233133381089089,0.8227781404465665,0.6978869483520521,96.75266961752142,6.589469210283225,4.515346611994888,0.05,0.79607286466254,2.759259964099044
134.0,0.5,91.85928853118463,42.150996617315464,7.120896862166087,0.03244830819409125,0.799960401745064,0.6729869360896958,94.93841887005156,6.617886947620806,4.388236071943799,0.05,0.798789814577763,2.7446761098649675
136.0,0.5,91.59109302614135,41.43588280470079,7.145939778568948,0.03258269451781865,0.7773761130079333,0.6487037162882469,93.10286617488704,6.648004090103683,4.26251709817225,0.05,0.8015613939574819,2.7290444337780086
138.0,0.5,91.32322763330181,40.7120250554964,7.17233223076268,0.03273401675604342,0.7550285889575897,0.6250282131389272,91.24696774459692,6.6799773246748035,4.138247517965867,0.05,0.8043964451080954,2.7122889048786782
140.0,0.5,91.05512665076638,39.979560132547874,7.200190707815683,0.032901882031085704,0.7329237606664898,0.6019518111748192,89.37186281049667,6.713979765500186,4.015491816395945,0.05,0.8073046149965565,2.6943305164353935
142.0,0.5,90.78627201118229,39.23870374940488,7.229644094360569,0.03308598335294082,0.7110700055526826,0.5794661583761154,87.47884411984174,6.7502032015452995,3.8943212966441525,0.05,0.8102964413043021,2.6750874658123953
144.0,0.5,90.51618421056699,38.4897447394629,7.260835066055479,0.03328610331465991,0.6894778955231051,0.5575629892956268,85.56932986949296,6.788860661797955,3.7748136271427573,0.05,0.8133834550791101,2.654475376106867
146.0,0.5,90.24441413762376,37.733038188749234,7.2939217258940126,0.033502118810650745,0.6681598859395477,0.5362339747062866,83.64483699122465,6.83018933321855,3.6570519009831948,0.05,0.8165783014770782,2.632407560478447
148.0,0.5,89.97053606680335,36.96899800063552,7.329079497469963,0.03373400677134899,0.6471299647317246,0.5154706026453842,81.7069568639653,6.874453846212884,3.5411233403576325,0.05,0.8198948794116836,2.6087953366748438
150.0,0.5,89.69414192174476,36.19808921035281,7.366503298502761,0.03398185099954929,0.6264032789750176,0.4952640893494917,79.75733414999354,6.92194994081033,3.4271177637428654,0.05,0.8233485014935237,2.5835484021371293
152.0,0.5,89.41483664234099,35.420820406666,7.406410000697142,0.034245850073880084,0.605995755250082,0.4756053220344677,77.7976488337505,6.97300852811089,3.3151259304264293,0.05,0.8269560740259072,2.556575279780146
154.0,0.5,89.13223471794977,34.63773643592196,7.449041234708572,0.03452632663875384,0.5859237258466937,0.4564848242007513,75.82960133996572,7.028000160695407,3.2052378392189027,0.05,0.8307363013884697,2.5277838443545892
156.0,0.5,88.84595775397592,33.84941168760413,7.494666532868849,0.03482373791761391,0.5662035732941965,0.4378927501369763,73.85490069627848,7.087339910314549,3.097541076740905,0.05,0.8347099131175837,2.497081933990303
158.0,0.5,88.55561560642232,33.05642834422074,7.543601095626668,0.035138756042093794,0.5468505943338609,0.41981830154221167,71.87516931138009,7.151493437464043,2.9921160265554168,0.05,0.8389008796573872,2.4643775900378633
160.0,0.5,88.26076545002549,32.25936059628343,7.59624491487085,0.0354724210734832,0.5278776736442717,0.4022486099356578,69.89179332435084,7.220984355216442,2.8890311831696973,0.05,0.843339169002158,2.429579671065103
162.0,0.5,87.96112025360488,31.458925606099502,7.652915197890244,0.03582536714336422,0.5093036424462322,0.38517571987029453,67.90688437241782,7.296390517749953,2.78837553738461,0.05,0.8480492998178795,2.3926034040581534
164.0,0.5,87.65632313593585,30.655763922257574,7.714035078882431,0.03619873476380189,0.49114216813603495,0.36858869262748384,65.922126424342,7.3783607254589505,2.690213381478431,0.05,0.8530630693916934,2.353364891853581
166.0,0.5,87.34602390504682,29.850523298900086,7.78007709660112,0.03659387197592565,0.4734056872710486,0.35247648614581145,63.93919446138125,7.467617347284071,2.59460075094996,0.05,0.8584157840702171,2.311784872813074
168.0,0.5,87.02988043212393,29.043856737983432,7.85156838302719,0.03701235186641876,0.4561052740145551,0.3368280410932402,61.95975691286037,7.564962411863571,2.501584927579337,0.05,0.8641465917017044,2.26779000240452
170.0,0.5,86.70756022247141,28.236421217923414,7.929096042536181,0.03745599049515793,0.43925054640626415,0.32163236942261697,59.98547907104492,7.671283370620899,2.4112041518744807,0.05,0.8702988111062635,2.2213142493722033
172.0,0.5,86.37874208101437,27.428877050789257,8.01331261448041,0.03792686470251442,0.4228496074177309,0.3068786431631304,58.01802710696847,7.787558236178204,2.3234875268244064,0.05,0.8769202462893837,2.1723003941520553
174.0,0.5,86.04311780289648,26.62188774798654,8.104941471469795,0.03842732907761628,0.406909017292697,0.2925562810670728,56.059072426905765,7.914859727100794,2.2384550919225905,0.05,0.8840634692342988,2.120701612640814
176.0,0.5,85.70039382869244,25.81612026715528,8.204781960615962,0.03896003116382465,0.3914337932676987,0.27865503049242807,54.110296091172245,8.054357977432083,2.156118043530231,0.05,0.8917860508683644,2.0664831250735034
178.0,0.5,85.3502928022867,25.012245551479445,8.313714046330524,0.039527923736184925,0.37642743255280225,0.2651650424201862,52.17339298043747,8.207321299949271,2.076479075952699,0.05,0.900150715289051,2.009623883086572
180.0,0.5,84.99255498393055,24.210939282287466,8.432702161450404,0.040134272720624135,0.36189195453425244,0.2520769380486433,50.25007544505684,8.375114432344464,1.9995328180405902,0.05,0.9092253876403738,1.9501182592649817
182.0,0.5,84.62693949165437,23.412882741139835,8.562797921481812,0.0407826590645826,0.3478279584122852,0.23938186546236254,48.342076246183375,8.559193658666679,1.925266341840361,0.05,0.9190831014692089,1.8879776967559505
184.0,0.5,84.25322535435859,22.618763671778005,8.705141310780682,0.0414769726289268,0.33423469277148193,0.2270715450395273,46.451150627071236,8.761098197919388,1.8536597217102653,0.05,0.9298017275596033,1.8232322725442618
186.0,0.5,83.87121234641054,21.829277053971044,8.860959908260252,0.04222139598132227,0.32111013378346576,0.21513830201291137,44.57907729296432,8.98243730663099,1.784686624345932,0.05,0.9414634832938062,1.75593212203886
188.0,0.5,83.48072159306385,21.045125722092795,9.03156571727926,0.043020375849618986,0.3084510692990295,0.20357508642810027,42.72765818987697,9.224872654411842,1.718314912708962,0.05,0.9541541820620236,1.6861486708294606
190.0,0.5,83.08159595176308,20.26702075999504,9.218349165700003,0.0438785800342792,0.29625318636790443,0.1923754796261474,40.89871702040407,9.490095728512479,1.6545072497399307,0.05,0.967962184089673,1.6139756141754393
192.0,0.5,82.67370015413523,19.495681596228433,9.422769894100696,0.04480083782279384,0.28451116012862027,0.1815336863392551,39.094096352050485,9.779800319495855,1.5932216904189485,0.05,0.9829770168377223,1.539529586931189
194.0,0.5,82.2580386046053,18.73081807353315,9.64378022489735,0.04578345532503773,0.27321690702304563,0.17106425334035114,37.31772605886535,10.095823986138695,1.5343664187946686,0.05,0.999104554570958,1.4628249799846267
196.0,0.5,81.83359516505448,17.97515758018223,9.887794368829752,0.0517987210033544,0.2623662962515959,0.1610568057188735,35.577839781216944,10.438417660358981,1.4779784564951903,0.1913170668544566,1.0167789581547846,1.3843328216391106
198.0,0.5,81.41508500116666,17.230791454202034,10.153249256840768,0.06864957520290131,0.2519600838654999,0.15201984328886228,33.95123687577114,10.800084827229883,1.423975888458024,0.34586816346451665,1.0358489807790272,1.3051953235778346
200.0,0.5,81.0262774456538,16.508031530392234,10.438847549483915,0.09679812397595516,0.24202882170234535,0.1442527760565868,32.5291181535352,11.164782768332733,1.3723882742819988,0.5040132452198827,1.0561592626689538,1.2281379460902189
202.0,0.5,80.69181907367937,15.82356223793055,10.740333930288779,0.13596567454149272,0.23263836293322662,0.13790165970797935,31.384052177268977,11.511178099065427,1.32338082436884,0.6563815215204369,1.0773213887310977,1.156496954867447
204.0,0.5,80.43523732335358,15.196906979962314,11.050342998442567,0.18497162373256595,0.22388285149337409,0.13302555398850416,30.57035843288007,11.81475541209224,1.277261424529291,0.7929407330548963,1.098712917003617,1.0937362275310094
206.0,0.5,80.27688365275209,14.647643452011062,11.358526518464844,0.2416148953918334,0.2158716090243195,0.12960961533524237,30.122588231067347,12.05137886542137,1.2344401344071034,0.9045892720583519,1.1195025429099739,1.043059510658165
208.0,0.5,80.22906954562181,14.369436356531127,11.64574144612153,0.29540204488883903,0.20878755518646708,0.1276667674958663,38.88304423163408,12.045451549808135,1.1958067101636374,0.7097450348466785,1.1382107895911733,1.1318419824739276
210.0,0.5,80.26918844718716,14.904834614362931,11.851680689545372,0.31836575374425213,0.2037138429608097,0.12664487488218895,40.275104472926856,11.676831700724959,1.1675485636730762,0.41440128997626413,1.1502278964535797,1.2713944794954801
212.0,0.5,80.32753207314546,15.345446200098946,11.978563574560017,0.32817917981171096,0.20095571953419214,0.1251135312602648,36.1876784053672,11.50369429425238,1.151756164120627,0.43695485971487846,1.155939392004598,1.2604143640812815
214.0,0.5,80.37613684171608,15.253191713069052,12.08007430073588,0.34473576245699733,0.19913123674718589,0.12308177733620637,34.47561255414734,11.557657043850984,1.140914558521116,0.5553836781489956,1.1596440104387624,1.2037474354101847
216.0,0.5,80.42914160268023,15.02454785695939,12.178423076701804,0.3664033757142031,0.19734769151204123,0.1211643525215389,35.4106921114798,11.618075231400535,1.130089350215723,0.5832550642710237,1.1630920738808397,1.190621623953652
218.0,0.5,80.49675764825328,14.9448949409169,12.265342762102277,0.3854888126038374,0.19568968754007138,0.11953662760329582,36.096670123322696,11.602276211169121,1.1197927028104164,0.5554805878089799,1.1656535678286444,1.2037016714501396
220.0,0.5,80.57328685096736,14.942200481728959,12.334478664595174,0.4012051236978383,0.19437970428675663,0.11802501929130965,35.7809493227082,11.571196940395348,1.111325356339405,0.5515116887675862,1.1668622361447296,1.205576651830059
222.0,0.5,80.6518476009367,14.901723823255127,12.390327005189873,0.41634821540597533,0.19335736891257826,0.11653587392943571,35.35771464913693,11.565524305580132,1.104397819166465,0.5727378607114444,1.1670900192237872,1.1955662637855808
224.0,0.5,80.73161985925968,14.827238772087028,12.438220968216756,0.4318705360657429,0.19247714188243156,0.11511206670812717,35.26882359319633,11.570968123451994,1.0982232740499693,0.5911493152903082,1.1667626028303923,1.1869166026963325
226.0,0.5,80.81382135480449,14.760905464020025,12.479435788138463,0.4470433433101966,0.1916886206774587,0.11379464983222322,35.28716025506697,11.569709153903004,1.0925345319985809,0.6000972960343831,1.1659866024838375,1.1827235496180917
228.0,0.5,80.8982103378234,14.710319094351293,12.513740496412012,0.4614271905672314,0.19100163036312046,0.11257499795519402,35.20854462337876,11.562920771457057,1.0873975946824714,0.6081871386993993,1.1647521596706492,1.1789384480142866
230.0,0.5,80.98370034061256,14.661935321142137,12.541865973756108,0.47524382352896494,0.19041108635355597,0.11143254753518604,35.07174356530985,11.55718255803725,1.0827938254127165,0.6195239334190208,1.1631222158644088,1.173643217032077
232.0,0.5,81.06973641725384,14.610225835241177,12.565073750645547,0.48873588666208245,0.18989294038941457,0.11036166512800955,34.957322878277985,11.553349016095169,1.078595722157706,0.6318109919033006,1.161198276651452,1.1679157281960046
234.0,0.5,81.15630584044578,14.558749757067012,12.584201542832071,0.501905673255059,0.18942893420597443,0.10936459411126057,34.870506906508666,11.54920202494548,1.0747050798097604,0.6430280191327862,1.1590482705793725,1.1626972078906936
236.0,0.5,81.24341536457574,14.510254080162237,12.599715604375325,0.514690567407184,0.18901130430312374,0.10843922182272793,34.78342658548353,11.54387252816486,1.0710805435917763,0.6534905913534337,1.1567098808007972,1.157838159046082
238.0,0.5,81.33095547541545,14.464068277887598,12.611978112260031,0.5270898012841061,0.18863587835768353,0.10758082425221108,34.689056696060476,11.537913477898016,1.0676999585156501,0.6639673147822098,1.1542130976072573,1.1529804753641373
240.0,0.5,81.41882398759118,14.418979172113358,12.621420650852595,0.539141764550237,0.18829678671823763,0.10678459650137617,34.595232876490506,11.531749515399202,1.0645311317196313,0.6745084438815532,1.151591849287407,1.1481006921353605
242.0,0.5,81.50700127381833,14.374882568734296,12.628429708019032,0.5508676357028826,0.18798824415353851,0.10604724503416685,34.506373435230245,11.525268655120783,1.0615417660275366,0.6848406474448869,1.1488759741601267,1.143324941045555
244.0,0.5,81.59550372769885,14.332093026468534,12.633324244521555,0.5622728606872868,0.18770584472940408,0.10536512996041167,34.41897904802136,11.518297720122563,1.058706794387609,0.6948763200091741,1.1460885990909797,1.138692961583212
246.0,0.5,81.68436182150792,14.290715601439514,12.63627385072485,0.5733516227870323,0.1874475663793347,0.10473715203447435,34.33563768982019,11.510805730295674,1.0560142657019451,0.7046745918222168,1.1432453455527227,1.134176728325945
248.0,0.5,81.77357944464009,14.250546336341182,12.637544619461824,0.5841196024598909,0.18721030471108435,0.10415833104974352,34.25183450107285,11.502876820346666,1.0534459875735322,0.714292033832876,1.1403629991502129,1.1297495849375254
250.0,0.5,81.86318321494396,14.2114838976727,12.63729325772599,0.5945820797276237,0.1869922507853152,0.10362669250165273,34.170262485226985,11.494527283359204,1.0509909954746792,0.7237152875938826,1.137454002429714,1.125417170945116
252.0,0.5,81.95320500290912,14.173507316331131,12.635668556468032,0.6047440337674251,0.1867917046245485,0.1031400070118816,34.09223396141827,11.485743907097055,1.0486388680827474,0.7329245008123453,1.1345293496401732,1.1211881061093867
254.0,0.5,82.04367213299405,14.13659366979098,12.632810489643717,0.6146120075151852,0.18660712356768944,0.10269557965411454,34.016834925424625,11.476527916081997,1.046380067196802,0.741922958561821,1.1315981137271094,1.1170603918494444
256.0,0.5,82.1346022775675,14.10068219803677,12.628852587540266,0.6241955912029227,0.18643704906316086,0.10229028190710045,33.94115339671323,11.46690253514488,1.0442055982820495,0.7507246230002036,1.1286676174025534,1.1130271759971615
258.0,0.5,82.22603283459581,14.065751379052694,12.623863696705333,0.6334948485290526,0.1862808623465204,0.10192317150689963,33.86946459602358,11.456867429864927,1.042111108062448,0.7593292995329053,1.1257441359563145,1.1090881368966534
260.0,0.5,82.3179549924513,14.031707572466011,12.617982482396245,0.6425274405222671,0.18613694053965102,0.101589938850146,33.79271921276981,11.446466075035351,1.0400869528554715,0.7677513598169607,1.1228320241894614,1.1052363185262317
262.0,0.5,82.41044458885503,13.998615132576548,12.611192463794483,0.6512776541392624,0.18600582858192433,0.10129277682272357,33.72773551427212,11.435651996494627,1.0381350742218363,0.7759710342893833,1.1199372761728075,1.1014804050019436
264.0,0.5,82.50343963468733,13.966319649417587,12.603674572380644,0.6597791150145926,0.18588519516203073,0.10102468290145569,33.65185720438262,11.424512242150337,1.0362423830418113,0.7840218361654578,1.1170607103564991,1.0978047546402974
266.0,0.5,82.59704429384797,13.93493021976378,12.595361695285762,0.6680053222234619,0.1857763293653407,0.10078980187195671,33.591735957830856,11.412975567330387,1.03441476604009,0.79187527742805,1.1142088164619253,1.0942220687344189
268.0,0.5,82.6911806844615,13.904290789058576,12.586416369213499,0.6759911959344237,0.18567704350641895,0.10058135518430035,33.52260901851603,11.401133578196324,1.032640221455571,0.7995649377838276,1.1113804272726688,1.0907167441425232
270.0,0.5,82.7859116403419,13.874458469504155,12.576815119022251,0.6837230852996815,0.1855879548775019,0.10040120547838516,33.46109880090182,11.388949015098644,1.0309212527517602,0.8070742700462044,1.1085800613877836,1.0872960655195416
272.0,0.5,82.88121381669978,13.845374842333452,12.566629404572677,0.6912146148617351,0.1855081938869048,0.10024653670965136,33.40027235884838,11.376457425536753,1.0292528488702324,0.8144152029655825,1.1058082507533455,1.0839543539525085
274.0,0.5,82.97709225470868,13.817027259835989,12.555888511931306,0.6984689069035126,0.1854375184513854,0.10011645212011631,33.34210969231959,11.363667175613978,1.0276332857082249,0.8215888202449735,1.103066631753395,1.0806908918131275
276.0,0.5,83.07349905742866,13.789341431483297,12.544665276027162,0.7055042598584703,0.1853749199523456,0.1000077622715658,33.27376245715398,11.350625961806767,1.0260571329846169,0.8286113130945827,1.1003539132779332,1.0774981097149463
278.0,0.5,83.17051640515673,13.762410975221886,12.532911645112673,0.7122984632928844,0.18532149173274998,0.09992340659164956,33.22339765348873,11.337277878783883,1.0245293337172647,0.8354573709895177,1.0976761731538702,1.0743873203774115
280.0,0.5,83.26805797685915,13.736126024452256,12.520721704360843,0.7188793625015737,0.18527579021877644,0.09985895674816954,33.16776386247009,11.323694991647606,1.0230424968356555,0.8421527669424451,1.095029814945302,1.0713466300074423
282.0,0.5,83.36613197146399,13.710498183991628,12.508103505134589,0.7252451443021907,0.18523789528073825,0.09981437852746446,33.11437935292274,11.309874468643907,1.0215967322913322,0.8486931109531564,1.0924168020404113,1.0683778685151841
284.0,0.5,83.46470294558159,13.685489530221655,12.495096559312492,0.7314063982184253,0.18520728060204147,0.09978795429286971,33.05710672579195,11.295844543888784,1.0201892773710686,0.8550864007364032,1.089836418520058,1.0654772529735768
286.0,0.5,83.5637640001966,13.661102039510103,12.481714358786341,0.7373641271193582,0.185183904422142,0.09977932239212498,33.000367700725675,11.281609699300143,1.018819759106636,0.861330682033848,1.0872898735019054,1.0626455286899796
288.0,0.5,83.66329208425131,13.637322198268233,12.467980181438286,0.7431233559284375,0.18516753161672586,0.09978758906339047,32.9441303350852,11.267184658159476,1.0174869217823375,0.8674281942758446,1.0847774559631205,1.059881547575439
290.0,0.5,83.76328671397641,13.614172328408769,12.453897563927471,0.7486803258247718,0.18515835292541216,0.09981294817280267,32.89944545328081,11.252564213494615,1.0161916036716505,0.8733720821034212,1.08230151205254,1.0571882916829618
292.0,0.5,83.86369698254978,13.591611892040891,12.439504724296164,0.7540468795854325,0.18515581310216697,0.09985368106377518,32.85812704331718,11.237780257601393,1.0149311182226057,0.8791715406842897,1.0798606586260917,1.054561477702761
294.0,0.5,83.9644588380686,13.569575631020022,12.424847832719884,0.7592410214821961,0.18515908510832774,0.09990753625473223,32.80221817221519,11.222876559295752,1.0137014863817022,0.8848423916285901,1.077451634028577,1.0519938361685623
296.0,0.5,84.065612114877,13.548169846079945,12.409891375855285,0.7642388118618131,0.18516930810103982,0.09997698759624649,32.770460478559976,11.207804606932187,1.0125082808341013,0.8903558802110851,1.0750819274331083,1.0494982870500937
298.0,0.5,84.16706625893109,13.52729934226959,12.394696610010755,0.7690658176997516,0.18518529794831284,0.10005892684936413,32.73491040082855,11.192625697901002,1.011345889833759,0.8957359321855805,1.072746295971091,1.047063906692776
300.0,0.5,84.26874684110363,13.506865538745462,12.379316278273025,0.7737479095622921,0.18520588905520782,0.10015053309298394,32.663875275028275,11.177396995874808,1.0102086948097675,0.9010077290568121,1.0704387769284935,1.0446792229340978
-30.0,1.0,89.08117744953643,13.10483870967742,11.48,0.8611095785864007,0.19027845362484347,0.11110892574554117,31.907165999520554,10.446799131444001,0.9785771411040889,0.999997762047036,0.9999993377001946,0.9999993504967059
-28.0,1.0,89.08931095756289,13.107195726377018,11.479913906699208,0.8609810956314071,0.19032258654517928,0.11111508169215031,32.0515114376316,10.444507525061855,0.9785836483701296,0.9933687647700942,0.9999925705736219,1.0029871436239306
-26.0,1.0,89.09899201905424,13.120745100929323,11.478959359416532,0.8601935247190626,0.19038295636163965,0.11114112719375298,32.029346144943965,10.43777748977306,0.9787127503386532,0.9859603339293178,0.9999178273472865,1.0063265321923498
-24.0,1.0,89.10651868716872,13.127737961098955,11.477419249829602,0.8593554132326934,0.19046440338862325,0.11114909464282338,31.938831897306923,10.436154464303716,0.9789814142163609,0.9892441851120564,0.9997984546335009,1.004846279378714
-22.0,1.0,89.11182310184202,13.124336977866058,11.47623912408446,0.8589117353869754,0.1905324849207244,0.11113636055798805,31.918409037255877,10.43842314051484,0.9792110636680214,0.9935858526846348,0.9997091011214092,1.0028892949087043
-20.0,1.0,89.11583875199717,13.119798452073718,11.475599947735027,0.8587040210243847,0.1905738537645895,0.11112271793995535,31.918107694143398,10.440310641024842,0.9793288303524017,0.9952167918024157,0.9996633940470622,1.0021541849869418
-18.0,1.0,89.11919678068985,13.117172811927109,11.475282992538503,0.8585795556209399,0.19059675452107425,0.11111464374655435,31.935347895421824,10.441146264222398,0.9793709504553858,0.9952655175235093,0.9996435197230364,1.0021322231656915
-16.0,1.0,89.12211712559271,13.11695328688127,11.475052798794183,0.8584314418637975,0.19061163406747306,0.11111282987214124,31.941842112751797,10.44097073209264,0.979385974502267,0.994610107793214,0.9996306434374314,1.0024276327386836
-14.0,1.0,89.12457260611947,13.11739090246086,11.474812892489924,0.8582683923567639,0.19062460255648403,0.1111128716643444,31.937335343395258,10.440743345633036,0.9794021636469772,0.9945838191434972,0.9996171213480699,1.0024394817404954
-12.0,1.0,89.12656312034177,13.117246768911855,11.474598629965518,0.8581346838042537,0.19063566724097636,0.11111209182051257,31.932432791043993,10.440837055610526,0.9794175398810765,0.9949960613086295,0.9996057352726139,1.0022536735418988
-10.0,1.0,89.1281692349355,13.116678509495204,11.474447404399832,0.8580406993977966,0.19064347124201864,0.11111083606269258,31.931374576543263,10.441060023201446,0.9794237894770879,0.9953323439435047,0.9995993765717764,1.0021021029575239
-8.0,1.0,89.12951085908321,13.116183412936582,11.47434852739785,0.8579697198596656,0.19064838097549536,0.11111003476415633,31.932131004077725,10.441207018246002,0.9794210360545819,0.9954620320087948,0.9995971280331319,1.0020436496261254
-6.0,1.0,89.13063834558295,13.11591619856481,11.474280188938645,0.8579097781904382,0.19065136355232798,0.11110990617198076,31.93248672823285,10.441256012899537,0.979413358141418,0.9954995954040694,0.999597216666412,1.0020267189751388
-4.0,1.0,89.1315969010178,13.115755934559925,11.474226460334414,0.8578572650294033,0.19065335888027884,0.1111101115533664,31.93213629413309,10.441276248390025,0.9794043728430113,0.995551174205893,0.9995983665203736,1.002003471283733
-2.0,1.0,89.13240456797361,13.115602328816792,11.474184674672498,0.8578135017981667,0.19065465308460683,0.1111104114974738,31.931662694310614,10.441303720465214,0.9793949886964475,0.9956238754993337,0.9996003506867059,1.00197070324907
0.0,1.0,89.13309362417519,13.115442620085325,11.474153713176506,0.8577778203406164,0.19065538456055953,0.11111075489578691,31.931424410483377,10.44133440969701,0.9793852078271517,0.9956882998410604,0.9996030765088187,1.001941665838372
2.0,1.0,89.29847650025424,13.768730044251255,11.450071351373174,0.8166970457490185,0.19104849382501435,0.12357942004730273,86.47413369358912,9.818822909068079,0.9812459130756981,0.05,0.9977121032578489,1.8250247127916162
4.0,1.0,90.54419874758067,20.83400212118575,11.155322078747881,0.7009512807103313,0.20163243862431499,0.18603629653608186,177.98330241946408,7.5578739620184425,1.0330652856079787,0.05,0.9745249469321833,3.475416867824964
6.0,1.0,93.0880921234994,34.90336799010101,10.64665482932648,0.5788264543420206,0.24666380956255937,0.3142005134054604,232.1746315257989,6.730669317452692,1.254096691581423,0.05,0.9344985947991874,3.904327471136985
8.0,1.0,96.50445163550026,50.210517784900915,10.13728813148065,0.47430578243792254,0.3505002525394203,0.5126577149838123,249.86163418245116,6.447312843276726,1.7593350624711501,0.05,0.8945368739450114,3.973093425829825
10.0,1.0,100.23963864591012,62.65142361255301,9.66914593256902,0.3908317616309518,0.5359462667705892,0.7697526847595204,245.0820549519798,6.289554186363968,2.650914332040597,0.05,0.8580618186945899,3.9869043108259845
12.0,1.0,103.74381979892543,70.86718065114628,9.251238318593497,0.3261272318108973,0.8158191565993334,1.0554202507710218,228.6587917519085,6.202493337732248,3.9888088562776884,0.05,0.8258696983094057,3.98991173256176
14.0,1.0,106.551078878651,75.02023096913676,8.88495549871908,0.2764746610071625,1.1729280723096396,1.3374225555642298,206.61117163486483,6.155965147188228,5.714948940772334,0.05,0.7981213650199698,3.9890668620716294
16.0,1.0,108.36834369810495,75.79963762940186,8.567539558037685,0.23834436671363624,1.5508350361200927,1.5935016809105433,182.14277652308436,6.131348827878164,7.612988538484133,0.05,0.7746140991307028,3.9849109908533844
18.0,1.0,109.14127752288691,73.98678404741503,8.294372422246896,0.20890636343204094,1.8754882208503707,1.8122655771857978,157.78372677361787,6.118564559526197,9.373065276617057,0.05,0.7549706799166684,3.975664387321843
20.0,1.0,109.04343565845673,70.37036234670771,8.060331873338793,0.1859927303161972,2.0929611044922543,1.9898361981445576,135.94592663203036,6.112468144197611,10.72192704489872,0.05,0.7387567332510099,3.957755814497425
22.0,1.0,108.38265549829197,65.73686515265673,7.860444273451415,0.16793417282641585,2.1892148623584218,2.1269475212655964,118.47827734805377,6.110527977470158,11.516071050843772,0.05,0.7255403750863542,3.926827190382247
24.0,1.0,107.48410447415856,60.84354019072852,7.690228077493434,0.1534418426853015,2.1823456984001948,2.2271432667230275,111.43655393826097,6.111599091158214,11.752441444641907,0.05,0.7149255927428297,3.8843924128495777
26.0,1.0,106.60848168511075,56.87328236920085,7.545659883577567,0.1415309359011292,2.108848982882831,2.29656865942063,111.66807667618099,6.114683934313444,11.553834236282231,0.05,0.7065519338456091,3.852094922590755
28.0,1.0,105.90556603234572,54.13034670374055,7.423189957239679,0.1314867445436236,2.009018707047424,2.3421898213156136,111.58412721456368,6.118741028298852,11.117488189009277,0.05,0.7000983181539823,3.8270767022660763
30.0,1.0,105.42208362514214,52.19596069113255,7.319605467291296,0.12280240279785737,1.9064066261526098,2.370196327487369,111.46560146673134,6.123074420923605,10.586947720940682,0.05,0.6952724285090911,3.8074728470256733
32.0,1.0,105.14835828308183,50.792520540039106,7.232118108867238,0.11513795466444314,1.8112230800973566,2.385530586048412,111.46711478824503,6.1272427096912265,10.042640386751227,0.05,0.6918193290103639,3.792757859667156
34.0,1.0,105.05079594959273,49.763822738490965,7.158324462304952,0.10827076189128544,1.7272758880412675,2.39182313581469,111.65634893014054,6.130991502475424,9.527266661063639,0.05,0.6895183850657971,3.78239904735661
36.0,1.0,105.08659413774359,49.01380435749658,7.096037808039498,0.10204684896608807,1.6553614617567878,2.391610982359713,112.04322381199496,6.134216152132061,9.061470398879715,0.05,0.6881694519471356,3.7757763506267388
38.0,1.0,105.21456619000925,48.4825940097016,7.043501869096574,0.09636804536809751,1.5950968123266553,2.3865020058603634,112.60761711807774,6.136906633845732,8.653751719856512,0.05,0.6876108545569976,3.7723091759230845
40.0,1.0,105.39640312886844,48.126266397930465,6.999156505475824,0.09116051135586989,1.545495982195777,2.377516557672406,113.31122288326067,6.139128120112052,8.305391217994524,0.05,0.687699756665838,3.7713977712934366
42.0,1.0,105.59918010655834,47.912551199440884,6.961771140365627,0.08637520891312167,1.5054953111736051,2.3652407012653285,114.11021040002646,6.140983788313423,8.01447621384759,0.05,0.6883224717596322,3.7724873260985894
44.0,1.0,105.79560660009054,47.811033743258434,6.930130994884718,0.08195875420358352,1.473720671094903,2.350052619960562,114.95738068133751,6.1426081211169,7.775590494831443,0.05,0.6893703378480112,3.775008834977148
46.0,1.0,105.96198242027228,47.80219518224445,6.903599923178066,0.07789969046974542,1.449385388595436,2.3320590107447736,115.81080119667541,6.1441276742734185,7.585783256441468,0.05,0.6907801490295915,3.778530018443621
48.0,1.0,106.08295266643556,47.85959057494346,6.8811701083010055,0.0741445325645597,1.4309918838911235,2.3114433327833233,116.630490248937,6.145678638907369,7.437096555608006,0.05,0.6924658323487888,3.7825754988074425
50.0,1.0,106.14534488486197,47.965454465634316,6.862328671681816,0.07067625905694498,1.4176291432363965,2.2882392652373884,117.38340557004351,6.147375972316854,7.324813927211021,0.05,0.6943792006850813,3.786808980236662
52.0,1.0,106.13928080202346,48.1024719894132,6.846623818297163,0.06747803973177174,1.4083639071437908,2.2624704315011113,118.03999436700664,6.149328203070093,7.2439752811689715,0.05,0.6964779784538203,3.7909354755752966
54.0,1.0,106.0631751997338,48.25424342388329,6.83352020400754,0.06451420942126004,1.4021227090041504,2.234274268140018,118.58218291050527,6.151614429162751,7.188204971653856,0.05,0.6987187913536954,3.7947382363883215
56.0,1.0,105.91173120468088,48.40766617456572,6.822806989092482,0.061781404367536534,1.3981915190027787,2.2036568624723527,118.98902851642642,6.154323534768478,7.153785245032398,0.05,0.7010788294148961,3.798029748811414
58.0,1.0,105.6830064578914,48.549222480099424,6.8142648727122115,0.05927155423977826,1.3957564475477309,2.1706646012977204,119.24392681376797,6.157538675616773,7.136282981588771,0.05,0.7035355147594147,3.80064254712536
60.0,1.0,105.39009507551141,48.67176973083535,6.8074078246443195,0.056931872420090346,1.3939930149018083,2.1356514430089857,119.35662638363782,6.1612669107401326,7.129672283823574,0.05,0.7060591658291636,3.80258398104714
62.0,1.0,105.0267128456775,48.762991497661766,6.80234508838631,0.05478971796051461,1.3923358581872074,2.098528161637309,119.30600938979336,6.1656177907086525,7.131617007153205,0.05,0.708645368444865,3.80366739218796
64.0,1.0,104.60617972109344,48.81975241153559,6.798750283975935,0.05280569998502931,1.3902369951860403,2.0596383420121254,119.10617371509564,6.170595317949606,7.137698762405707,0.05,0.7112758425795592,3.8039384051923584
66.0,1.0,104.1349831195811,48.837165413279706,6.7965242825197505,0.05097039275978231,1.387253933102971,2.0191670626492413,118.76085299854086,6.176240950096357,7.144844013343671,0.05,0.7139418835047779,3.803365968955487
68.0,1.0,103.6170053452154,48.80810414940744,6.79569365093927,0.04929094702551783,1.382911138974682,1.977225796792005,118.26891746799507,6.182619528936666,7.150077032379147,0.05,0.7166388663153728,3.801858662529771
70.0,1.0,103.06645105167182,48.73735591977261,6.795994394657548,0.047729083640570595,1.3771410397803943,1.934202146199372,117.65359060807842,6.189710534358662,7.151394776780003,0.05,0.7193572135010871,3.7995418317933134
72.0,1.0,102.48699639627506,48.61752769691113,6.797549549577646,0.04630217849342704,1.3695082879332618,1.8901830148054688,116.91449490879072,6.197579765691623,7.145976197036176,0.05,0.722095874354707,3.7962916662156747
74.0,1.0,101.8890591858786,48.45237002765497,6.80023010101584,0.04498968963509952,1.3600201683472652,1.8454654095194696,116.06973353300383,6.20622286598904,7.132568162604873,0.05,0.7248502125055655,3.7921759530065664
76.0,1.0,101.28078589394275,48.245479134379636,6.803947173935292,0.04377696006443676,1.3487367489397735,1.8002991855746702,115.13444530953134,6.2156416756074275,7.110440362674053,0.05,0.7276172623710236,3.7872439173499437
78.0,1.0,100.66860517741846,47.998921943877825,6.808671624565108,0.04265764651526876,1.335688132635038,1.754883861604617,114.12052122730789,6.225845350934403,7.078887243177463,0.05,0.7303954073641211,3.781508071671264
80.0,1.0,100.05942466682973,47.71013525941312,6.814521676574559,0.04164292597210718,1.3206924797908075,1.7093676027763791,113.03753123904077,6.236839501344752,7.035992435172714,0.05,0.733184703442596,3.774898376283175
82.0,1.0,99.45871645494154,47.3872177817273,6.8213471788056355,0.040710800583993983,1.3041056347153062,1.6639794140144966,111.90084017861162,6.248605851744192,6.982945967671498,0.05,0.7359827648571821,3.767517243666469
84.0,1.0,98.8706007256859,47.034147784453545,6.829106266595852,0.039853684236029356,1.2861100868080764,1.6188769017271374,110.7209724017148,6.261136537065031,6.920182502640987,0.05,0.7387885327677537,3.7593955307479856
86.0,1.0,98.29917468451234,46.65340410235485,6.837808824138808,0.03906997450069258,1.2668215651227712,1.574191493459456,109.50736737714756,6.2744156758339535,6.847810109859053,0.05,0.7416014208956563,3.7505391214757102
88.0,1.0,97.747874207577,46.24783252980196,6.847458223121327,0.038357436252691335,1.2463838535107894,1.5300403347716147,108.26877435584586,6.288421207190452,6.766203776795722,0.05,0.7444207642140311,3.740959693314526
90.0,1.0,97.21932035719142,45.82088209852532,6.858042896721484,0.037712104214402555,1.224978647092484,1.4865259870870458,107.01301944819167,6.303126595683441,6.676082261470679,0.05,0.7472457109448866,3.730680597000193
92.0,1.0,96.7139878457072,45.37663834191802,6.869504010172741,0.03712615628598325,1.2028374043609535,1.4437248000306655,105.74526803446123,6.318522785627995,6.578709336185257,0.05,0.7500751680640179,3.719735116324028
94.0,1.0,96.2330978206417,44.91766108611502,6.881840314225072,0.03659749938731562,1.1801091439232945,1.4016977672992084,104.47041727703501,6.3345874590085725,6.474847385116875,0.05,0.7529084005043618,3.7081342611857604
96.0,1.0,95.77638964007213,44.446754147043045,6.895019129707433,0.036121447767026284,1.1569647527902744,1.3604858394499861,103.19134112497733,6.351314071148936,6.365561038515026,0.05,0.755744591404121,3.695892828646105
98.0,1.0,95.34391230324064,43.96595928301102,6.909038394964705,0.03569598183999017,1.1335332600158143,1.3201189766275276,101.91051900876346,6.3686896775679145,6.251670626054855,0.05,0.7585831685990767,3.683014344071576
100.0,1.0,94.93358857155543,43.477550451450746,6.923838132334381,0.035314730416004254,1.109966526115405,1.2806060751474035,100.62783349285075,6.386738236959577,6.134342212099377,0.05,0.7614235978734457,3.669503595480278
102.0,1.0,94.5458698774821,42.98248862242787,6.939462612081447,0.03497915203572758,1.0863337576422294,1.2419598698751593,99.3449926281696,6.405441232067574,6.014041808536499,0.05,0.7642658891361631,3.655345974807015
104.0,1.0,94.17872227886785,42.482148549595536,6.955883772329029,0.0346849825324446,1.062738204041363,1.2041728087209564,98.06082365088868,6.42482857631194,5.891663114638051,0.05,0.7671102322422365,3.6405286487836195
106.0,1.0,93.82969535540568,41.977530075612385,6.973059749226848,0.0344275030950709,1.0392616081683392,1.167231989457385,96.7736872976485,6.444949381392208,5.768002626478725,0.05,0.7699571007398645,3.6250305814367074
108.0,1.0,93.49825696423406,41.468899605611206,6.991042154838999,0.03420756275353439,1.0159407429399636,1.1311261368924237,95.48299640512248,6.465818432308066,5.643425303057147,0.05,0.7728078270722641,3.608815831646935
110.0,1.0,93.1828044029119,40.956495232448944,7.009855456089765,0.03402365519957745,0.992815004622221,1.0958350857201449,94.18692140380521,6.487481248683821,5.51839661742886,0.05,0.775664354795078,3.5918419976824367
112.0,1.0,92.88059535473603,40.440618396711635,7.029464132401352,0.03387102446511652,0.9699248332713846,1.0613372570133548,92.883119665553,6.5100240200228745,5.39346421559766,0.05,0.7785285994223948,3.5740657246673617
114.0,1.0,92.5902895548401,39.921094869157905,7.049909380430846,0.03374890932311719,0.9472825825525594,1.027612219809236,91.56996611615105,6.5335106566711465,5.268885571006197,0.05,0.7814035719575377,3.5554299145142
116.0,1.0,92.31081770612984,39.39745668300032,7.071277996961035,0.03365779931549546,0.9248878180698156,0.9946343744759396,90.24543543803209,6.55800891102909,5.144815109241156,0.05,0.7842939252473561,3.5358626760431746
118.0,1.0,92.03932991337388,38.86997091084485,7.093483856107496,0.03359127537984976,0.9027637808904494,0.9623934730246085,88.90845884519392,6.58364990214485,5.021655712166978,0.05,0.7872014141374498,3.5153165358457077
120.0,1.0,91.77608471597509,38.337303201376564,7.11678415970626,0.03355507366890541,0.8808738352648674,0.9308495200864368,87.55610055483636,6.61049234351734,4.899237436870891,0.05,0.7901360629918197,3.4936771667722084
122.0,1.0,91.51852116182297,37.79982342638612,7.141079053130535,0.03354254337719568,0.8592373268303765,0.9000015825238878,86.18845186289516,6.638688326631074,4.777890005999931,0.05,0.7930996669105989,3.4708953991045397
124.0,1.0,91.26559939778835,37.25717672289978,7.166434127009134,0.03355280333650036,0.8378463215285971,0.8698350993416116,84.8047998462132,6.668361953924318,4.657671061648104,0.05,0.796098121063591,3.446889421516949
126.0,1.0,91.01656242232436,36.708663593682736,7.192999329018272,0.0335866570683678,0.816680597049561,0.8403267669363329,83.40371241292696,6.6996463385350475,4.538544647547696,0.05,0.7991409987324505,3.4215552966621803
128.0,1.0,90.77048958572746,36.15376127326187,7.220911055394288,0.033643904929158266,0.7957242972154105,0.8114578690868754,81.98425608912493,6.7326967406094145,4.420502794581086,0.05,0.8022384832989152,3.394790447857325
130.0,1.0,90.52639241643558,35.59243339378185,7.25022871891332,0.03372266516746341,0.7749762356277055,0.7832232893083974,80.54691926222401,6.767684790787522,4.303613862157383,0.05,0.8053979407181877,3.366511498717074
132.0,1.0,90.28354905387411,35.02441872089681,7.2810866540204895,0.03382248446731586,0.7544272841942503,0.755611240246749,79.0917075243748,6.804794119934195,4.187880412235214,0.05,0.8086301426238514,3.336618901531782
134.0,1.0,90.04131480946796,34.449589265188365,7.3136210539586415,0.033942797221905685,0.7340722243608477,0.7286128384568505,77.61903861870891,6.844224563687743,4.073316859195171,0.05,0.8119463197675216,3.305015002260007
136.0,1.0,89.79913282167212,33.86798111401707,7.347959032471895,0.03408287552995731,0.7139111597060661,0.7022228542500114,76.12980532412654,6.88619193140367,3.9599572617918133,0.05,0.8153574284117838,3.2716067632842636
138.0,1.0,89.55645835433351,33.27905739498843,7.3844452990403955,0.03424417892200383,0.6939228009413866,0.6764157747842652,74.6231620238928,6.930945573344509,3.8477175614695707,0.05,0.8188870250441032,3.2362637718212572
140.0,1.0,89.31297742164058,32.68394544753325,7.422947909257878,0.03442328233746,0.6741465498918996,0.6512181670221984,73.10317359545108,6.978720018598598,3.736822724329322,0.05,0.822531605421894,3.198948653766634
142.0,1.0,89.06829444977014,32.08237655749702,7.4637946379168065,0.03462149216106885,0.654570584183813,0.6266097421059287,71.56968726741928,7.029804064070144,3.6272264953056093,0.05,0.8263139146697442,3.1595413958006597
144.0,1.0,88.8221923870648,31.47494561682333,7.507036520245383,0.0348376240267633,0.635215556733767,0.6025978832162224,70.02512928850204,7.084489526962511,3.519044373012356,0.05,0.8302403414112822,3.1179716947826086
146.0,1.0,88.57413465135174,30.861134930271668,7.553287831745167,0.035074567327263245,0.6160565806632476,0.5791457271108139,68.4681898534661,7.143139239411435,3.412166059903112,0.05,0.8343526423799814,3.074099259680831
148.0,1.0,88.32394704548763,30.241709959345222,7.602650414416642,0.035331284868967576,0.5971195063077562,0.5562617296968315,66.90158503512696,7.206103241466045,3.306729675730181,0.05,0.8386609548670649,3.027863116691364
150.0,1.0,88.07158645238658,29.617530542900823,7.65511261647675,0.03560635967592414,0.5784352907776629,0.5339594502184934,65.32842692048362,7.2737535005031715,3.2028919484854574,0.05,0.8431674183166632,2.979212020148316
152.0,1.0,87.81637159396867,28.988233601475837,7.711615293377685,0.035903844218218385,0.5599785743363983,0.5121929472202732,63.74707764989467,7.346562278427174,3.1005450032208257,0.05,0.8479368879800601,2.9280188591462055
154.0,1.0,87.55843994315757,28.35497811743118,7.771979665881701,0.036221466253993986,0.5417935419724371,0.49098808602480115,62.16167238828898,7.4249592225264625,2.999902982045219,0.05,0.8529602832552048,2.874258044321236
156.0,1.0,87.29757789571481,27.718237537572985,7.8365575350842605,0.0365600041908344,0.5238922927630374,0.47033717865313424,60.57366892220668,7.509448278560974,2.9010284035972687,0.05,0.8582633816433056,2.817865581224167
158.0,1.0,87.03358780881126,27.078519611207085,7.90570932415127,0.03692027020363159,0.5062877655735099,0.4502332110305933,58.98459148098959,7.600573621789393,2.8039862150036408,0.05,0.8638724738856143,2.75878561073476
160.0,1.0,86.76590766169035,26.436147807735978,7.980384043539443,0.03730556729318852,0.48897741168530473,0.43064653826093935,57.39438805391101,7.698943080744972,2.708777766440133,0.05,0.8698545139914498,2.6969618683992787
162.0,1.0,86.49449528752359,25.791876979177747,8.060800009658735,0.03771592305514815,0.47198467912925035,0.4115820468360268,55.80548808712336,7.805171384297837,2.6155122620297835,0.05,0.8762260357553415,2.6323716211441717
164.0,1.0,86.21931775422655,25.14635697934879,8.147176796262496,0.03815153297160377,0.45532867528433474,0.39304228564880545,54.220081143903045,7.9199209964653985,2.5242749104573745,0.05,0.8830030029571002,2.564993183598844
166.0,1.0,85.94018143153487,24.500125028261884,8.24000887006399,0.0386137873106736,0.4390200090962424,0.3750191452914109,52.63958190080878,8.043908806552123,2.4351137611576625,0.05,0.8902200061894542,2.494809449795257
168.0,1.0,85.65683638200696,23.85372190036167,8.33992416197656,0.03910458198886401,0.4230671255954589,0.3575016203118368,51.0651970570475,8.177895237306908,2.348067397458964,0.05,0.8979205661356164,2.421816920368731
170.0,1.0,85.36855894552916,23.2077942718174,8.448448744067308,0.03962906742419679,0.4074698245725956,0.3404575754377448,49.49677406485959,8.322676899379763,2.2631505948519974,0.05,0.9062110009903208,2.346051538863166
172.0,1.0,85.07599995384105,22.562791628281513,8.564725055569216,0.04018365779597698,0.392252783523562,0.3239186318562017,47.93819426539159,8.479084098951757,2.1804417249357497,0.05,0.9150287284867977,2.2674994866350664
174.0,1.0,84.77825129614192,21.919441735094527,8.690740280937618,0.040775116450721745,0.37741181506347726,0.3078451440049361,46.3887749158452,8.647970459710676,2.0999418330940163,0.05,0.9245109519607438,2.186241856021386
176.0,1.0,84.475390060517,21.278240975845748,8.826740687685877,0.04140392041809305,0.3629573751589559,0.292241400260518,44.850565052408406,8.830223567003811,2.021681478051966,0.05,0.9346707341118158,2.1023188814012697
178.0,1.0,84.16731460351855,20.63968646274468,8.973319644690912,0.04207182224029737,0.3488946383954624,0.27710276722195715,43.32500561591931,9.026752428933602,1.9456722752521962,0.05,0.9455442723818629,2.015791704024376
180.0,1.0,83.85353960769928,20.004499691218903,9.131932209525946,0.04278349093095892,0.3352256363930275,0.2624108162737385,41.812644707968815,9.23844042141775,1.8719258101866139,0.05,0.9572267778729531,1.9267806930890925
182.0,1.0,83.53447076158811,19.37282897339277,9.302150899743944,0.04353719409247781,0.3219544874978231,0.2481780830533959,40.315903231803546,9.466254211207616,1.8004269277771838,0.05,0.9696790824858823,1.8353169019653472
184.0,1.0,83.2092458845215,18.745675453598434,9.486387996123543,0.04434072415039869,0.3090807217384273,0.23437426001844258,38.83450561160418,9.711005238941128,1.7311895776900377,0.05,0.9830591051359169,1.7416080055975998
186.0,1.0,82.87835554356711,18.123063980101843,9.68403417787583,0.04519169229012901,0.29660478172581894,0.2210129863393399,37.37087102207049,9.973649421293201,1.6641776764381637,0.05,0.9973105493662897,1.6456958805099657
188.0,1.0,82.54084768518759,17.506176589037445,9.897933871240413,0.04609908046102986,0.28452696869718364,0.20806437844827266,35.924624102341646,10.254864292427701,1.599411622817657,0.05,1.0126144210088188,1.5478592170787202
190.0,1.0,82.1977664618531,16.894431066226357,10.125994470767719,0.04705557280687444,0.27284155614815586,0.19555453756093077,34.49896108631319,10.555670330631017,1.5368049230712328,0.05,1.0288067843346622,1.448055021399366
192.0,1.0,81.8496844632434,16.289255591959964,10.371453491829497,0.05490043309164397,0.2615493771051826,0.18365595508389235,33.105980945382136,10.875152890471707,1.476383913148875,0.2464768456931139,1.0460871320985208,1.3467667354550432
194.0,1.0,81.51599515842123,15.693820933697346,10.633563342461928,0.07831296130700795,0.2506596328195181,0.17317675171333835,31.843284759835228,11.200751423633632,1.4181262631591087,0.4595977041699435,1.0643636963377376,1.2463445867597724
196.0,1.0,81.23019323501053,15.121029146750661,10.908783704303803,0.11688205513058089,0.24022736143810167,0.16456888335489495,30.829233292649903,11.50872955731065,1.362140930270166,0.6641361952097458,1.083319554640823,1.1521385565523494
198.0,1.0,81.02457836447451,14.592193038387638,11.189961810732164,0.1687808354308725,0.23036679313531244,0.15799109255755597,30.150585732204235,11.7710854227793,1.308794519514013,0.8439953638019864,1.1023607757840286,1.0704187570311698
200.0,1.0,80.92607286408486,14.133369412131241,11.4663974919808,0.23041229441226282,0.22123762151441412,0.15343697313580368,32.521293030988126,11.955303279365419,1.258711147144485,0.945081312335322,1.1206393107627224,1.0247598520037577
202.0,1.0,80.9446098040884,14.221304237534362,11.703224220920857,0.2700265511071189,0.213493986000001,0.15093451344642217,39.81742384413458,11.739641879803987,1.2154031257163807,0.4143696453398411,1.1354561521399642,1.2674311162432979
204.0,1.0,81.01308003201491,14.764587081323263,11.854798270820664,0.27496657196522517,0.2087983126069501,0.14839045958038113,35.47267448233984,11.476772822707495,1.1884792353438067,0.3045879300609371,1.1433904790603062,1.3191002711513848
206.0,1.0,81.06420540813139,14.734908328205012,11.969258118691666,0.28967622155903155,0.20595637305222,0.14481056132093922,32.67003338154195,11.533953136492448,1.1716457122556232,0.5524652729650303,1.1483558073337798,1.2033597651279435
208.0,1.0,81.11793437263843,14.47889688451858,12.082066378281118,0.31577732096642613,0.2031648654160567,0.14152282870461855,34.752417020619305,11.605617304257327,1.1549118539901437,0.5715259215511874,1.1531524561876627,1.1945839539054288
210.0,1.0,81.19361859182746,14.46949610029907,12.178154402385292,0.333965464199998,0.20064130402674152,0.13885007567103302,35.422691781468856,11.552056452337688,1.1395120679914807,0.4750098950927304,1.156623277155156,1.2391829661224525
212.0,1.0,81.2746170952174,14.50256203297957,12.251287205366749,0.34745641802527855,0.1988120940216088,0.13620703983929552,34.2847293956206,11.5210791527811,1.1279074691300384,0.5022720749866358,1.1583223740337745,1.2265431176938857
214.0,1.0,81.35234903705688,14.421041443066466,12.313650045057807,0.3642113341409335,0.1973282919426336,0.13356410453241985,34.08984062303095,11.541364362831958,1.1182099166827513,0.5577342344224876,1.15922069286983,1.2009323780906471
216.0,1.0,81.43323337248329,14.34373623645089,12.369174416402617,0.3815680384394893,0.1959467508583773,0.1311709949422548,34.50302647224402,11.543454680604004,1.109074720457989,0.555810995028079,1.1596333382469106,1.2018182735343281
218.0,1.0,81.51817678422222,14.317778377064693,12.414694003373597,0.3966486819695601,0.1947666734641252,0.1289938441743057,34.405265203557576,11.52648172760094,1.1010626449750216,0.5523040573776669,1.1593274480867233,1.2034340544851188
220.0,1.0,81.60303392874522,14.284118655762505,12.451411843634576,0.4111893180865933,0.19380338011566656,0.1269207064378504,34.13404627987844,11.520312458778298,1.0942749375216057,0.5739177092402149,1.15840794424703,1.1934837691713123
222.0,1.0,81.68729717435446,14.232559562460871,12.482384260264045,0.42618542238063795,0.19295791249317848,0.12497143004035806,34.10779303379136,11.520102000283616,1.088168876444339,0.5921718569999086,1.1571184900550386,1.1850944912270145
224.0,1.0,81.77229491421865,14.189779785328685,12.508264723512006,0.4407751653392911,0.1921957929412061,0.12317673488756768,34.1168309703701,11.513818899719253,1.0825522461538934,0.6001523255614974,1.1555138297576728,1.1814308008239773
226.0,1.0,81.85770653499908,14.155827014911512,12.528971622609989,0.45469120721136524,0.19153101340386122,0.12151237606242264,34.018946932798315,11.505302040843967,1.077502623413232,0.6108874164926741,1.1535925559579245,1.1765062302680027
228.0,1.0,81.94281757156844,14.119295230350335,12.545402394969285,0.4683550570370679,0.1909488632961197,0.11995568703546429,33.922099285568855,11.49903568220727,1.072938931072569,0.6253067290998393,1.1514270158865536,1.169898109475888
230.0,1.0,82.02777063576615,14.08162922205773,12.558399936130442,0.4818317056192471,0.19042462438005736,0.1185087249396401,33.87177984739999,11.492751184007595,1.0687228376984867,0.6377501863084709,1.1490846391500253,1.1642013265247946
232.0,1.0,82.11282726593302,14.047271257899672,12.5683039481311,0.49494489481232673,0.18995036743476595,0.11716889431806554,33.816888850546896,11.484861784810859,1.0648077056856105,0.6485497567307164,1.1465924677556816,1.1592613834449774
234.0,1.0,82.19791942214836,14.014948653725652,12.575395445134637,0.507693960510708,0.18952385266788727,0.11592537207008329,33.74524528077683,11.47649716368434,1.0611787967918094,0.6599780446702559,1.143972941402164,1.1540380223878013
236.0,1.0,82.28299794632328,13.982854916560248,12.580067837319469,0.520154701497898,0.1891378348689098,0.11477088669433909,33.679470247231606,11.468192529630745,1.0577939630020907,0.6716419607081683,1.1412572091177235,1.148711257217362
238.0,1.0,82.36816570913099,13.95158740967504,12.582665966055691,0.5323247603065798,0.18878488585510383,0.11370082143846438,33.62147652167313,11.459438020656814,1.0546096830901304,0.6826403765000464,1.138471028396427,1.1436922677498673
240.0,1.0,82.45351370227291,13.921742638529985,12.583385253904176,0.5441738295315331,0.18846187173038995,0.11271113000191374,33.56328668976653,11.450067395282995,1.0516063164426805,0.6932134897700888,1.1356298126400055,1.1388707757279544
242.0,1.0,82.53906924824146,13.892919538931453,12.582453077163791,0.5557130095675715,0.18816566969898782,0.11179448508996945,33.50220662139922,11.44032468783981,1.0487643282995265,0.7037112227248001,1.1327487413599584,1.1340868715816448
244.0,1.0,82.62487947988397,13.86485149485151,12.580020925207995,0.5669501654128682,0.18789380846534467,0.11094830028521799,33.44551379523196,11.43026076006834,1.0460682765354683,0.7140101177582641,1.1298410918885082,1.1293965973230762
246.0,1.0,82.71100036172757,13.837626254124434,12.576276668102187,0.5778890278496019,0.18764317589921067,0.11016719731442598,33.39096712026022,11.419800595528967,1.0434990353858113,0.723987245830314,1.1269187399323253,1.1248556246982204
248.0,1.0,82.79748213342728,13.811288816896816,12.57134450263894,0.5885272435429127,0.187412023344232,0.10944743719094248,33.337623991256336,11.408939872009087,1.0410452756623574,0.7337027641080178,1.1239903399837723,1.1204362557426075
250.0,1.0,82.88434990660416,13.785721535333966,12.565363448861602,0.598874483142714,0.18719837664422728,0.10878365685814922,33.282315842834066,11.397739401982548,1.0386945985289247,0.7432147480730138,1.1210632730055787,1.1161118200358346
252.0,1.0,82.97165770981142,13.760895412852296,12.558386409420159,0.6089250481929867,0.18700162716926239,0.10817548487102956,33.232508566773916,11.386193551063172,1.0364423377693237,0.7524935801009602,1.1181444643775131,1.111895554921108
254.0,1.0,83.05941011530662,13.736759812277114,12.55055719505713,0.6186947968965567,0.18681956811390898,0.10761626659263233,33.18015208294651,11.374328639048,1.034275161551034,0.76154134279965,1.1152387087855258,1.1077862904091003
256.0,1.0,83.1476602002502,13.713339514999968,12.54190069197583,0.6281741564379748,0.18665210745052527,0.10710638453878901,33.1336870418369,11.362128723687684,1.032191440229047,0.7703568121200963,1.1123513916446435,1.1037843727569683
258.0,1.0,83.2364076751325,13.690572046530416,12.532516505731989,0.6373755590207476,0.18649779695201346,0.10664092847986713,33.087975679472606,11.349630040414883,1.0301823385753925,0.7789603186928875,1.1094856201216787,1.0998803814886549
260.0,1.0,83.32565732145878,13.668420222139822,12.522473840498373,0.6463066919115293,0.186355671877881,0.106216633239112,33.04097405306303,11.336853054041168,1.0282418277011276,0.787356749084489,1.1066440623603797,1.0960719270327333
262.0,1.0,83.41542267194764,13.64687236998493,12.5118172884873,0.6549698568945566,0.18622520013845703,0.10583166532335385,32.99420544394539,11.323805058303156,1.0263663028924075,0.7955459817115702,1.1038294605572099,1.0923589039994432
264.0,1.0,83.50570950521929,13.625911810614285,12.500591578213001,0.6633688950572205,0.1861058340066733,0.1054839613426957,32.94827555394803,11.31049833032972,1.0245521821484322,0.8035327949604016,1.1010440189833361,1.0887389962264356
266.0,1.0,83.59654079780175,13.60554294261253,12.488817945461617,0.6714999021600075,0.18599750932662132,0.10517308839850502,32.910334650798035,11.296931135302993,1.0227984425710783,0.8113129739884907,1.0982910326499145,1.085213973720069
268.0,1.0,83.68785015012818,13.585682542237887,12.476593597487016,0.6793906788474985,0.18589849526213756,0.10489258748111666,32.862521206553595,11.283161675281917,1.0210957193514094,0.8189139212382728,1.0955680748991294,1.0817712945697342
270.0,1.0,83.77972007206242,13.566411920515929,12.463871564405444,0.6870122369218711,0.18581016955639623,0.10464704726769772,32.832387860407174,11.269139405984316,1.0194504838351808,0.8263031010099047,1.0928823806323786,1.0784255753702336
272.0,1.0,83.87203931765488,13.547612918268054,12.450770595876522,0.6944063881092412,0.18573020091373385,0.10442791734126484,32.789889933732034,11.25494767355965,1.0178506149134678,0.8335232534328446,1.0902281895867438,1.075157353575837
274.0,1.0,83.96482021340883,13.529300620868918,12.437294544411479,0.7015679612203923,0.18565878424968166,0.10423558170858882,32.74317919239122,11.240581205994836,1.0162967984562954,0.8405673180743352,1.0876080386636313,1.0719697284440235
276.0,1.0,84.0580948006813,13.511516593019829,12.423431571698178,0.7084821029322242,0.18559657396006096,0.10407182575806902,32.71012476279206,11.226019275010643,1.014792019688235,0.8474174197607853,1.0850266788869096,1.068870693636609
278.0,1.0,84.15180344011853,13.494210252189424,12.409237790542841,0.7151681826997474,0.18554253695794137,0.10393276468526513,32.67847520579648,11.211301515089866,1.013330950927255,0.8540909596924102,1.0824818080190852,1.0658522872621068
280.0,1.0,84.24592104513603,13.477371831857278,12.394737776647803,0.7216310002557014,0.18549639135876866,0.10381705606931961,32.648723413346126,11.196441854183188,1.011912070142209,0.860590817671721,1.079973926872232,1.0629131263222935
282.0,1.0,84.34040306919952,13.460970240561302,12.379967058587278,0.7278831123398669,0.1854575112675289,0.10372232461945484,32.61373497378853,11.181466921036002,1.0105322104855903,0.8669280907690129,1.077501672019639,1.0600481195306242
284.0,1.0,84.43523463291531,13.44501261837902,12.364936432666155,0.7339232242415312,0.18542594157258832,0.10364834770571901,32.57956040262743,11.166380308108296,1.0091915725083371,0.8730987493228198,1.0750666971237715,1.0572590209468895
286.0,1.0,84.5303830058674,13.429489511556165,12.349667424753678,0.7397564861376644,0.1854014257336866,0.10359396012950856,32.54617505094609,11.15119617216564,1.0078889124400137,0.879105132400358,1.0726691886823196,1.0545447096398217
288.0,1.0,84.62581338560418,13.414392472102868,12.334180656550213,0.7453879699238143,0.18538371900081596,0.10355806015931764,32.513591448089045,11.135928309946511,1.0066230882738934,0.8849492749613183,1.0703092853783858,1.0519042069389415
290.0,1.0,84.72148901719407,13.399713540707932,12.31849593981374,0.7508226783496409,0.1853725877593139,0.10353960358517586,32.481699318957254,11.120590685541874,1.005393052965152,0.8906344882846359,1.067987085673006,1.0493359621190659
292.0,1.0,84.81735471304145,13.385404611083883,12.302648154801219,0.7560798462846288,0.18536717801091526,0.10353588405093322,32.43483236758578,11.105216121259167,1.004194633443615,0.8961781668594273,1.0656989514725461,1.0468320685970514
294.0,1.0,84.9134081798238,13.371540235912596,12.286621888497894,0.761134703874669,0.1853685835800575,0.10354958184065775,32.405391607580114,11.089777934762752,1.0030335829503443,0.9015501636005789,1.0634525568259348,1.0444060958359365
296.0,1.0,85.0095869679217,13.358074977446355,12.270452178367913,0.7660059121018143,0.18537597401279599,0.1035780539979349,32.37849078328445,11.074309356831943,1.0019059449523082,0.9067687601766444,1.0612444324856631,1.0420497428080466
298.0,1.0,85.10584694342835,13.345006932059025,12.254155467389285,0.770696191711918,0.18538922579812478,0.10362064666429512,32.35668450498177,11.058821646297915,1.000811383220686,0.9118330545992485,1.0590751955242295,1.039763376422435
300.0,1.0,85.20214128797927,13.332289119733138,12.237759831160634,0.7752249291932278,0.18540751195580604,0.10367499615298051,32.322324173337954,11.0433432077285,0.999745845989195,0.9167612303563091,1.0569406798095118,1.0375387512738123
