intervention,label,intervention_type,direction_definition,challenge,modulation_fraction,native_parameter_value,simulation_status,hypo_burden_mgdl_min,hyper_burden_mgdl_min,abs_dev_from_target_mgdl_min,glucose_auc_mgdl_min,glucose_sd_mgdl,glucose_rmsd_mgdl,glucose_peak_mgdl,glucose_nadir_mgdl,recovery_time_min,undershoot_mgdl,insulin_auc_muL_min,glucagon_auc_pM_min,mean_glucose_mgdl,mean_insulin_muL,mean_glucagon_pM,composite_loss
insulin_signal_global,Insulin signalling (global),potentiation,"u:0=none,1=max",fasting,0.0,1.0,ok,0.0,0.0,537.4378515258429,53372.56214847416,0.0006805984732736453,1.0961740968191693e-05,89.10452489134457,89.10137469122384,0.0,0.0,7854.398810880679,6873.925123784527,89.102774872244,13.112518882939364,11.475667986284687,0.02050541095314222
insulin_signal_global,Insulin signalling (global),potentiation,"u:0=none,1=max",fasting,0.05,1.1,ok,0.0,0.0,536.8400126272056,53418.1599873728,0.0007313829154634902,1.1803417857155385e-05,89.10639791923695,89.1030708532561,0.0,0.0,7861.132522788643,6879.563282970867,89.10452041263186,13.112814883717503,11.47550172305399,0.020538699967852354
insulin_signal_global,Insulin signalling (global),potentiation,"u:0=none,1=max",fasting,0.1,1.2,ok,0.0,0.0,535.3445924004179,53374.65540759958,0.0007423044720368313,1.1927743535403772e-05,89.10822409184014,89.10491005852458,0.0,0.0,7854.7276516766315,6873.736120191925,89.10626946176892,13.113067865904226,11.475352454410558,0.020525233142298704
insulin_signal_global,Insulin signalling (global),potentiation,"u:0=none,1=max",fasting,0.15,1.3,ok,0.0,0.0,534.3322433170963,53375.6677566829,0.0007744563641828674,1.221608183380762e-05,89.11001181531012,89.1066726952548,0.0,0.0,7854.861143720547,6873.6606258926695,89.10795952701653,13.11329072407437,11.475226420521986,0.020534641123083827
insulin_signal_global,Insulin signalling (global),potentiation,"u:0=none,1=max",fasting,0.2,1.4,ok,0.0,0.0,533.3115279213444,53376.68847207866,0.0007890793842530446,1.280756839423688e-05,89.11176793480213,89.1083138030822,0.0,0.0,7854.976025299928,6873.592114426143,89.10966355939676,13.113482513021582,11.4751120441171,0.02054084691319083
insulin_signal_global,Insulin signalling (global),potentiation,"u:0=none,1=max",fasting,0.25,1.5,ok,0.0,0.0,532.7820598146645,53422.217940185335,0.0008220661014872128,1.3390511026245526e-05,89.11349734919223,89.10990948803052,0.0,0.0,7861.637549024246,6879.272330717532,89.11128930806561,13.113657296120511,11.475016398194382,0.020568535221336965
insulin_signal_global,Insulin signalling (global),potentiation,"u:0=none,1=max",fasting,0.3,1.6,ok,0.0,0.0,531.7809655969531,53423.219034403046,0.0008334154542406867,1.3683543382387257e-05,89.11520485538033,89.11158966185937,0.0,0.0,7861.7278027001585,6879.217923537083,89.11295918999674,13.113807844370573,11.474925643931748,0.020572688924848093
insulin_signal_global,Insulin signalling (global),potentiation,"u:0=none,1=max",fasting,0.35,1.7,ok,0.0,0.0,530.3843711955831,53379.615628804415,0.0008642563959894893,1.3878145923521998e-05,89.11689327396897,89.11326073199271,0.0,0.0,7855.254766892131,6873.4355026093945,89.11455029850487,13.113947857916745,11.474850588663429,0.020564376551548653
insulin_signal_global,Insulin signalling (global),potentiation,"u:0=none,1=max",fasting,0.4,1.8,ok,0.0,0.0,529.8681960221373,53425.13180397786,0.0008881904836803984,1.4648986079102896e-05,89.11856436176058,89.11475775788541,0.0,0.0,7861.888808957034,6879.130527883558,89.11614979812822,13.114076411938338,11.474779863025118,0.02059050820173962
insulin_signal_global,Insulin signalling (global),potentiation,"u:0=none,1=max",fasting,0.45,1.9,ok,0.0,0.0,528.4585830925943,53381.54141690741,0.0008959892692836818,1.4513543808453983e-05,89.12022063533706,89.11647974698522,0.0,0.0,7855.39698275376,6873.354432015223,89.11776530368515,13.114185280056361,11.47471524543443,0.0205750817460724
insulin_signal_global,Insulin signalling (global),potentiation,"u:0=none,1=max",fasting,0.5,2.0,ok,0.0,0.0,527.5179434728674,53382.48205652713,0.0009215808004019626,1.4571798608677445e-05,89.12186486372322,89.11815151302683,0.0,0.0,7855.461691703923,6873.320316832287,89.11933565363461,13.114293308353794,11.4746582918736,0.020581819322497905
insulin_signal_global,Insulin signalling (global),potentiation,"u:0=none,1=max",fasting,0.55,2.1,ok,0.0,0.0,527.0096093672094,53427.990390632796,0.0009360913959208441,1.5287531464517558e-05,89.12349803834239,89.11960086887005,0.0,0.0,7862.074062069565,6879.026485062928,89.12091808279033,13.114385424636472,11.47460631369963,0.020605338755686032
insulin_signal_global,Insulin signalling (global),potentiation,"u:0=none,1=max",fasting,0.6,2.2,ok,0.0,0.0,525.6093440362592,53384.39065596374,0.0009378183520736878,1.531669992146279e-05,89.12512167780086,89.12125348450472,0.0,0.0,7855.566555076462,6873.258270474279,89.12252196321158,13.114468372414795,11.474554708638195,0.020589026678173382
insulin_signal_global,Insulin signalling (global),potentiation,"u:0=none,1=max",fasting,0.65,2.3,ok,0.0,0.0,525.1096913560839,53429.890308643924,0.0009667955208483381,1.6249452768535724e-05,89.12673620779832,89.12265753484408,0.0,0.0,7862.170923901338,6878.97054443128,89.1240872537847,13.114546995665284,11.474513001553428,0.020617018902043094
insulin_signal_global,Insulin signalling (global),potentiation,"u:0=none,1=max",fasting,0.7,2.4,ok,0.0,0.0,523.7230641137722,53386.27693588623,0.0009552112747288947,1.606086053691023e-05,89.1283434313351,89.1243163457929,0.0,0.0,7855.658356885456,6873.205419729817,89.12567101149621,13.114621630860528,11.47446647701138,0.020596499921087322
insulin_signal_global,Insulin signalling (global),potentiation,"u:0=none,1=max",fasting,0.75,2.5,ok,0.0,0.0,522.7980342373171,53387.20196576268,0.000978743387976551,1.6175321729874116e-05,89.12994370654565,89.1259300551444,0.0,0.0,7855.698876552013,6873.184666061657,89.12721530177409,13.114689276380656,11.474431829819126,0.020602907997725434
insulin_signal_global,Insulin signalling (global),potentiation,"u:0=none,1=max",fasting,0.8,2.6,ok,0.0,0.0,521.8487558072334,53388.15124419276,0.000970333366728073,1.6408905073278567e-05,89.13153139080332,89.12744731279925,0.0,0.0,7855.736808142737,6873.160588387615,89.12880007377757,13.11475260123996,11.474391633368304,0.020601799637185683
insulin_signal_global,Insulin signalling (global),potentiation,"u:0=none,1=max",fasting,0.85,2.7,ok,0.0,0.0,521.4053001665675,53433.59469983343,0.0010267181173157333,1.7549460536095083e-05,89.13311429835858,89.12872484380487,0.0,0.0,7862.334121598184,6878.884263094775,89.13026638837937,13.114819218679205,11.474369079390783,0.020637468456732862
insulin_signal_global,Insulin signalling (global),potentiation,"u:0=none,1=max",fasting,0.9,2.8,ok,0.0,0.0,520.0289556717712,53389.97104432823,0.0010210896015951276,1.7338532838337623e-05,89.13469066217567,89.13037005643504,0.0,0.0,7855.809373235902,6873.1270217926685,89.13183813744278,13.114873744968117,11.474335595647194,0.02061832995941905
insulin_signal_global,Insulin signalling (global),potentiation,"u:0=none,1=max",fasting,0.95,2.9,ok,0.0,0.0,519.0510869887604,53390.948913011234,0.0009876250861305567,1.7797229884304246e-05,89.13626342252839,89.13181415415879,0.0,0.0,7855.835297436351,6873.103837717068,89.13347063941775,13.114917024100752,11.47429689101347,0.02061183501108727
insulin_signal_global,Insulin signalling (global),potentiation,"u:0=none,1=max",fasting,1.0,3.0,ok,0.0,0.0,518.1340173959782,53391.865982604024,0.000998596459524095,1.799732893025574e-05,89.1378296134153,89.13332885888923,0.0,0.0,7855.8650117115785,6873.088897247359,89.13500164040738,13.114966630570247,11.47427194866003,0.02061542771885678
glucagon_signal_hepatic,Glucagon signalling (hepatic HGP),potentiation,"u:0=none,1=max",fasting,0.0,1.0,ok,0.0,0.0,537.4378515258429,53372.56214847416,0.0006805984732736453,1.0961740968191693e-05,89.10452489134457,89.10137469122384,0.0,0.0,7854.398810880679,6873.925123784527,89.102774872244,13.112518882939364,11.475667986284687,0.02050541095314222
glucagon_signal_hepatic,Glucagon signalling (hepatic HGP),potentiation,"u:0=none,1=max",fasting,0.05,1.1,ok,0.0,0.0,537.5131041525674,53372.486895847425,0.0006924585933591855,1.0891396474382145e-05,89.10440293350624,89.1012500835074,0.0,0.0,7854.348310556643,6873.959983793451,89.1026492418154,13.11243457521977,11.475726183294576,0.020508016844546246
glucagon_signal_hepatic,Glucagon signalling (hepatic HGP),potentiation,"u:0=none,1=max",fasting,0.1,1.2,ok,0.0,0.0,537.5159879208757,53372.48401207912,0.0006361210857038423,1.07255219115143e-05,89.1042856259535,89.1011942058826,0.0,0.0,7854.2862262297,6873.9877063103295,89.10264442751105,13.112330928597162,11.475772464624924,0.02049316328240497
glucagon_signal_hepatic,Glucagon signalling (hepatic HGP),potentiation,"u:0=none,1=max",fasting,0.15,1.3,ok,0.0,0.0,537.5626297986782,53372.437370201325,0.0006274350259050956,1.0549314498713847e-05,89.10417403831484,89.10109254978883,0.0,0.0,7854.230795523731,6874.019900610452,89.10256656127099,13.112238389855978,11.475826211369704,0.020490197539258896
glucagon_signal_hepatic,Glucagon signalling (hepatic HGP),potentiation,"u:0=none,1=max",fasting,0.2,1.4,ok,0.0,0.0,537.5922575625516,53372.407742437455,0.0006034560995937924,1.045413809186867e-05,89.10406400154041,89.10099929376311,0.0,0.0,7854.175958406735,6874.049130834565,89.10251709922781,13.11214684208136,11.47587500974051,0.02048373191463577
glucagon_signal_hepatic,Glucagon signalling (hepatic HGP),potentiation,"u:0=none,1=max",fasting,0.25,1.5,ok,0.0,0.0,537.6309092517887,53372.36909074821,0.0005877470705044975,1.0287686412399676e-05,89.10395869424694,89.10092364474589,0.0,0.0,7854.123072722409,6874.078703505485,89.10245257220068,13.112058552124223,11.475924379808822,0.020479052794390863
glucagon_signal_hepatic,Glucagon signalling (hepatic HGP),potentiation,"u:0=none,1=max",fasting,0.3,1.6,ok,0.0,0.0,538.1230748912731,53416.87692510872,0.0005770473713311061,1.0358750135648172e-05,89.10385449899388,89.1007810746349,0.0,0.0,7860.628991837551,6879.845798989791,89.10238019200787,13.111974965533864,11.475972975796148,0.020493518693043666
glucagon_signal_hepatic,Glucagon signalling (hepatic HGP),potentiation,"u:0=none,1=max",fasting,0.35,1.7,ok,0.0,0.0,538.154114259968,53416.84588574004,0.00055947144108046,1.0237903038912288e-05,89.10375396225038,89.10070197044215,0.0,0.0,7860.577710147771,6879.873527001644,89.10232841658055,13.111889424766924,11.476019227692484,0.020488557244055735
glucagon_signal_hepatic,Glucagon signalling (hepatic HGP),potentiation,"u:0=none,1=max",fasting,0.4,1.8,ok,0.0,0.0,538.1967904093467,53416.80320959065,0.0005525466510162332,1.0209921971358349e-05,89.10365642343055,89.10060170286611,0.0,0.0,7860.530580665286,6879.90140658406,89.10225723034304,13.111810810117241,11.476065732417114,0.02048663844969277
glucagon_signal_hepatic,Glucagon signalling (hepatic HGP),potentiation,"u:0=none,1=max",fasting,0.45,1.9,ok,0.0,0.0,538.2266766323543,53416.773323367655,0.0005396176117522752,1.0217580351005966e-05,89.10356151369854,89.10053929361843,0.0,0.0,7860.482511635972,6879.927285895762,89.10220737842812,13.111730628250161,11.476108900576751,0.02048335793821121
glucagon_signal_hepatic,Glucagon signalling (hepatic HGP),potentiation,"u:0=none,1=max",fasting,0.5,2.0,ok,0.0,0.0,538.2721323932687,53416.72786760673,0.0005481147746082968,1.0387997347650732e-05,89.10346629343466,89.10043431185849,0.0,0.0,7860.436718453111,6879.955143826575,89.10213155564091,13.111654242624038,11.47615536918528,0.020486090882499947
glucagon_signal_hepatic,Glucagon signalling (hepatic HGP),potentiation,"u:0=none,1=max",fasting,0.55,2.1,ok,0.0,0.0,537.3965685895803,53327.60343141042,0.0005281940899131633,9.74997849027263e-06,89.10337976213307,89.10048192584425,0.0,0.0,7847.278815341946,6868.502835646426,89.10209428807087,13.111576967989885,11.476195214112659,0.020444607957554223
glucagon_signal_hepatic,Glucagon signalling (hepatic HGP),potentiation,"u:0=none,1=max",fasting,0.6,2.2,ok,0.0,0.0,537.9084362898966,53372.0915637101,0.0005260880179014518,9.694485089056903e-06,89.10329301722369,89.10036337734175,0.0,0.0,7853.796630599513,6874.268113144828,89.10198925494173,13.111513573621892,11.476240589557309,0.020460738614793837
glucagon_signal_hepatic,Glucagon signalling (hepatic HGP),potentiation,"u:0=none,1=max",fasting,0.65,2.3,ok,0.0,0.0,538.3797010513969,53416.620298948605,0.0005052677529675872,9.827076750473167e-06,89.10320853111853,89.1002464931245,0.0,0.0,7860.304479356289,6880.031160725523,89.10195212501853,13.111433660310741,11.476282169683941,0.020472921644440048
glucagon_signal_hepatic,Glucagon signalling (hepatic HGP),potentiation,"u:0=none,1=max",fasting,0.7,2.4,ok,0.0,0.0,537.508301095087,53327.49169890491,0.0004863454714094129,9.346858342099542e-06,89.1031257870987,89.10028495835948,0.0,0.0,7847.149390030353,6868.578326622988,89.10190760050945,13.11136071851354,11.476321347740999,0.020432324799030118
glucagon_signal_hepatic,Glucagon signalling (hepatic HGP),potentiation,"u:0=none,1=max",fasting,0.75,2.5,ok,0.0,0.0,538.4462644451501,53416.55373555486,0.0004904942930468013,9.747606157202692e-06,89.10304549864004,89.10007947628019,0.0,0.0,7860.2203246691315,6880.079248121743,89.10184109350268,13.11129328551982,11.476362382188062,0.0204687741459766
glucagon_signal_hepatic,Glucagon signalling (hepatic HGP),potentiation,"u:0=none,1=max",fasting,0.8,2.6,ok,0.0,0.0,538.462935873961,53416.53706412604,0.0004785521204119343,9.675800908796492e-06,89.10296924578019,89.10002639900665,0.0,0.0,7860.176216060261,6880.101220761904,89.10181328461391,13.11121970985865,11.476399033798005,0.020465427813033295
glucagon_signal_hepatic,Glucagon signalling (hepatic HGP),potentiation,"u:0=none,1=max",fasting,0.85,2.7,ok,0.0,0.0,538.5031301971524,53416.49686980285,0.00046535303240871205,9.378297893961754e-06,89.10289166254522,89.10001657302102,0.0,0.0,7860.137430283266,6880.124947625616,89.10174623820326,13.11115501298293,11.47643861155232,0.0204608762753283
glucagon_signal_hepatic,Glucagon signalling (hepatic HGP),potentiation,"u:0=none,1=max",fasting,0.9,2.8,ok,0.0,0.0,538.0811817092303,53371.918818290775,0.00045434984408451127,9.13011770200726e-06,89.10281733956634,89.10001516631915,0.0,0.0,7853.542910934981,6874.408240759074,89.10170086526006,13.111090001560903,11.476474525474247,0.02044013258087183
glucagon_signal_hepatic,Glucagon signalling (hepatic HGP),potentiation,"u:0=none,1=max",fasting,0.95,2.9,ok,0.0,0.0,538.0846808649237,53371.91531913508,0.0004608719543927462,9.948333156632716e-06,89.1027468967859,89.09992653730093,0.0,0.0,7853.501325721671,6874.426864996223,89.1016950235978,13.111020577164725,11.476505617689854,0.020444965215998874
glucagon_signal_hepatic,Glucagon signalling (hepatic HGP),potentiation,"u:0=none,1=max",fasting,1.0,3.0,ok,0.0,0.0,538.6012723782119,53416.398727621796,0.00044926914176234955,9.226145403861668e-06,89.10267618925653,89.09982855631627,0.0,0.0,7860.026340452062,6880.189995549466,89.10158253147922,13.11096970884414,11.476547115178427,0.02045606787832647
insulin_secretion,Beta-cell insulin secretion capacity,potentiation,"u:0=none,1=max",fasting,0.0,1.0,ok,0.0,0.0,537.4378515258429,53372.56214847416,0.0006805984732736453,1.0961740968191693e-05,89.10452489134457,89.10137469122384,0.0,0.0,7854.398810880679,6873.925123784527,89.102774872244,13.112518882939364,11.475667986284687,0.02050541095314222
insulin_secretion,Beta-cell insulin secretion capacity,potentiation,"u:0=none,1=max",fasting,0.05,1.1,ok,0.0,0.0,1120.243849530184,52834.75615046982,0.239863199301328,0.002363264965583099,88.30123167006498,87.42682615770298,599.5,0.2988394531837315,7934.639005765561,6952.597323334998,88.13136972555432,13.235427866164406,11.597326644428687,2.617723814566459
insulin_secretion,Beta-cell insulin secretion capacity,potentiation,"u:0=none,1=max",fasting,0.1,1.2,ok,0.0,0.0,1639.3189501024399,52270.681049897554,0.45773350284138703,0.004190129735573831,87.58745982473653,85.92426799811628,599.0,0.4855137226386148,7993.870297028516,7019.813217226736,87.2632404839692,13.34535942742657,11.719220729927773,2.6962462163220446
insulin_secretion,Beta-cell insulin secretion capacity,potentiation,"u:0=none,1=max",fasting,0.15,1.3,ok,0.0,0.0,2111.4096971592026,51843.59030284081,0.6563008544948578,0.006113287070462154,86.94450599331898,84.57411457899136,599.5,0.7176651974217378,8060.813606437828,7097.908935309177,86.47804887880035,13.445894255943,11.839714654393957,2.7790651148174854
insulin_secretion,Beta-cell insulin secretion capacity,potentiation,"u:0=none,1=max",fasting,0.2,1.4,ok,0.0,0.0,2537.0317390157516,51372.96826098425,0.8363845944794818,0.007425417833069998,86.36012925593077,83.35471092328936,599.0,0.8247571229429695,8109.047955138578,7163.713277242671,85.76455469279507,13.537642663002634,11.959454552992772,2.838100770341553
insulin_secretion,Beta-cell insulin secretion capacity,potentiation,"u:0=none,1=max",fasting,0.25,1.5,ok,0.0,0.0,2929.056305754232,50980.94369424576,1.0011682051254587,0.008718104892907624,85.82488697157123,82.24829490214928,599.0,0.9468561003705815,8160.0833929085,7234.286266900528,85.11008963980929,13.622843727727046,12.077272565777175,2.896826438520471
insulin_secretion,Beta-cell insulin secretion capacity,potentiation,"u:0=none,1=max",fasting,0.3,1.6,ok,0.0,0.0,3294.743244420133,50660.256755579874,1.1535629638579874,0.010469872486151605,85.33139449327243,81.23956378266732,599.5,1.190059785161779,8215.034432123099,7309.357826645548,84.50418141047518,13.703143339654877,12.19242339724028,2.968495850173958
insulin_secretion,Beta-cell insulin secretion capacity,potentiation,"u:0=none,1=max",fasting,0.35,1.7,ok,0.0,0.0,3629.608318840502,50325.391681159505,1.2915317822648409,0.011319305634211112,84.87377241344556,80.3141557148519,599.5,1.2465528850640482,8259.537440097232,7377.734397012867,83.9456074748282,13.777376880896133,12.306479394516876,3.0121696877543296
insulin_secretion,Beta-cell insulin secretion capacity,potentiation,"u:0=none,1=max",fasting,0.4,1.8,ok,0.0,0.0,3939.370739926723,49970.62926007328,1.4198679664803755,0.012408744152050016,84.44729418245714,79.46073618922327,599.0,1.3723877365594603,8294.85027344909,7438.48937626107,83.42342113534771,13.847830172702988,12.418179259200452,3.0592227686819786
insulin_secretion,Beta-cell insulin secretion capacity,potentiation,"u:0=none,1=max",fasting,0.45,1.9,ok,0.0,0.0,4231.527062110802,49678.47293788921,1.5378932425385934,0.013397702304196306,84.04809840802191,78.67166443777953,599.0000000000001,1.4901285591860187,8334.765084352191,7504.02609481146,82.93568103153456,13.914465917115509,12.52758947380878,3.104582523335281
insulin_secretion,Beta-cell insulin secretion capacity,potentiation,"u:0=none,1=max",fasting,0.5,2.0,ok,0.0,0.0,4510.7148968257625,49444.28510317423,1.6482110949112907,0.014961384764655918,83.67301202902006,77.93993608762472,599.5,1.7459334713605301,8380.2711215864,7574.033447927361,82.47587173173349,13.978767508901418,12.633917344332545,3.1662182244642905
insulin_secretion,Beta-cell insulin secretion capacity,potentiation,"u:0=none,1=max",fasting,0.55,2.1,ok,0.0,0.0,4770.5735616931715,49184.42643830684,1.7508424797100046,0.016447705365107947,83.31937763820522,77.25914503105346,599.5,1.9928435377308347,8417.123771464323,7636.580942175631,82.042412741129,14.040239818956335,12.738250112052762,3.222627763332062
insulin_secretion,Beta-cell insulin secretion capacity,potentiation,"u:0=none,1=max",fasting,0.6,2.2,ok,0.0,0.0,5014.798424233958,48940.20157576605,1.8453614594141918,0.017360532015615344,82.98495758920465,76.62392985258464,599.5,2.1202461792784675,8451.793613358095,7698.207683912298,81.63503181945963,14.098071081498073,12.841047012364134,3.2627595031931804
insulin_secretion,Beta-cell insulin secretion capacity,potentiation,"u:0=none,1=max",fasting,0.65,2.3,ok,0.0,0.0,5247.198517253948,48707.80148274605,1.934471416403422,0.01871415615082222,82.6678551536402,76.02889195928476,599.5,2.352744982354622,8485.636951018303,7758.241287011731,81.24737528398006,14.154523688103925,12.941186467075449,3.3138090783663174
insulin_secretion,Beta-cell insulin secretion capacity,potentiation,"u:0=none,1=max",fasting,0.7,2.4,ok,0.0,0.0,5466.958774924119,48488.04122507588,2.017237872896012,0.01958382622859956,82.36644338531981,75.4702433355053,599.5,2.4830167853133958,8517.60384195333,7817.403667776635,80.88080271071874,14.20784627515151,13.039872673522327,3.3511099284654993
insulin_secretion,Beta-cell insulin secretion capacity,potentiation,"u:0=none,1=max",fasting,0.75,2.5,ok,0.0,0.0,5675.498622803401,48279.50137719659,2.0946354966097376,0.020122259987138288,82.07930866747023,74.94380678651561,599.5,2.5447323063064715,8547.935140981805,7875.631112170244,80.5329464173421,14.258440602138123,13.136999353077972,3.3788841024217118
insulin_secretion,Beta-cell insulin secretion capacity,potentiation,"u:0=none,1=max",fasting,0.8,2.6,ok,0.0,0.0,5876.791547944325,48078.20845205568,2.1692071853328327,0.021787819017268353,81.80522144659946,74.44647721213681,599.5,2.8634275050802955,8578.904903770308,7931.835095143193,80.19717840209455,14.310099922886252,13.23075078422551,3.436158189447947
insulin_secretion,Beta-cell insulin secretion capacity,potentiation,"u:0=none,1=max",fasting,0.85,2.7,ok,0.0,0.0,6061.440888119356,47848.55911188066,2.238284357758325,0.02176494307991639,81.54310572339496,73.9753559074148,599.0000000000001,2.803539071899266,8599.112024254253,7981.847663074046,79.88073307492597,14.355779673212439,13.325288252210425,3.4453375581063987
insulin_secretion,Beta-cell insulin secretion capacity,potentiation,"u:0=none,1=max",fasting,0.9,2.8,ok,0.0,0.0,6250.984098163071,47704.01590183693,2.3049496790793467,0.023743369140177547,81.29201543625787,73.52783080895198,599.5,3.2050957629871277,8636.086994753692,8042.068151608319,79.57300400640021,14.405482893667543,13.414625774158997,3.5122706920531725
insulin_secretion,Beta-cell insulin secretion capacity,potentiation,"u:0=none,1=max",fasting,0.95,2.9,ok,0.0,0.0,6426.332070875612,47528.66792912438,2.3676850087612396,0.0245341476038705,81.05109395466205,73.10130189604075,599.5,3.3390483805193156,8663.110154227354,8095.811757852451,79.28051364324334,14.450559056259138,13.504273157385239,3.544602775471413
insulin_secretion,Beta-cell insulin secretion capacity,potentiation,"u:0=none,1=max",fasting,1.0,3.0,ok,0.0,0.0,6593.4448473827415,47361.555152617264,2.4268812061322333,0.02455887354950033,80.81960017282347,72.6940658502928,599.5,3.299464319240812,8687.873460260947,8149.276076759089,79.00176005440744,14.491865655147535,13.59345467349306,3.555627491960169
glucagon_secretion,Alpha-cell glucagon secretion capacity,potentiation,"u:0=none,1=max",fasting,0.0,1.0,ok,0.0,0.0,537.4378515258429,53372.56214847416,0.0006805984732736453,1.0961740968191693e-05,89.10452489134457,89.10137469122384,0.0,0.0,7854.398810880679,6873.925123784527,89.102774872244,13.112518882939364,11.475667986284687,0.02050541095314222
glucagon_secretion,Alpha-cell glucagon secretion capacity,potentiation,"u:0=none,1=max",fasting,0.05,1.1,ok,0.0,0.0,427.588062726787,53527.41193727321,0.04744895899941648,0.00041939785562294425,89.42473813560483,89.25823043823911,0.0,0.10254293999496156,8006.808131069391,7476.590691473235,89.286758861173,13.355810060165789,12.471377300205562,0.04479213522829633
glucagon_secretion,Alpha-cell glucagon secretion capacity,potentiation,"u:0=none,1=max",fasting,0.1,1.2,ok,0.0,0.0,328.0529836733431,53581.947016326645,0.08915476578894625,0.0007753546324162848,89.71339595228093,89.3990295686824,0.0,0.2026746342708492,8132.841708438909,8061.624826318166,89.4523322476238,13.577365122602522,13.458472164137175,0.06729767337174322
glucagon_secretion,Alpha-cell glucagon secretion capacity,potentiation,"u:0=none,1=max",fasting,0.15,1.3,ok,0.0,0.0,238.3056893275247,53716.69431067248,0.12680948090113944,0.0011029288160921324,89.97549825776477,89.52689124318357,0.0,0.2919236907346203,8261.409623790583,8655.402569880276,89.60249259494992,13.780499789475535,14.437702368440828,0.08759954219061679
glucagon_secretion,Alpha-cell glucagon secretion capacity,potentiation,"u:0=none,1=max",fasting,0.2,1.4,ok,0.0,0.0,176.92080865720249,53753.69725416535,0.16099455669526772,0.0013879439791846474,90.21517746452031,89.64347989113051,0.0,0.3826364295006641,8366.256495684469,9231.160416693448,89.73906052448307,13.967039224848863,15.410952281625123,0.10695067797645316
glucagon_secretion,Alpha-cell glucagon secretion capacity,potentiation,"u:0=none,1=max",fasting,0.25,1.5,ok,0.0,0.0,134.44821796572717,53828.53113513049,0.192368024019052,0.0016516181109857272,90.4356890422134,89.75016244448352,0.0,0.46701856366601646,8469.41319696976,9810.763545772254,89.86399187834809,14.13925408509142,16.378570193275884,0.12487967023976192
glucagon_secretion,Alpha-cell glucagon secretion capacity,potentiation,"u:0=none,1=max",fasting,0.3,1.6,ok,0.0,0.0,102.06005307661113,53942.22579104075,0.22135561556865374,0.0018977704863576534,90.63965231722761,89.84808441377355,599.5,0.5456369189126065,8572.074003544,10396.125039310627,89.9786918949804,14.298705593901584,17.34132617065993,2.6394852424288167
glucagon_secretion,Alpha-cell glucagon secretion capacity,potentiation,"u:0=none,1=max",fasting,0.35,1.7,ok,0.0,0.0,78.02716500749591,54005.531725721514,0.24832945894197164,0.002123835249294959,90.82917959982288,89.93818990056482,599.5,0.6227934344780834,8660.740643512301,10970.925527457923,90.08428978435616,14.44660657800217,18.300125984083273,2.6554091474858112
glucagon_secretion,Alpha-cell glucagon secretion capacity,potentiation,"u:0=none,1=max",fasting,0.4,1.8,ok,0.0,0.0,108.7825271503086,54063.78252715031,0.2733090237701063,0.002323154467442485,91.00609469609867,90.02128370777517,599.5,0.7035943261949882,8742.967668013984,11544.06587688456,90.18145542477116,14.583765918288547,19.256156591967574,2.6710779523524133
glucagon_secretion,Alpha-cell glucagon secretion capacity,potentiation,"u:0=none,1=max",fasting,0.45,1.9,ok,0.0,0.0,162.50417267195974,54117.504172671965,0.29653713836804213,0.002501650799248849,91.17184348802743,90.09805994446732,599.5,0.7867326437627327,8819.38219117927,12115.808876132009,90.27106617626683,14.711229676696028,20.209856340503766,2.686446789131726
glucagon_secretion,Alpha-cell glucagon secretion capacity,potentiation,"u:0=none,1=max",fasting,0.5,2.0,ok,0.0,0.0,212.6089415097656,54167.60894150976,0.3188483052177921,0.0026876406635623195,91.32772624274209,90.16911014521293,599.5,0.8580533327109521,8890.978061793687,12685.37285027255,90.35464377232654,14.830655649363948,21.159921351580568,2.7004235102535614
glucagon_secretion,Alpha-cell glucagon secretion capacity,potentiation,"u:0=none,1=max",fasting,0.55,2.1,ok,0.0,0.0,258.9616056952031,54213.9616056952,0.33972647492057995,0.0028545538160349862,91.47484309252964,90.23495536853059,599.5,0.9330408191209187,8957.672592652842,13254.08334732762,90.43196264502953,14.941905909345857,22.10856271447476,2.7143219833232344
glucagon_secretion,Alpha-cell glucagon secretion capacity,potentiation,"u:0=none,1=max",fasting,0.6,2.2,ok,0.0,0.0,301.94419489201573,54256.944194892014,0.35936827836467733,0.0030083369747006907,91.6140565742334,90.29604416301152,599.5,1.0097047920634736,9019.915005219222,13822.034180695971,90.50366004152129,15.0457297835183,23.055936915255998,2.728017082827222
glucagon_secretion,Alpha-cell glucagon secretion capacity,potentiation,"u:0=none,1=max",fasting,0.65,2.3,ok,0.0,0.0,341.5354135871828,54296.53541358719,0.3773892039965509,0.0031378734490359926,91.74621398744495,90.35278507648536,599.5,1.0954314819882427,9077.779274619028,14390.109673393354,90.56970043967839,15.142250666587202,24.00351905486798,2.74210757465894
glucagon_secretion,Alpha-cell glucagon secretion capacity,potentiation,"u:0=none,1=max",fasting,0.7,2.4,ok,0.0,0.0,378.9169246087991,54333.9169246088,0.3953300749521595,0.003284860518084139,91.872036583002,90.40553053215261,599.5,1.166684797150964,9132.43233174352,14956.33319405793,90.63205492011475,15.233415065460415,24.948012000096632,2.754792860651665
glucagon_secretion,Alpha-cell glucagon secretion capacity,potentiation,"u:0=none,1=max",fasting,0.75,2.5,ok,0.0,0.0,413.6698204802076,54368.66982048021,0.41228570053940167,0.003421791758376684,91.99208670066231,90.45459777396837,599.5,1.2399937260127416,9183.551844187084,15522.311102951757,90.69002472140151,15.318685311404645,25.892095250962065,2.76738994252664
glucagon_secretion,Alpha-cell glucagon secretion capacity,potentiation,"u:0=none,1=max",fasting,0.8,2.6,ok,0.0,0.0,445.7413039833609,54400.74130398336,0.42787169603349134,0.003541990536570074,92.10698023217911,90.50027559797215,599.5,1.3203669607444226,9231.181487424416,16088.762357697808,90.7435217747846,15.398134257588683,26.83696806955431,2.7802774534424093
glucagon_secretion,Alpha-cell glucagon secretion capacity,potentiation,"u:0=none,1=max",fasting,0.85,2.7,ok,0.0,0.0,476.1931508927388,54431.19315089274,0.4436741479332348,0.003676540647941367,92.21717013112487,90.54281807343251,599.5,1.3887011794704733,9276.295717158882,16653.70880140472,90.79431718247329,15.473387351390963,27.77933077798952,2.7920665481573756
glucagon_secretion,Alpha-cell glucagon secretion capacity,potentiation,"u:0=none,1=max",fasting,0.9,2.8,ok,0.0,0.0,504.09971282329195,54459.09971282329,0.4578067734269984,0.0037902298417738216,92.32306150184473,90.58245498272885,599.5,1.4679031785081804,9318.183942996297,17219.85516924061,90.8408669104642,15.543259287733605,28.72369502792429,2.8044358685734827
glucagon_secretion,Alpha-cell glucagon secretion capacity,potentiation,"u:0=none,1=max",fasting,0.95,2.9,ok,0.0,0.0,530.162656344803,54485.1626563448,0.4712727873541409,0.003902394441431145,92.42499246435065,90.61941313090004,599.5,1.5459253772310149,9357.510985218905,17785.944668128883,90.88434137838999,15.608859024551968,29.66796441722916,2.8165092974098855
glucagon_secretion,Alpha-cell glucagon secretion capacity,potentiation,"u:0=none,1=max",fasting,1.0,3.0,ok,0.0,0.0,554.7974969798415,54509.797496979845,0.48469111009939475,0.004020042166273995,92.52324229957698,90.6538753315564,599.5,1.6177912109063044,9394.669955345866,18351.340643524025,90.92543368970783,15.670842294154905,30.611076970015056,2.827972300953616
insulin_signal_global_inhibition,Insulin signalling inhibition,inhibition,"u:0=none,1=max",fasting,0.0,1.0,ok,0.0,0.0,537.4378515258429,53372.56214847416,0.0006805984732736453,1.0961740968191693e-05,89.10452489134457,89.10137469122384,0.0,0.0,7854.398810880679,6873.925123784527,89.102774872244,13.112518882939364,11.475667986284687,0.02050541095314222
insulin_signal_global_inhibition,Insulin signalling inhibition,inhibition,"u:0=none,1=max",fasting,0.05,0.95,ok,0.0,0.0,538.4199439836,53416.58005601639,0.0006576119336078252,1.0989943319405769e-05,89.10356788243816,89.1003618329943,0.0,0.0,7860.856412557874,6879.718917385519,89.10188499752526,13.112354316193285,11.475761330084268,0.02051655486005234
insulin_signal_global_inhibition,Insulin signalling inhibition,inhibition,"u:0=none,1=max",fasting,0.1,0.9,ok,0.0,0.0,538.0595200607379,53326.940479939265,0.0006291156219707002,1.0232931243537119e-05,89.10259523980766,89.09959468580091,0.0,0.0,7847.632449874769,6868.305177419127,89.10098659973144,13.11216783604807,11.47586495809378,0.020472345648495777
insulin_signal_global_inhibition,Insulin signalling inhibition,inhibition,"u:0=none,1=max",fasting,0.15,0.85,ok,0.0,0.0,539.0568550108474,53370.94314498914,0.000603420455675238,1.0171464025582076e-05,89.10160379056872,89.0985751355235,0.0,0.0,7854.0693632107295,6874.110176269014,89.1000720283625,13.111968886829265,11.475976921984998,0.02048241981395527
insulin_signal_global_inhibition,Insulin signalling inhibition,inhibition,"u:0=none,1=max",fasting,0.2,0.8,ok,0.0,0.0,539.1590236682625,53325.84097633173,0.0005873178034009358,9.793168238601037e-06,89.10058961790067,89.0976754655484,0.0,0.0,7847.381111665649,6868.4455279562435,89.09914950097199,13.111747889165663,11.476099461915194,0.0204597280324401
insulin_signal_global_inhibition,Insulin signalling inhibition,inhibition,"u:0=none,1=max",fasting,0.25,0.75,ok,0.0,0.0,539.7244118324318,53325.27558816757,0.0005520131449241218,9.84257443165096e-06,89.09955388573165,89.09665416142668,0.0,0.0,7847.234292098321,6868.527316959074,89.0982048256768,13.111502576605382,11.476236118561527,0.020450860379460326
insulin_signal_global_inhibition,Insulin signalling inhibition,inhibition,"u:0=none,1=max",fasting,0.3,0.7,ok,0.0,0.0,540.3104988207456,53324.68950117925,0.0005139523061752525,9.140859953308726e-06,89.09849827639783,89.09565822749146,0.0,0.0,7847.077899953196,6868.616697274665,89.09722556588012,13.111241269763067,11.476385459105538,0.02043828511444655
insulin_signal_global_inhibition,Insulin signalling inhibition,inhibition,"u:0=none,1=max",fasting,0.35,0.65,ok,0.0,0.0,541.3700789328564,53368.62992106714,0.0004922427688518332,9.052968377837856e-06,89.09740500004402,89.09453616789534,0.0,0.0,7853.459160026188,6874.455577117352,89.09621021880992,13.11095018368312,11.47655355111411,0.020449161270521588
insulin_signal_global_inhibition,Insulin signalling inhibition,inhibition,"u:0=none,1=max",fasting,0.4,0.6,ok,0.0,0.0,542.4427561460693,53412.55724385393,0.0004658314417716172,8.897021769906785e-06,89.09627892181692,89.09340058687943,0.0,0.0,7859.81753844732,6880.306257741473,89.0951747186888,13.110621415258247,11.476741047108378,0.020458551862911487
insulin_signal_global_inhibition,Insulin signalling inhibition,inhibition,"u:0=none,1=max",fasting,0.45,0.55,ok,0.0,0.0,543.0802566710123,53411.91974332899,0.0004325782960572134,8.424353167230895e-06,89.09511178373609,89.09233034573825,0.0,0.0,7859.594387210737,6880.432335141824,89.09411133165803,13.110249186339844,11.476951351362509,0.020447985651199253
insulin_signal_global_inhibition,Insulin signalling inhibition,inhibition,"u:0=none,1=max",fasting,0.5,0.5,ok,0.0,0.0,543.2887326667685,53366.71126733323,0.00039511237151988184,7.764535056506961e-06,89.09389626909007,89.09127954053125,0.0,0.0,7852.78754264824,6874.836027625079,89.09300712409555,13.10982895266818,11.477188693864907,0.020418635336819195
insulin_signal_global_inhibition,Insulin signalling inhibition,inhibition,"u:0=none,1=max",fasting,0.55,0.44999999999999996,ok,0.0,0.0,543.998392275391,53366.00160772461,0.00037547706761768953,7.344415962530067e-06,89.09262490342518,89.09008569441403,0.0,0.0,7852.5047386838005,6874.999530377081,89.09182238351354,13.109356825849417,11.47746165338411,0.020411589428373532
insulin_signal_global_inhibition,Insulin signalling inhibition,inhibition,"u:0=none,1=max",fasting,0.6,0.4,ok,0.0,0.0,544.7133444832732,53365.28665551673,0.00033220891792806354,6.790738099459563e-06,89.09128448256234,89.08886981951763,0.0,0.0,7852.166670406001,6875.1871688091,89.09062880720656,13.108792438073458,11.477774906192153,0.020398006635231256
insulin_signal_global_inhibition,Insulin signalling inhibition,inhibition,"u:0=none,1=max",fasting,0.65,0.35,ok,0.0,0.0,545.0328404000015,53319.9671596,0.0002967292156490389,6.004536115456388e-06,89.08986552043338,89.08766477223318,0.0,0.0,7845.225411260411,6869.666384973651,89.08933527084378,13.10814605056042,11.478139323264244,0.02036842886087734
insulin_signal_global_inhibition,Insulin signalling inhibition,inhibition,"u:0=none,1=max",fasting,0.7,0.30000000000000004,ok,0.0,0.0,546.7895319056843,53408.21046809431,0.00028331329863273116,5.514300867449591e-06,89.0883437420533,89.08623963249116,0.0,0.0,7857.8769130538485,6881.404197190632,89.087924050199,13.107384342041449,11.478572472378035,0.020396242152362767
insulin_signal_global_inhibition,Insulin signalling inhibition,inhibition,"u:0=none,1=max",fasting,0.75,0.25,ok,0.0,0.0,547.2442150897058,53362.755784910296,0.00025874071860576005,4.638930617427987e-06,89.086694212695,89.08484298485644,0.0,0.0,7850.774211886839,6875.974124872909,89.08640364759648,13.106467799477194,11.479088689270299,0.0203687720758101
insulin_signal_global_inhibition,Insulin signalling inhibition,inhibition,"u:0=none,1=max",fasting,0.8,0.19999999999999996,ok,0.0,0.0,548.2640754071447,53361.735924592846,0.0002400321808251875,3.6802898221219417e-06,89.0848888446628,89.08332195135496,0.0,0.0,7850.11017829306,6876.34994244455,89.08470104272595,13.105359229203772,11.4797160975702,0.020359182856043937
insulin_signal_global_inhibition,Insulin signalling inhibition,inhibition,"u:0=none,1=max",fasting,0.85,0.15000000000000002,ok,0.0,0.0,549.8757406166486,53405.12425938336,0.00023084214422425698,2.6962929841650786e-06,89.08290100259681,89.08160959933706,0.0,0.0,7855.825918788672,6882.559924388843,89.08277607903813,13.103963167287194,11.48050029089048,0.020368520828495964
insulin_signal_global_inhibition,Insulin signalling inhibition,inhibition,"u:0=none,1=max",fasting,0.9,0.09999999999999998,ok,0.0,0.0,550.7740916142525,53359.22590838575,0.00019161047801832782,1.5104435258451229e-06,89.08061348422137,89.07973240535834,0.0,0.0,7848.219405248165,6877.414661934145,89.08051069847369,13.102202679880072,11.481493592544481,0.02033532631206039
insulin_signal_global_inhibition,Insulin signalling inhibition,inhibition,"u:0=none,1=max",fasting,0.95,0.050000000000000044,ok,0.0,0.0,551.4938008164045,53268.50619918359,0.00010672993764113162,1.0355768023624727e-06,89.07785271527526,89.07746922608978,0.0,0.0001267265960223085,7833.726962524577,6866.713419973559,89.07776956385216,13.099877863753473,11.482798361159798,0.020288760322920155
insulin_signal_global_inhibition,Insulin signalling inhibition,inhibition,"u:0=none,1=max",fasting,1.0,0.0,ok,0.0,0.0,553.1121306791886,53221.88786932081,0.0001626355309939093,3.565057337395921e-06,89.07536736902908,89.07414904186246,0.0,0.0012183271666259543,7825.300903450128,6862.026507286613,89.07428932103902,13.096737913724064,11.484563192111487,0.02040203797385199
glucagon_signal_inhibition,Glucagon signalling inhibition,inhibition,"u:0=none,1=max",fasting,0.0,1.0,ok,0.0,0.0,537.4378515258429,53372.56214847416,0.0006805984732736453,1.0961740968191693e-05,89.10452489134457,89.10137469122384,0.0,0.0,7854.398810880679,6873.925123784527,89.102774872244,13.112518882939364,11.475667986284687,0.02050541095314222
glucagon_signal_inhibition,Glucagon signalling inhibition,inhibition,"u:0=none,1=max",fasting,0.05,0.95,ok,0.0,0.0,537.3995886770464,53372.600411322965,0.0006751403044557314,1.0976068871279664e-05,89.10458736044818,89.10143966194286,0.0,0.0,7854.424759875029,6873.907145298883,89.1028387501218,13.112562203464154,11.475637972118335,0.0205041436348817
glucagon_signal_inhibition,Glucagon signalling inhibition,inhibition,"u:0=none,1=max",fasting,0.1,0.9,ok,0.0,0.0,537.3849335270314,53372.615066472965,0.0006910162965105354,1.102401069203957e-05,89.10465031175615,89.10150634994037,0.0,0.0,7854.456286382434,6873.890788170037,89.10286321614852,13.112614835362995,11.475610664724602,0.020508356548440687
glucagon_signal_inhibition,Glucagon signalling inhibition,inhibition,"u:0=none,1=max",fasting,0.15,0.85,ok,0.0,0.0,536.9068413286739,53328.09315867133,0.0006945116190239081,1.103559465869447e-05,89.10471438418857,89.10157496290479,0.0,0.0,7847.928647244116,6868.135592034587,89.10291254581675,13.112662735579141,11.475581607409502,0.02049238463923538
glucagon_signal_inhibition,Glucagon signalling inhibition,inhibition,"u:0=none,1=max",fasting,0.2,0.8,ok,0.0,0.0,536.89051238818,53328.10948761182,0.000709986081309181,1.106449019696718e-05,89.1047788488372,89.10164558054618,0.0,0.0,7847.959162820075,6868.119306453394,89.10293982892534,13.112713722339306,11.475554396747524,0.020496419011057573
glucagon_signal_inhibition,Glucagon signalling inhibition,inhibition,"u:0=none,1=max",fasting,0.25,0.75,ok,0.0,0.0,537.754565952429,53417.24543404757,0.000714164489738241,1.1688627629013766e-05,89.10484572960033,89.10151482567969,0.0,0.0,7861.099870003619,6879.576950152319,89.10299488581747,13.112760417020215,11.475524520687772,0.020533880006392734
glucagon_signal_inhibition,Glucagon signalling inhibition,inhibition,"u:0=none,1=max",fasting,0.3,0.7,ok,0.0,0.0,537.736415587525,53417.263584412474,0.0007265338265052089,1.1707029853564975e-05,89.10491265725018,89.10158827919787,0.0,0.0,7861.132761344521,6879.559478554695,89.10302516165551,13.112815281642236,11.47549537707205,0.020537100084432734
glucagon_signal_inhibition,Glucagon signalling inhibition,inhibition,"u:0=none,1=max",fasting,0.35,0.65,ok,0.0,0.0,537.7174215232301,53417.28257847676,0.000741500319967756,1.1732391214109389e-05,89.10498165465356,89.1016642191798,0.0,0.0,7861.164600726568,6879.542215601284,89.10305684483197,13.112868391537228,11.475466581486712,0.020540995323369032
glucagon_signal_inhibition,Glucagon signalling inhibition,inhibition,"u:0=none,1=max",fasting,0.4,0.6,ok,0.0,0.0,537.6992427108969,53417.3007572891,0.0007566311102086113,1.1754069822986798e-05,89.10505149954011,89.10174219362567,0.0,0.0,7861.198044572304,6879.524457195827,89.10308716812193,13.112924177768647,11.475436959459262,0.02054491978411926
glucagon_signal_inhibition,Glucagon signalling inhibition,inhibition,"u:0=none,1=max",fasting,0.45,0.55,ok,0.0,0.0,537.6665458641016,53417.33345413591,0.0007603894914856821,1.1773700932949488e-05,89.10512242750461,89.10182267349771,0.0,0.0,7861.228834088824,6879.505326117964,89.10314170831677,13.112975536428397,11.475405047736386,0.02054598672885951
glucagon_signal_inhibition,Glucagon signalling inhibition,inhibition,"u:0=none,1=max",fasting,0.5,0.5,ok,0.0,0.0,537.1935845871496,53372.80641541285,0.0007755336238237836,1.182669713987662e-05,89.105195076739,89.10191933175452,0.0,0.0,7854.706092766139,6873.7485194565015,89.10318266346052,13.1130318744009,11.475373154351422,0.020533101393018734
glucagon_signal_inhibition,Glucagon signalling inhibition,inhibition,"u:0=none,1=max",fasting,0.55,0.44999999999999996,ok,0.0,0.0,537.1825830621846,53372.81741693781,0.0008057581850687735,1.1808433782017547e-05,89.10526843646531,89.10202696197773,0.0,0.0,7854.7410285223705,6873.731516824769,89.10320102994626,13.113090197867063,11.475344769323486,0.020540643016323183
glucagon_signal_inhibition,Glucagon signalling inhibition,inhibition,"u:0=none,1=max",fasting,0.6,0.4,ok,0.0,0.0,536.6932434648257,53328.30675653517,0.0007950059323541388,1.1723552333733366e-05,89.10534340859687,89.10212117807484,0.0,0.0,7848.216812967059,6867.972362555896,89.10326943447814,13.113144215483809,11.475308876450955,0.02052072756006152
glucagon_signal_inhibition,Glucagon signalling inhibition,inhibition,"u:0=none,1=max",fasting,0.65,0.35,ok,0.0,0.0,536.673677660136,53328.32632233987,0.0008122029782985253,1.1709152375836142e-05,89.1054197404393,89.10221751338877,0.0,0.0,7848.25048783855,6867.954377951666,89.10330212588114,13.11320048093325,11.47527882698691,0.020525024581722853
glucagon_signal_inhibition,Glucagon signalling inhibition,inhibition,"u:0=none,1=max",fasting,0.7,0.30000000000000004,ok,0.0,0.0,536.6289047517041,53328.371095248294,0.0008109830853643404,1.1707165564583602e-05,89.10549747039632,89.1023161225338,0.0,0.0,7848.2800558629615,6867.933601491972,89.10337693441653,13.11324988448281,11.475244112768541,0.020524756946319993
glucagon_signal_inhibition,Glucagon signalling inhibition,inhibition,"u:0=none,1=max",fasting,0.75,0.25,ok,0.0,0.0,537.5045457695712,53417.49545423043,0.0008260727366938523,1.2536386366823822e-05,89.10557674123167,89.10214288651784,0.0,0.0,7861.431377536785,6879.388595306989,89.1034119336621,13.11331339038663,11.47521033412342,0.02056578554825232
glucagon_signal_inhibition,Glucagon signalling inhibition,inhibition,"u:0=none,1=max",fasting,0.8,0.19999999999999996,ok,0.0,0.0,536.5797946354792,53328.42020536452,0.0008409377167364003,1.191347090546255e-05,89.10565749983697,89.10245043082013,0.0,0.0,7848.351396600924,6867.8942009109915,89.10345898974857,13.113369083710817,11.475178280553035,0.02053318723994846
glucagon_signal_inhibition,Glucagon signalling inhibition,inhibition,"u:0=none,1=max",fasting,0.85,0.15000000000000002,ok,0.0,0.0,537.4711941218095,53417.528805878195,0.0008716281173210897,1.2720066959410134e-05,89.10573995053376,89.10227587409508,0.0,0.0,7861.503821267697,6879.351100781177,89.10346756610208,13.113434230638362,11.4751477911279,0.02057802900689076
glucagon_signal_inhibition,Glucagon signalling inhibition,inhibition,"u:0=none,1=max",fasting,0.9,0.09999999999999998,ok,0.0,0.0,537.4338574859694,53417.566142514035,0.0008761082786783261,1.2717018645692751e-05,89.1058239403706,89.1023833073834,0.0,0.0,7861.539393937941,6879.328858184592,89.10352984572816,13.113493567869794,11.475110689215333,0.020579193170917963
glucagon_signal_inhibition,Glucagon signalling inhibition,inhibition,"u:0=none,1=max",fasting,0.95,0.050000000000000044,ok,0.0,0.0,537.389490014227,53417.610509985774,0.0008798644695041279,1.2783266584244584e-05,89.10590941796153,89.10249356568809,0.0,0.0,7861.576289216049,6879.304863438387,89.10360385318728,13.113555111286153,11.475070664617826,0.020580455004437365
glucagon_signal_inhibition,Glucagon signalling inhibition,inhibition,"u:0=none,1=max",fasting,1.0,0.0,ok,0.0,0.0,536.9224851864999,53373.0775148135,0.000901467142045933,1.2868977723618582e-05,89.10599688611121,89.102606790356,0.0,0.0,7855.056331927593,6873.548038348027,89.10363525010601,13.1136165808474,11.47503846134896,0.02056932071915983
insulin_secretion_inhibition,Beta-cell secretion impairment,inhibition,"u:0=none,1=max",fasting,0.0,1.0,ok,0.0,0.0,537.4378515258429,53372.56214847416,0.0006805984732736453,1.0961740968191693e-05,89.10452489134457,89.10137469122384,0.0,0.0,7854.398810880679,6873.925123784527,89.102774872244,13.112518882939364,11.475667986284687,0.02050541095314222
insulin_secretion_inhibition,Beta-cell secretion impairment,inhibition,"u:0=none,1=max",fasting,0.05,0.95,ok,0.0,0.0,240.80397786399033,53714.196022136006,0.0581884290328604,0.0009838074901189072,89.74355408121227,89.4063357353137,0.0,0.0,7818.379172847274,6847.390865281131,89.59832530798333,13.041499871304877,11.421836305723321,0.03868402280790603
insulin_secretion_inhibition,Beta-cell secretion impairment,inhibition,"u:0=none,1=max",fasting,0.1,0.9,ok,0.0,0.0,81.09580196663197,54032.402480184435,0.12147365399198845,0.002054902175862919,90.4340090855587,89.73394215837268,599.5,0.0,7772.975288913236,6814.948398326125,90.12911172674634,12.965763617870286,11.367720430902628,2.55659393837816
insulin_secretion_inhibition,Beta-cell secretion impairment,inhibition,"u:0=none,1=max",fasting,0.15,0.85,ok,0.0,0.0,419.6461879735365,54374.64618797354,0.191093022888549,0.0032271191539010443,91.1831529534775,90.09266644845897,599.5,0.0,7724.390265660793,6782.399433449626,90.69999364132367,12.884721043637686,11.313426911508968,2.5785687791580294
insulin_secretion_inhibition,Beta-cell secretion impairment,inhibition,"u:0=none,1=max",fasting,0.2,0.8,ok,0.0,0.0,788.7904288254417,54698.790428825436,0.26818375361828234,0.004512748075709932,91.99981062383904,90.4900171067635,598.9999999999999,0.0,7665.779734002796,6744.217159867047,91.31684545713765,12.797628938235055,11.259127145020113,2.600757968281993
insulin_secretion_inhibition,Beta-cell secretion impairment,inhibition,"u:0=none,1=max",fasting,0.25,0.75,ok,0.0,0.0,1190.3908195682538,55145.39081956826,0.3548188159121003,0.005975933210549086,92.89474437876052,90.90794989735956,599.5,0.0,7615.693664051949,6717.602754629601,91.98563939877941,12.703408947542867,11.205342376362971,2.630234892651412
insulin_secretion_inhibition,Beta-cell secretion impairment,inhibition,"u:0=none,1=max",fasting,0.3,0.7,ok,0.0,0.0,1627.1393422445142,55537.13934224452,0.45115672736514495,0.007556129519018945,93.88115876599302,91.39726619715071,599.0,0.0,7548.139631181446,6680.053377726654,92.71642628087565,12.601234776596739,11.152008977840824,2.6583966814315425
insulin_secretion_inhibition,Beta-cell secretion impairment,inhibition,"u:0=none,1=max",fasting,0.35,0.65,ok,0.0,0.0,2108.749654852674,56063.749654852676,0.561573527584177,0.009416290903310606,94.97556366701295,91.89884203782766,599.5,0.0,7487.249228316373,6654.619154793634,93.51751401977094,12.48915634414741,11.100282159789215,2.6953861234024488
insulin_secretion_inhibition,Beta-cell secretion impairment,inhibition,"u:0=none,1=max",fasting,0.4,0.6,ok,0.0,0.0,2639.761271112623,56594.76127111263,0.6880363339157712,0.011555184173868461,96.19861464118128,92.44566204932757,599.5,0.0,7413.081149155218,6624.854285380311,94.40327151144726,12.365439781743483,11.050632669525122,2.735389218662981
insulin_secretion_inhibition,Beta-cell secretion impairment,inhibition,"u:0=none,1=max",fasting,0.45,0.55,ok,0.0,0.0,3232.592443656228,57187.59244365622,0.8314631782539011,0.013888674921220015,97.57669596619068,93.11171400514989,599.5,0.0,7330.8658698623985,6596.580604470973,95.39214752903456,12.228300033131607,11.003470566256837,2.7803966130577273
insulin_secretion_inhibition,Beta-cell secretion impairment,inhibition,"u:0=none,1=max",fasting,0.5,0.5,ok,0.0,0.0,3899.020948804303,57854.020948804304,1.0003492846832822,0.016729428190313846,99.14388666125846,93.79539188875493,599.5,0.0,7237.986827925035,6571.252253776938,96.50378807140001,12.073372523644762,10.961221440828922,2.833778509090444
insulin_secretion_inhibition,Beta-cell secretion impairment,inhibition,"u:0=none,1=max",fasting,0.55,0.44999999999999996,ok,0.0,0.0,4657.656187656242,58612.65618765625,1.1989403296920482,0.020086716360050726,100.94484268128585,94.55106278802674,599.5,0.0,7131.972806311687,6549.84234836818,97.76923467498958,11.89653512312208,10.925508504367272,2.896629121708084
insulin_secretion_inhibition,Beta-cell secretion impairment,inhibition,"u:0=none,1=max",fasting,0.6,0.4,ok,0.0,0.0,5534.283180232566,59489.28318023257,1.4311267081915642,0.02388500276269784,103.03882670255507,95.48724132704055,599.5,0.0,7009.536968143784,6533.690354004908,99.23149821556726,11.692305201240675,10.898566061726285,2.9696132222709735
insulin_secretion_inhibition,Beta-cell secretion impairment,inhibition,"u:0=none,1=max",fasting,0.65,0.35,ok,0.0,0.0,6562.633587161662,60517.63358716166,1.7104299725595353,0.028533911046292482,105.50614119958017,96.5084082015683,599.5,0.0,6864.330416980531,6526.068745783195,100.9468450161162,11.45009243866644,10.885852786961125,3.0577391773228704
insulin_secretion_inhibition,Beta-cell secretion impairment,inhibition,"u:0=none,1=max",fasting,0.7,0.30000000000000004,ok,0.0,0.0,7793.021147637903,61748.021147637905,2.0524087191191365,0.03449163251493756,108.45712923271638,97.5170036571191,599.5,0.0,6686.845890615969,6531.784833382455,102.99920124710242,11.154038182845653,10.895387545258474,3.166713591509688
insulin_secretion_inhibition,Beta-cell secretion impairment,inhibition,"u:0=none,1=max",fasting,0.75,0.25,ok,0.0,0.0,9308.872579225457,63263.872579225455,2.4653411988837344,0.04161268139756901,112.04821991430792,98.73046237782566,599.5,0.0,6464.034838755846,6556.928664312461,105.52772740487983,10.782376711852955,10.937328881255146,3.2980020474315968
insulin_secretion_inhibition,Beta-cell secretion impairment,inhibition,"u:0=none,1=max",fasting,0.8,0.19999999999999996,ok,0.0,0.0,11244.34303918757,65199.34303918757,2.9681149228720303,0.05036465571370206,116.51084401960924,100.10436131445803,599.5,0.0,6170.621442616206,6614.159379492171,108.75620190022948,10.292946526465732,11.03279295995358,3.458154702711043
insulin_secretion_inhibition,Beta-cell secretion impairment,inhibition,"u:0=none,1=max",fasting,0.85,0.15000000000000002,ok,0.0,0.0,13848.584070865872,67803.58407086585,3.5827040808670407,0.061193225976354584,122.22164366863426,101.63869707987786,599.5,0.0,5758.925491102113,6727.233905877453,113.10022363780793,9.606214330445559,11.22140768286481,3.654368264374968
insulin_secretion_inhibition,Beta-cell secretion impairment,inhibition,"u:0=none,1=max",fasting,0.9,0.09999999999999998,ok,0.0,0.0,17655.30949885675,71610.30949885675,4.3775889845484155,0.0752575502139791,129.9245908536531,103.04948904927907,599.5,0.0,5121.939462895787,6949.62452628249,119.45005754604962,8.543685509417493,11.592367850346104,3.9082210756030005
insulin_secretion_inhibition,Beta-cell secretion impairment,inhibition,"u:0=none,1=max",fasting,0.95,0.050000000000000044,ok,0.0,62.93249116328954,24259.53996679813,78214.53996679813,5.652738346502533,0.0935424397108107,141.75928503585556,104.61441452045372,599.5,0.0,3961.212312092047,7427.671708602684,130.4662885184289,6.607526792480479,12.389777662389799,4.45547644580702
insulin_secretion_inhibition,Beta-cell secretion impairment,inhibition,"u:0=none,1=max",fasting,1.0,0.0,ok,0.0,19586.551927461267,48830.79480418161,102785.79480418161,16.35930852626031,0.12473039252789396,180.52766711618918,105.87828618665583,599.5,0.0,7.304320607316097,9099.54671499729,171.452535119569,0.012184021029718259,15.178559991655197,56.059126160114374
glucagon_secretion_inhibition,Glucagon secretion suppression,inhibition,"u:0=none,1=max",fasting,0.0,1.0,ok,0.0,0.0,537.4378515258429,53372.56214847416,0.0006805984732736453,1.0961740968191693e-05,89.10452489134457,89.10137469122384,0.0,0.0,7854.398810880679,6873.925123784527,89.102774872244,13.112518882939364,11.475667986284687,0.02050541095314222
glucagon_secretion_inhibition,Glucagon secretion suppression,inhibition,"u:0=none,1=max",fasting,0.05,0.95,ok,0.0,0.0,606.7689651474135,53348.231034852586,0.07139616654283808,0.0005196975089987195,89.03832805319469,88.73041125816775,0.0,0.0027344839442804414,7781.586904187912,6580.887088486416,88.98787495388254,12.980128280546976,10.977292891553656,0.04015171193349921
glucagon_secretion_inhibition,Glucagon secretion suppression,inhibition,"u:0=none,1=max",fasting,0.1,0.9,ok,0.0,0.0,680.338535612512,53274.66146438749,0.1497436637418709,0.0010797150722881902,88.97095259043552,88.33042437001585,599.5,0.007968102936231958,7697.998120238264,6280.505147299544,88.86515673792742,12.840697448270666,10.476238777814086,2.5600512528569204
glucagon_secretion_inhibition,Glucagon secretion suppression,inhibition,"u:0=none,1=max",fasting,0.15,0.85,ok,0.0,0.0,758.6052519932687,53196.39474800672,0.23312139662362988,0.0016669694937744963,88.89937456932566,87.90896476878152,599.4999999999999,0.014951867024834087,7609.900130258395,5978.22938904955,88.73460341619138,12.693745004601162,9.972025669807426,2.583565367020038
glucagon_secretion_inhibition,Glucagon secretion suppression,inhibition,"u:0=none,1=max",fasting,0.2,0.8,ok,0.0,0.0,842.4164524233014,53112.5835475767,0.3228860870996333,0.0022902211740888838,88.82320912699187,87.46334657049542,599.5,0.027855822970934696,7516.72653378185,5673.968919461351,88.59480158061167,12.538326161437615,9.464501950727858,2.6094007544488957
glucagon_secretion_inhibition,Glucagon secretion suppression,inhibition,"u:0=none,1=max",fasting,0.25,0.75,ok,0.0,0.0,932.1313892302671,53022.86861076973,0.4192350953766829,0.0029524600033046166,88.74201778205105,86.99065867093803,599.4999999999999,0.04494337935059889,7418.087221990316,5367.414701240905,88.44515197793118,12.373790195146483,8.953152128842211,2.6374440693705896
glucagon_secretion_inhibition,Glucagon secretion suppression,inhibition,"u:0=none,1=max",fasting,0.3,0.7,ok,0.0,0.0,1028.5230304048566,52926.47696959514,0.5230961771680385,0.0036596232901307917,88.65530266641726,86.48712013683723,599.5,0.06697455101333105,7313.397597346964,5058.318328303539,88.28436525370331,12.199161963881508,8.437561848713159,2.668025666634095
glucagon_secretion_inhibition,Glucagon secretion suppression,inhibition,"u:0=none,1=max",fasting,0.35,0.65,ok,0.0,0.0,1130.7899812461842,52779.210018753816,0.6338437882602724,0.004395018986166896,88.56248821910427,85.948140946941,599.0,0.08067696406646974,7196.287852185465,4742.213850166452,88.11220370409652,12.013836147221145,7.9168845578738765,2.6974961043541974
glucagon_secretion_inhibition,Glucagon secretion suppression,inhibition,"u:0=none,1=max",fasting,0.4,0.6,ok,0.0,0.0,1243.097418293884,52666.90258170612,0.756232389636439,0.005206698701299426,88.46290971946978,85.36844630901815,599.0,0.11092850468764937,7077.460938140221,4427.3237807092055,87.9247121564376,11.815460664674825,7.391191620549592,2.733917547079826
glucagon_secretion_inhibition,Glucagon secretion suppression,inhibition,"u:0=none,1=max",fasting,0.45,0.55,ok,0.0,0.0,1368.4688429513521,52586.53115704865,0.8950229155953234,0.0061704764314793915,88.3558215074027,84.74063506650442,599.5,0.18920092939212907,6955.082747018979,4112.789630555782,87.71731635871335,11.601472472091707,6.860366356223157,2.7819264194783697
glucagon_secretion_inhibition,Glucagon secretion suppression,inhibition,"u:0=none,1=max",fasting,0.5,0.5,ok,0.0,0.0,1502.227055580294,52407.77294441971,1.0458418511122372,0.0071837687907711405,88.24032314280197,84.05599897008612,599.0,0.25429095051232764,6811.790890685161,3787.0388188374454,87.49210842140185,11.371938047888415,6.32226847886051,2.827606240652971
glucagon_secretion_inhibition,Glucagon secretion suppression,inhibition,"u:0=none,1=max",fasting,0.55,0.44999999999999996,ok,0.0,0.0,1652.337194256368,52257.66280574363,1.2172003570938392,0.008392054405312254,88.11541968836485,83.30299690981734,599.0,0.3678119787970644,6662.511519249542,3460.36071861561,87.24150718821976,11.122723738313093,5.776896024400017,2.886114768291991
glucagon_secretion_inhibition,Glucagon secretion suppression,inhibition,"u:0=none,1=max",fasting,0.6,0.4,ok,0.0,0.0,1822.0682380427172,52132.931761957276,1.4132516205535137,0.009862097858895887,87.97994092402188,82.46608151301223,599.5,0.5456254980484516,6505.011307860444,3131.164139860906,86.96068684229738,10.850727786255952,5.222959365906432,2.960337978421102
glucagon_secretion_inhibition,Glucagon secretion suppression,inhibition,"u:0=none,1=max",fasting,0.65,0.35,ok,0.0,0.0,2011.7256341846632,51943.274365815334,1.6384069011177274,0.01156424145703497,87.83260373536224,81.52372292498923,599.5,0.7620938814425102,6326.162060249158,2792.813708546832,86.64432754931666,10.552397097996927,4.658571657292463,3.0444989458446856
glucagon_secretion_inhibition,Glucagon secretion suppression,inhibition,"u:0=none,1=max",fasting,0.7,0.30000000000000004,ok,0.0,0.0,2230.1653761296784,51724.83462387032,1.9057261126147769,0.013764176840170592,87.67204955886022,80.4457905864945,599.5,1.1019895879309018,6127.522145857064,2447.377605444215,86.27995767117652,10.221054455141058,4.082364646278924,3.1534904903361434
glucagon_secretion_inhibition,Glucagon secretion suppression,inhibition,"u:0=none,1=max",fasting,0.75,0.25,ok,0.0,0.0,2480.3939743455044,51429.606025654495,2.2236812342978767,0.016176299738648665,87.49706679977334,79.18694306164488,599.0,1.4582966192227218,5900.836969354388,2090.828062073097,85.85910855701918,9.85114686035791,3.4905309884358884,3.2754840620980934
glucagon_secretion_inhibition,Glucagon secretion suppression,inhibition,"u:0=none,1=max",fasting,0.8,0.19999999999999996,ok,0.0,0.0,2783.4421069678783,51126.55789303212,2.623224720116952,0.01949009970644239,87.30720348338865,77.67624981671187,599.0,2.054647588705663,5648.2858846150375,1725.471509596312,85.35318513027065,9.429525683831448,2.880586827372808,3.447511557167868
glucagon_secretion_inhibition,Glucagon secretion suppression,inhibition,"u:0=none,1=max",fasting,0.85,0.15000000000000002,ok,0.0,0.0,3162.3351194773177,50792.66488052269,3.1458015463559637,0.02408333953298365,87.10456986761162,75.79038928107431,599.5,3.0127475579277103,5359.616743293057,1346.8945156147943,84.7250456722647,8.940144692732371,2.2466964397244276,3.6935923303440257
glucagon_secretion_inhibition,Glucagon secretion suppression,inhibition,"u:0=none,1=max",fasting,0.9,0.09999999999999998,ok,0.0,0.0,3656.6755713902976,50298.3244286097,3.8791658901981725,0.030720386098837912,86.89963751102157,73.29322199699429,599.5,4.597269293810399,5009.150975471716,946.9064613869996,83.9004577624849,8.355547915715958,1.5794936803786481,4.060966185917803
glucagon_secretion_inhibition,Glucagon secretion suppression,inhibition,"u:0=none,1=max",fasting,0.95,0.050000000000000044,ok,4.18501162497437,0.0,4359.462150867659,49550.53784913234,5.033076354578949,0.039947050790445075,86.73416313223065,69.62252935003879,599.0,7.007585868967013,4569.560659506054,513.7763548947661,82.72209991507904,7.6286488472555165,0.8577234639311621,5.042632013422931
glucagon_secretion_inhibition,Glucagon secretion suppression,inhibition,"u:0=none,1=max",fasting,1.0,0.0,ok,416.4185547550082,0.0,5654.905621762491,48300.09437823751,7.4339930917812325,0.057681380151675295,86.82037733425094,62.75345947832455,599.5,12.684502307819464,3974.3668442878875,12.302731821013966,80.56729671098834,6.6294692982283365,0.02052165441370136,47.50540310201124
insulin_signal_peripheral,Insulin signalling (peripheral uptake),potentiation,"u:0=none,1=max",fasting,0.0,1.0,ok,0.0,0.0,537.4378515258429,53372.56214847416,0.0006805984732736453,1.0961740968191693e-05,89.10452489134457,89.10137469122384,0.0,0.0,7854.398810880679,6873.925123784527,89.102774872244,13.112518882939364,11.475667986284687,0.02050541095314222
insulin_signal_peripheral,Insulin signalling (peripheral uptake),potentiation,"u:0=none,1=max",fasting,0.05,1.1,ok,0.0,0.0,536.0789389653794,53373.92106103462,0.0007407456182855608,1.2135988015672347e-05,89.10696477176336,89.10349286166544,0.0,0.0,7854.938409000648,6873.615586589334,89.10504350757031,13.113419714525289,11.475151229698389,0.02052601756569493
insulin_signal_peripheral,Insulin signalling (peripheral uptake),potentiation,"u:0=none,1=max",fasting,0.1,1.2,ok,0.0,0.0,534.7612101360905,53375.23878986391,0.0008263268893666301,1.3205608650497495e-05,89.10938981825771,89.10563316156605,0.0,0.0,7855.481900091138,6873.31048609653,89.10724338875444,13.114327045227276,11.474641879960819,0.020552574947856943
insulin_signal_peripheral,Insulin signalling (peripheral uptake),potentiation,"u:0=none,1=max",fasting,0.15,1.3,ok,0.0,0.0,532.9918643713655,53332.00813562864,0.0009028264690899085,1.4059407879740468e-05,89.11180233568662,89.10783821806523,0.0,0.0,7849.462441019178,6867.268946083648,89.10945386069947,13.115225465362036,11.474133577416287,0.020559048428218894
insulin_signal_peripheral,Insulin signalling (peripheral uptake),potentiation,"u:0=none,1=max",fasting,0.2,1.4,ok,0.0,0.0,532.1424146101988,53377.8575853898,0.0009948696778379052,1.5513819765986225e-05,89.11420008500325,89.10981720500594,0.0,0.0,7856.557125970809,6872.705532807768,89.11161533454057,13.116122080084823,11.47363194124836,0.020605690639003547
insulin_signal_peripheral,Insulin signalling (peripheral uptake),potentiation,"u:0=none,1=max",fasting,0.25,1.5,ok,0.0,0.0,530.3804332809655,53334.61956671903,0.0010617681225857216,1.6232172040684263e-05,89.11658374177993,89.11203865982895,0.0,0.0,7850.527978432632,6866.667263672993,89.11381715408359,13.117005811917513,11.47312826010525,0.020609204851456425
insulin_signal_peripheral,Insulin signalling (peripheral uptake),potentiation,"u:0=none,1=max",fasting,0.3,1.6,ok,0.0,0.0,529.5271812208199,53380.47281877918,0.0011402484555849564,1.765973323525572e-05,89.1189543429255,89.11400409047243,0.0,0.0,7857.615131596172,6872.105548906722,89.11598133352116,13.117888366604628,11.472630298675663,0.020652335009300755
insulin_signal_peripheral,Insulin signalling (peripheral uptake),potentiation,"u:0=none,1=max",fasting,0.35,1.7,ok,0.0,0.0,527.807674693627,53337.19232530638,0.001225152057488321,1.8367847927964383e-05,89.12131072896186,89.11619926852721,0.0,0.0,7851.58275439769,6866.073536960115,89.1181158317567,13.11876817777392,11.472136235522331,0.020660307272852726
insulin_signal_peripheral,Insulin signalling (peripheral uptake),potentiation,"u:0=none,1=max",fasting,0.4,1.8,ok,0.0,0.0,526.9739462673087,53383.02605373268,0.0013065160879209654,1.9695191664229196e-05,89.12365417443775,89.11817066905718,0.0,0.0,7858.6649147108255,6871.514803096936,89.12024382926992,13.119640926061479,11.471644078625935,0.020703749486790102
insulin_signal_peripheral,Insulin signalling (peripheral uptake),potentiation,"u:0=none,1=max",fasting,0.45,1.9,ok,0.0,0.0,526.1514448470084,53428.84855515299,0.001392603498731926,2.1345434453251674e-05,89.12598376062815,89.12000874088913,0.0,0.0,7865.744175469688,6876.959430447789,89.12234954987989,13.120507381934425,11.471158349370791,0.02074966058373389
insulin_signal_peripheral,Insulin signalling (peripheral uptake),potentiation,"u:0=none,1=max",fasting,0.5,2.0,ok,0.0,0.0,524.4360995216268,53385.56390047837,0.0014602908852921295,2.1987335307946293e-05,89.12830009851723,89.12217615122658,0.0,0.0,7859.697001356444,6870.931749584295,89.12448063518927,13.121363942164347,11.470670700474617,0.020753037231657237
insulin_signal_peripheral,Insulin signalling (peripheral uptake),potentiation,"u:0=none,1=max",fasting,0.55,2.1,ok,0.0,0.0,523.6476932856185,53431.35230671438,0.0015693139390431305,2.34375919049897e-05,89.13060357380868,89.12406762486548,0.0,0.0,7866.77598242706,6876.380793952647,89.12652594948187,13.122228494457147,11.470193150880144,0.02080388467986996
insulin_signal_peripheral,Insulin signalling (peripheral uptake),potentiation,"u:0=none,1=max",fasting,0.6,2.2,ok,0.0,0.0,521.94611923724,53388.05388076275,0.0016282270949034418,2.4242905732059756e-05,89.1328934421773,89.12615798744251,0.0,0.0,7860.723225134036,6870.35571310108,89.12863753048873,13.123077170507573,11.469709036896628,0.020805711988989558
insulin_signal_peripheral,Insulin signalling (peripheral uptake),potentiation,"u:0=none,1=max",fasting,0.65,2.3,ok,0.0,0.0,521.1380470788805,53433.86195292113,0.0017034862469326561,2.5395606077842837e-05,89.13517107913947,89.12811412887545,0.0,0.0,7867.791822085592,6875.804221954551,89.13071218168662,13.123922972619836,11.46923139608766,0.02084690711151875
insulin_signal_peripheral,Insulin signalling (peripheral uptake),potentiation,"u:0=none,1=max",fasting,0.7,2.4,ok,0.0,0.0,519.9682664346025,53435.03173356539,0.0018516168755417512,2.6769129676913458e-05,89.13743594969013,89.13001935458226,0.0,0.0,7868.316029033927,6875.52237855826,89.1326634421441,13.124797379539496,11.468761265318198,0.020890294381366453
insulin_signal_peripheral,Insulin signalling (peripheral uptake),potentiation,"u:0=none,1=max",fasting,0.75,2.5,ok,0.0,0.0,518.6883854104555,53436.31161458954,0.0018692248648727442,2.772080869899791e-05,89.13968765715775,89.13198454029062,0.0,0.0,7868.797743709746,6875.23922894778,89.13479835627946,13.125600906938692,11.468288955709392,0.020899277757732187
insulin_signal_peripheral,Insulin signalling (peripheral uptake),potentiation,"u:0=none,1=max",fasting,0.8,2.6,ok,0.0,0.0,517.4451013315436,53437.55489866846,0.0019261745536913845,2.8973615167605066e-05,89.14192705302237,89.13386983140634,0.0,0.0,7869.29059718404,6874.956704293313,89.13687222463463,13.126423014485471,11.467817688562658,0.020919323762990223
insulin_signal_peripheral,Insulin signalling (peripheral uptake),potentiation,"u:0=none,1=max",fasting,0.85,2.7,ok,0.0,0.0,516.2597697540184,53438.74023024598,0.002025814532478171,2.9665970560958067e-05,89.14415390686159,89.13594032840086,0.0,0.0,7869.793301855333,6874.678544897832,89.13884942493074,13.127261554387545,11.467353702915482,0.020947823149005926
insulin_signal_peripheral,Insulin signalling (peripheral uptake),potentiation,"u:0=none,1=max",fasting,0.9,2.8,ok,0.0,0.0,515.0348621975602,53439.96513780244,0.00208534284370073,3.0887184970195686e-05,89.14636789761798,89.13780968809766,0.0,0.0,7870.283258789894,6874.39918284775,89.14089264020424,13.128078830341774,11.466887711172227,0.02096838375695092
insulin_signal_peripheral,Insulin signalling (peripheral uptake),potentiation,"u:0=none,1=max",fasting,0.95,2.9,ok,0.0,0.0,512.9765211833574,53352.02347881664,0.0021608677506291646,3.1054759157565205e-05,89.14857030353939,89.14004065414551,0.0,0.0,7857.6409527129135,6862.657252113964,89.1428963722918,13.128890480723332,11.466428157249732,0.020954822714456024
insulin_signal_peripheral,Insulin signalling (peripheral uptake),potentiation,"u:0=none,1=max",fasting,1.0,3.0,ok,0.0,0.0,511.78843503876095,53353.21156496124,0.002237569082375039,3.21358375498802e-05,89.15076034624396,89.14193483610411,0.0,0.0,7858.128010835644,6862.3833445001865,89.14488147863197,13.129704278756298,11.465970500418022,0.02097911387213136
insulin_signal_hepatic,Insulin signalling (hepatic: HGP + HGU),potentiation,"u:0=none,1=max",fasting,0.0,1.0,ok,0.0,0.0,537.4378515258429,53372.56214847416,0.0006805984732736453,1.0961740968191693e-05,89.10452489134457,89.10137469122384,0.0,0.0,7854.398810880679,6873.925123784527,89.102774872244,13.112518882939364,11.475667986284687,0.02050541095314222
insulin_signal_hepatic,Insulin signalling (hepatic: HGP + HGU),potentiation,"u:0=none,1=max",fasting,0.05,1.1,ok,0.0,0.0,538.1393593553721,53416.860640644634,0.0006402183445188388,1.0618697555538768e-05,89.10401408928473,89.10098672419404,0.0,0.0,7860.62617508607,6879.847496769593,89.10235302859822,13.111970267032644,11.475975807789146,0.020510346724370403
insulin_signal_hepatic,Insulin signalling (hepatic: HGP + HGU),potentiation,"u:0=none,1=max",fasting,0.1,1.2,ok,0.0,0.0,538.3555186189884,53416.64448138101,0.0006138093359592446,1.0240366328556031e-05,89.1035649626146,89.10069777597587,0.0,0.0,7860.338046628375,6880.008623273719,89.10199246268725,13.111489652424313,11.476244575936146,0.020501762308076595
insulin_signal_hepatic,Insulin signalling (hepatic: HGP + HGU),potentiation,"u:0=none,1=max",fasting,0.15,1.3,ok,0.0,0.0,537.6400525264662,53327.35994747353,0.0005718021047125268,9.326646403429679e-06,89.10316769926062,89.10060611027446,0.0,0.0,7846.976275142717,6868.671362154691,89.10168746445035,13.111071470580981,11.476476795580103,0.020453323903513745
insulin_signal_hepatic,Insulin signalling (hepatic: HGP + HGU),potentiation,"u:0=none,1=max",fasting,0.2,1.4,ok,0.0,0.0,538.2651053499471,53371.73489465006,0.0005367434770757744,8.951870922264717e-06,89.1028180778441,89.100345821734,0.0,0.0,7853.311814642368,6874.534536313419,89.10139381410694,13.110704198067392,11.476685369471484,0.020459640006451684
insulin_signal_hepatic,Insulin signalling (hepatic: HGP + HGU),potentiation,"u:0=none,1=max",fasting,0.25,1.5,ok,0.0,0.0,538.4256651761737,53371.57433482383,0.0005244088307460136,8.909914260818096e-06,89.10250574253465,89.1001035225944,0.0,0.0,7853.1174798777265,6874.645653019725,89.10112576765248,13.110379766072999,11.4768708731548,0.02045607392649838
insulin_signal_hepatic,Insulin signalling (hepatic: HGP + HGU),potentiation,"u:0=none,1=max",fasting,0.3,1.6,ok,0.0,0.0,539.0033035044271,53415.996696495575,0.0004897121938826351,8.643104584383644e-06,89.10222119759854,89.09985426094079,0.0,0.0,7859.495616478911,6880.48242871171,89.10091192075993,13.110084431157484,11.477034910278082,0.020462979985573823
insulin_signal_hepatic,Insulin signalling (hepatic: HGP + HGU),potentiation,"u:0=none,1=max",fasting,0.35,1.7,ok,0.0,0.0,538.6750242270735,53371.324975772935,0.0004662253714218391,8.049530880089169e-06,89.10196432891928,89.09978143454502,0.0,0.0,7852.783158512959,6874.832555340599,89.10070947541392,13.10982163357756,11.47718289706277,0.020437542486962133
insulin_signal_hepatic,Insulin signalling (hepatic: HGP + HGU),potentiation,"u:0=none,1=max",fasting,0.4,1.8,ok,0.0,0.0,538.7835057879594,53371.21649421204,0.0004454513609935748,7.878792237311274e-06,89.1017308726707,89.09961165043616,0.0,0.0,7852.640333881454,6874.912721097033,89.10052837097169,13.109583195127637,11.47731672971124,0.02043143382435857
insulin_signal_hepatic,Insulin signalling (hepatic: HGP + HGU),potentiation,"u:0=none,1=max",fasting,0.45,1.9,ok,0.0,0.0,539.3875154863321,53415.61248451367,0.0005497856747677397,8.71701216144474e-06,89.10151787938473,89.09905301066901,0.0,0.0003530351305158774,7859.070325397304,6880.731732152127,89.10027103338395,13.109375021513435,11.477450762555675,0.020512913119285325
insulin_signal_hepatic,Insulin signalling (hepatic: HGP + HGU),potentiation,"u:0=none,1=max",fasting,0.5,2.0,ok,0.0,0.0,539.4294348760178,53415.570565123984,0.0004130607730170054,7.59305489740049e-06,89.1013219839014,89.09928032078697,0.0,0.0,7858.947330386633,6880.791890422057,89.10020110946452,13.109169858860106,11.47755110996173,0.020438726667231826
insulin_signal_hepatic,Insulin signalling (hepatic: HGP + HGU),potentiation,"u:0=none,1=max",fasting,0.55,2.1,ok,0.0,0.0,539.0831776695734,53370.91682233042,0.0004120557242601512,7.25021173510495e-06,89.10113970886785,89.09921525993146,0.0,0.0,7852.286660355438,6875.1166041484785,89.10002808402407,13.108992755184369,11.47765710208427,0.020419999168148652
insulin_signal_hepatic,Insulin signalling (hepatic: HGP + HGU),potentiation,"u:0=none,1=max",fasting,0.6,2.2,ok,0.0,0.0,539.1566670060079,53370.843332994,0.00039563245805774547,7.06678896240298e-06,89.10097637086903,89.09910984606026,0.0,0.0,7852.185379355499,6875.1730595337285,89.09990539731886,13.108823671712019,11.477751351475339,0.020414994735430864
insulin_signal_hepatic,Insulin signalling (hepatic: HGP + HGU),potentiation,"u:0=none,1=max",fasting,0.65,2.3,ok,0.0,0.0,539.2590154248023,53370.7409845752,0.00042124879870975967,6.994827911578098e-06,89.10082348976367,89.0989877423484,0.0,0.0,7852.095083396308,6875.229690807164,89.09973453184507,13.108672927205856,11.477845894502778,0.020420968138654478
insulin_signal_hepatic,Insulin signalling (hepatic: HGP + HGU),potentiation,"u:0=none,1=max",fasting,0.7,2.4,ok,0.0,0.0,539.2884849992992,53370.7115150007,0.00038599527884057686,7.4497253925949125e-06,89.10068281114116,89.0988695185068,0.0,0.0,7852.008157148801,6875.271942865806,89.09968533389099,13.10852780826177,11.477916432163282,0.02041382866415533
insulin_signal_hepatic,Insulin signalling (hepatic: HGP + HGU),potentiation,"u:0=none,1=max",fasting,0.75,2.5,ok,0.0,0.0,538.9147209456045,53326.0852790544,0.0003726980764426648,6.559305281350431e-06,89.10054659246954,89.09882977708898,0.0,0.0,7845.376205248565,6869.579536955724,89.09955769265564,13.108398003757001,11.477994213794025,0.020389883842037014
insulin_signal_hepatic,Insulin signalling (hepatic: HGP + HGU),potentiation,"u:0=none,1=max",fasting,0.8,2.6,ok,0.0,0.0,539.8749571635383,53415.125042836466,0.00037049002483563763,6.70324924563778e-06,89.1004223573135,89.09868186949366,0.0,0.0,7858.409713096455,6881.100531774415,89.09945795302163,13.1082730827297,11.478065941241725,0.02042365528390065
insulin_signal_hepatic,Insulin signalling (hepatic: HGP + HGU),potentiation,"u:0=none,1=max",fasting,0.85,2.7,ok,0.0,0.0,539.451207590459,53370.54879240954,0.0003280297573585469,6.4039520100153755e-06,89.10030876329228,89.0986407941406,0.0,0.0,7851.785627800084,6875.396069217313,89.09941367681058,13.108156306844881,11.478123654786833,0.02039479188245807
insulin_signal_hepatic,Insulin signalling (hepatic: HGP + HGU),potentiation,"u:0=none,1=max",fasting,0.9,2.8,ok,0.0,0.0,539.4990682485966,53370.5009317514,0.0003154756579834667,6.277998817861736e-06,89.10020016758128,89.09856995230841,0.0,0.0,7851.721191886124,6875.432126151036,89.09933377587879,13.108048734367486,11.478183850001729,0.020391044710973586
insulin_signal_hepatic,Insulin signalling (hepatic: HGP + HGU),potentiation,"u:0=none,1=max",fasting,0.95,2.9,ok,0.0,0.0,540.0222314381492,53414.97776856185,0.00034637009361985235,6.408519014399143e-06,89.1000896804484,89.0984246952519,0.0,0.0,7858.216474270628,6881.209036163025,89.09921229117906,13.107950749408888,11.478246932715638,0.020416132238779167
insulin_signal_hepatic,Insulin signalling (hepatic: HGP + HGU),potentiation,"u:0=none,1=max",fasting,1.0,3.0,ok,0.0,0.0,539.5848149955498,53370.41518500445,0.000343113012297536,7.2035963894899335e-06,89.10000111704474,89.0984098836376,0.0,0.0,7851.6038692893835,6875.497532114131,89.09919062605084,13.107852870266083,11.478293041926763,0.020401465398620533
insulin_signal_global,Insulin signalling (global),potentiation,"u:0=none,1=max",ivgtt,0.0,1.0,ok,1760.291957664153,2155.7746621416227,8144.144361241128,15016.923855026178,64.02212644290242,7.908386152061761,410.3824121792337,40.21953430492402,101.99999999999999,48.88171020846499,22267.42664356083,3740.8327681422716,83.65974292493694,124.05251612011607,20.84029397293745,234.4179084033877
insulin_signal_global,Insulin signalling (global),potentiation,"u:0=none,1=max",ivgtt,0.05,1.1,ok,1920.1268541661018,2058.272764652161,8175.828655364805,14653.185598429809,63.24593996085999,7.922697376516497,409.96497153465174,37.583539171008944,105.0,51.519505522543916,21800.9401499178,3899.724811259647,81.6333459522552,121.4537055705727,21.725486413702768,250.29629407361665
insulin_signal_global,Insulin signalling (global),potentiation,"u:0=none,1=max",ivgtt,0.1,1.2,ok,2039.1205224199996,1973.297626536935,8182.982837126117,14357.991924697888,62.4754767967712,7.9361288639144245,409.5509682691213,35.499087206969705,106.5,53.605715288131094,21408.53037638108,4016.733931094581,79.98881295096317,119.26757869850184,22.37734780554084,262.05849737537943
insulin_signal_global,Insulin signalling (global),potentiation,"u:0=none,1=max",ivgtt,0.15,1.3,ok,2142.128413532447,1898.2832037872186,8187.681134149027,14100.302078959285,61.76093081596492,7.949247402233179,409.13948033128344,33.59911341227277,108.0,55.507410246275995,21070.11548589171,4115.78755909756,78.55321492456426,117.38225897432707,22.92917860221482,272.2413967896088
insulin_signal_global,Insulin signalling (global),potentiation,"u:0=none,1=max",ivgtt,0.2,1.4,ok,2230.624392414886,1831.7563027669134,8188.77669387025,13874.839124001028,61.09424812186798,7.961778940196484,408.7304909589552,31.876538114288515,108.5,57.231676585560955,20776.094436744665,4198.04752952028,77.29715389415614,115.74425870052738,23.387451417940277,280.9821096687748
insulin_signal_global,Insulin signalling (global),potentiation,"u:0=none,1=max",ivgtt,0.25,1.5,ok,2306.7195145074757,1771.8755831260285,8186.781012335204,13676.580089273699,60.470198065610994,7.973670132786909,408.32398115320547,30.31408783620954,109.0,58.79579191113501,20518.187051483845,4265.792222012339,76.19264673690083,114.30744875478464,23.764859175556207,288.4914965494775
insulin_signal_global,Insulin signalling (global),potentiation,"u:0=none,1=max",ivgtt,0.3,1.6,ok,2372.205029244244,1718.1512359390783,8182.190450694863,13501.376053549007,59.885803672469045,7.985485563175819,407.91993416536627,28.878139737494365,109.5,60.23338302101703,20290.73213050438,4321.306676401861,75.21657968550979,113.04029042063722,24.07413190196023,294.95232482257296
insulin_signal_global,Insulin signalling (global),potentiation,"u:0=none,1=max",ivgtt,0.35,1.7,ok,2428.6291540765505,1669.3710190635643,8175.0639288199945,13345.800847341685,59.33593295988548,7.996540423298264,407.51837404463436,27.579699997244884,109.5,61.533446796541995,20087.885791146968,4366.301560006397,74.34986544480047,111.91022724872963,24.324799777194414,300.5091692074216
insulin_signal_global,Insulin signalling (global),potentiation,"u:0=none,1=max",ivgtt,0.4,1.8,ok,2477.210070505111,1624.8453474718235,8165.424899650664,13207.171319249057,58.81879972700592,8.00737402893553,407.11923374970917,26.398397915660773,109.5,62.71635653140185,19906.28993590905,4402.311373924528,73.57755609609502,110.8985511749808,24.525411553897094,305.2879495739455
insulin_signal_global,Insulin signalling (global),potentiation,"u:0=none,1=max",ivgtt,0.45,1.9,ok,2518.9423390566794,1583.9603993044761,8154.309112872105,13083.139691210756,58.33104496762919,8.017737102162762,406.722527815685,25.317130714231578,109.0,63.79921710531717,19743.013590977265,4430.737454407954,72.88657209588165,109.98893365446945,24.683774119264367,309.3843727838375
insulin_signal_global,Insulin signalling (global),potentiation,"u:0=none,1=max",ivgtt,0.5,2.0,ok,2555.0866324330623,1546.6369074773056,8141.76531179982,12971.724425821543,57.870404380606935,8.02779148796074,406.3282315163585,24.325368677552216,109.0,64.79256009691022,19595.6938304397,4452.841001348565,72.26587423856013,109.16821075453872,24.80691365653797,312.9296051836803
insulin_signal_global,Insulin signalling (global),potentiation,"u:0=none,1=max",ivgtt,0.55,2.1,ok,2586.2049915933558,1512.1419339383197,8128.0091581512515,12871.129451943274,57.434956598917594,8.037423847133452,405.93631439186703,23.414230591678866,108.5,65.7052681837165,19461.40940395051,4469.752293500621,71.70545655678704,108.42010810000285,24.901126983290368,315.9738013378199
insulin_signal_global,Insulin signalling (global),potentiation,"u:0=none,1=max",ivgtt,0.6,2.2,ok,2613.3357207157605,1479.9899335973348,8113.477640192409,12779.93387930137,57.02289977597081,8.046808240760605,405.54680738087285,22.57837794792689,108.0,66.54268089696205,19338.994883039497,4482.452282107328,71.19740322730568,107.73813305314484,24.971879008954474,318.62243919358815
insulin_signal_global,Insulin signalling (global),potentiation,"u:0=none,1=max",ivgtt,0.65,2.3,ok,2637.0504724529983,1450.0285575941232,8098.454352465805,12696.785880071693,56.63209742540107,8.055732134368125,405.15965125284663,21.813847987268936,107.5,67.30876237432284,19226.32234416676,4491.753969141449,70.73418317588687,107.11043088672291,25.02369899243147,320.9313115845414
insulin_signal_global,Insulin signalling (global),potentiation,"u:0=none,1=max",ivgtt,0.7,2.4,ok,2657.8079781957817,1422.4151964335645,8083.121022711418,12620.785910928535,56.26132698202164,8.0645112862167,404.77484005721334,21.118473568612657,107.5,68.00567534095934,19122.974705057528,4498.367270535933,70.31078501910046,106.53467802260461,25.06054189713612,322.94994176272075
insulin_signal_global,Insulin signalling (global),potentiation,"u:0=none,1=max",ivgtt,0.75,2.5,ok,2676.147719386852,1396.097581125719,8067.657565124751,12550.88986668151,55.90937209358168,8.072910304105967,404.39234927890163,20.46232288196566,107.0,68.66334722922602,19027.071700312033,4502.831251112678,69.92139201493877,106.00039944463528,25.08541086970851,324.72722421847607
insulin_signal_global,Insulin signalling (global),potentiation,"u:0=none,1=max",ivgtt,0.8,2.6,ok,2692.4037906120143,1372.0525730495551,8052.186207933022,12486.447002997309,55.575208062812756,8.080979228139594,404.0122007236887,19.86463398570295,106.5,69.26254411863512,18938.276381706743,4505.6214457157685,69.56237884678167,105.50571800393729,25.10095512933576,326.29911413434434
insulin_signal_global,Insulin signalling (global),potentiation,"u:0=none,1=max",ivgtt,0.85,2.7,ok,2706.903976487185,1348.823830110764,8037.432566201496,12426.704904404436,55.25638041043904,8.088827812886242,403.6343339241191,19.31132508451023,105.99999999999999,69.81734845344687,18855.374555637834,4507.094061899084,69.22955378498294,105.04386939074004,25.109159119214958,327.69598056864737
insulin_signal_global,Insulin signalling (global),potentiation,"u:0=none,1=max",ivgtt,0.9,2.8,ok,2719.9941988248825,1327.60284239662,8022.624874175643,12371.243092158169,54.95317554223951,8.096404711846557,403.2587007103349,18.795590021808636,105.49999999999999,70.3345675427317,18778.07666141874,4507.521312311339,68.92057432957198,104.61324045358631,25.111539344352867,328.9559409765635
insulin_signal_global,Insulin signalling (global),potentiation,"u:0=none,1=max",ivgtt,0.95,2.9,ok,2731.93501917277,1306.9701898229093,8007.799081047431,12319.446547389258,54.6632176927389,8.103630078042437,402.8854095658882,18.31977829299867,105.0,70.81185249718723,18705.278729805366,4507.061333449747,68.63201419158361,104.2076809459909,25.108976788020872,330.10035264192277
insulin_signal_global,Insulin signalling (global),potentiation,"u:0=none,1=max",ivgtt,1.0,3.0,ok,2742.744429022461,1287.976487698218,7994.030791512224,12271.07016342556,54.38671996629464,8.110729702006305,402.51431743701596,17.876643586227264,104.99999999999999,71.25645072545984,18637.123979669297,4505.9699667447285,68.36250787423711,103.82798874467576,25.102896750667014,331.13740622157366
glucagon_signal_hepatic,Glucagon signalling (hepatic HGP),potentiation,"u:0=none,1=max",ivgtt,0.0,1.0,ok,1760.291957664153,2155.7746621416227,8144.144361241128,15016.923855026178,64.02212644290242,7.908386152061761,410.3824121792337,40.21953430492402,101.99999999999999,48.88171020846499,22267.42664356083,3740.8327681422716,83.65974292493694,124.05251612011607,20.84029397293745,234.4179084033877
glucagon_signal_hepatic,Glucagon signalling (hepatic HGP),potentiation,"u:0=none,1=max",ivgtt,0.05,1.1,ok,1733.6103170788217,2155.4269200912195,8117.02398353065,15041.891145681137,63.95593916727893,7.908422996098024,410.3791707957999,40.37418425178924,101.0,48.72696206831903,22283.258526729478,3702.500566347788,83.79883646619018,124.14071602634807,20.62674410221609,231.71284017525167
glucagon_signal_hepatic,Glucagon signalling (hepatic HGP),potentiation,"u:0=none,1=max",ivgtt,0.1,1.2,ok,1708.7534931275575,2155.0346605198683,8101.728576898841,15100.032389269592,63.80914149291962,7.897435561847084,410.37593152869164,40.50954045742951,99.99999999999999,48.59151136225306,22304.99641952645,3676.4707356929684,83.88906882927553,123.91664677514697,20.424837420516493,229.12784236089513
glucagon_signal_hepatic,Glucagon signalling (hepatic HGP),potentiation,"u:0=none,1=max",ivgtt,0.15,1.3,ok,1684.6857099866315,2154.6758073149176,8067.22938830468,15087.373434086683,63.833892161609064,7.908449531224518,410.37267649790545,40.64326563690925,98.99999999999999,48.45769514367137,22311.26586936564,3633.8189464563893,84.05221968850522,124.29674579033785,20.24411669335036,226.75284627432092
glucagon_signal_hepatic,Glucagon signalling (hepatic HGP),potentiation,"u:0=none,1=max",ivgtt,0.2,1.4,ok,1662.1458843699525,2154.292603891023,8044.261848645881,15108.204531052306,63.777344419077075,7.908483775785799,410.3694503537943,40.77446383787864,97.99999999999999,48.32640914948192,22323.954285235235,3602.8220739559747,84.16827036797943,124.36743334392891,20.071432166885657,224.4666151928699
glucagon_signal_hepatic,Glucagon signalling (hepatic HGP),potentiation,"u:0=none,1=max",ivgtt,0.25,1.5,ok,1640.7079969561337,2153.9308120920396,8022.445719202311,15127.969355164953,63.723649640542895,7.908586484217491,410.3662276360496,40.888988455614786,97.0,48.21179978931013,22335.957373603935,3573.7177523350592,84.2783808087184,124.43430291701357,19.90929109935966,222.2932861116956
glucagon_signal_hepatic,Glucagon signalling (hepatic HGP),potentiation,"u:0=none,1=max",ivgtt,0.3,1.6,ok,1620.2390693694078,2153.5541376937617,8001.541979116787,15146.750105944044,63.67206419598579,7.908581498993245,410.3629859997488,41.006872281450875,96.0,48.093834100545344,22347.247126997343,3546.304761459423,84.38300894676347,124.49719847909384,19.756572487239126,220.21657643362744
glucagon_signal_hepatic,Glucagon signalling (hepatic HGP),potentiation,"u:0=none,1=max",ivgtt,0.35,1.7,ok,1600.6855939856964,2153.2179165479247,7981.5845431089665,15164.701334069596,63.62314042327491,7.908595427554542,410.35974676620083,41.121155327300364,95.49999999999999,47.97947190327749,22358.228895811033,3520.4087676868357,84.48301578868858,124.55837824964365,19.612305112461485,218.23469825994084
glucagon_signal_hepatic,Glucagon signalling (hepatic HGP),potentiation,"u:0=none,1=max",ivgtt,0.4,1.8,ok,1582.0363345900464,2152.8173491130624,7962.376134709854,15181.746432927015,63.57537330059968,7.908754882927804,410.3565380019671,41.22106241031738,94.5,47.879488244820884,22367.97381822199,3495.8774496775013,84.57797455669646,124.61266751098603,19.475640388175496,216.34330504573342
glucagon_signal_hepatic,Glucagon signalling (hepatic HGP),potentiation,"u:0=none,1=max",ivgtt,0.45,1.9,ok,1564.2207443851767,2152.4387882666306,7943.930425666559,15198.101812101744,63.52967209840121,7.908772597094148,410.35331050874044,41.32406254482211,94.0,47.776413969549736,22377.518926413213,3472.588665854657,84.66909087521863,124.66584360118782,19.345897859914523,214.5370579827462
glucagon_signal_hepatic,Glucagon signalling (hepatic HGP),potentiation,"u:0=none,1=max",ivgtt,0.5,2.0,ok,1547.171778723942,2152.085618576882,7926.181558733379,15213.821007733899,63.485942599861055,7.9088179969400265,410.3500852822278,41.43014278645262,93.0,47.670261871508686,22386.686055634786,3450.4383104849658,84.75666299573203,124.71691395896816,19.222497551448278,212.80574940803092
glucagon_signal_hepatic,Glucagon signalling (hepatic HGP),potentiation,"u:0=none,1=max",ivgtt,0.55,2.1,ok,1530.8208958385621,2151.71581213962,7918.758757277246,15264.137810769884,63.360001415465184,7.8978287600871155,410.34686089449576,41.51832414114163,92.5,47.58201087372204,22402.82950060609,3438.2919189851405,84.80076561538824,124.46016389225606,19.10162177213967,211.08341011607274
glucagon_signal_hepatic,Glucagon signalling (hepatic HGP),potentiation,"u:0=none,1=max",ivgtt,0.6,2.2,ok,1515.1215065159122,2151.344662995382,7902.129872940213,15278.633423380228,63.31901545083933,7.897929669131094,410.34362389867744,41.60743008060503,92.0,47.49283736099278,22410.91420217806,3418.0767547801233,84.88129679655682,124.50507890098923,18.989315304334017,209.49170246398737
glucagon_signal_hepatic,Glucagon signalling (hepatic HGP),potentiation,"u:0=none,1=max",ivgtt,0.65,2.3,ok,1500.0303676130407,2150.959760955798,7876.422804504911,15257.212778471614,63.362522918014605,7.90898129074176,410.3404154381165,41.699660822201054,91.5,47.40054098904986,22411.02001330134,3389.8621075918763,84.9983998800647,124.85247918273727,18.885025669035524,208.02537810316758
glucagon_signal_hepatic,Glucagon signalling (hepatic HGP),potentiation,"u:0=none,1=max",ivgtt,0.7,2.4,ok,1485.4968021095847,2150.6067550733,7860.915288015704,15270.650442715854,63.32411699622853,7.9090302365668474,410.337194674689,41.79153626529237,90.5,47.308601893576274,22418.552037372912,3371.3900578967705,85.07326151930837,124.89444031962626,18.782117314188138,206.54837551410387
glucagon_signal_hepatic,Glucagon signalling (hepatic HGP),potentiation,"u:0=none,1=max",ivgtt,0.75,2.5,ok,1471.4929765120075,2150.2162234839325,7855.367674289506,15319.036620949197,63.20321781995422,7.898139477402672,410.33394719753227,41.86784919504505,90.0,47.23222712409279,22433.090091371825,3362.456830743178,85.10575900527331,124.62827828539903,18.68031572635099,205.063531104989
glucagon_signal_hepatic,Glucagon signalling (hepatic HGP),potentiation,"u:0=none,1=max",ivgtt,0.8,2.6,ok,1457.9913826075272,2149.881194732924,7831.282772399967,15296.11665908865,63.25068762211444,7.909104188546447,410.33075605640335,41.94701375469072,89.49999999999999,47.15300237122842,22432.437449982837,3336.64543607308,85.21513459102313,124.9717963787345,18.588553961409918,203.75823611627965
glucagon_signal_hepatic,Glucagon signalling (hepatic HGP),potentiation,"u:0=none,1=max",ivgtt,0.85,2.7,ok,1444.9975241317381,2149.4919368143783,7817.054402920156,15308.158205033733,63.215089820637054,7.909192364416744,410.32751815670287,42.02894533723132,89.0,47.071012490630665,22438.688502135356,3320.2733716221055,85.2822184124442,125.00662118181256,18.497344688702537,202.43904964301777
glucagon_signal_hepatic,Glucagon signalling (hepatic HGP),potentiation,"u:0=none,1=max",ivgtt,0.9,2.8,ok,1432.4366025684874,2149.098292046806,7803.225312322826,15319.833663370762,63.180523448846024,7.909179413049463,410.3243091925068,42.11368782879381,88.5,46.986213121879764,22444.493891995975,3304.5152782533933,85.34726274858363,125.0389631866071,18.409555867706928,201.1627178115326
glucagon_signal_hepatic,Glucagon signalling (hepatic HGP),potentiation,"u:0=none,1=max",ivgtt,0.95,2.9,ok,1420.283471332571,2148.747753678573,7789.814632490705,15331.156066662126,63.147161855820094,7.909280079616611,410.32109394413663,42.18133019417203,88.0,46.91851559532798,22450.528467086868,3289.327024070232,85.41034020424583,125.07258198934188,18.32494163827427,199.92973946769135
glucagon_signal_hepatic,Glucagon signalling (hepatic HGP),potentiation,"u:0=none,1=max",ivgtt,1.0,3.0,ok,1408.5263871733405,2148.377689971084,7776.74051685143,15342.119686052523,63.11458626541617,7.909383311830479,410.31788805288056,42.250972910886944,87.5,46.848819348637974,22455.99953037823,3274.676075887755,85.47141886380236,125.1030614505751,18.243320757034848,198.73632314057957
insulin_secretion,Beta-cell insulin secretion capacity,potentiation,"u:0=none,1=max",ivgtt,0.0,1.0,ok,1760.291957664153,2155.7746621416227,8144.144361241128,15016.923855026178,64.02212644290242,7.908386152061761,410.3824121792337,40.21953430492402,101.99999999999999,48.88171020846499,22267.42664356083,3740.8327681422716,83.65974292493694,124.05251612011607,20.84029397293745,234.4179084033877
insulin_secretion,Beta-cell insulin secretion capacity,potentiation,"u:0=none,1=max",ivgtt,0.05,1.1,ok,1925.5753019388278,2121.426409116504,8270.244210695437,14803.037651905943,63.910652599942885,7.901056256026693,408.64650976412645,38.83335250446303,101.49999999999999,48.89997542443064,23898.229788628505,3849.6742773395217,82.46817633373786,133.13777041018668,21.446653355651936,250.80626150897174
insulin_secretion,Beta-cell insulin secretion capacity,potentiation,"u:0=none,1=max",ivgtt,0.1,1.2,ok,2072.0171225248505,2090.528712785222,8381.271229625323,14612.795015242436,63.80165029876834,7.8945864129391525,407.07207487019525,37.60734426096677,100.5,48.86036248520874,25483.402611571684,3946.764458893652,81.40832877572387,141.96881677755812,21.98754573199806,265.3151764909468
insulin_secretion,Beta-cell insulin secretion capacity,potentiation,"u:0=none,1=max",ivgtt,0.15,1.3,ok,2203.075332677009,2062.9012509237737,8480.362595840214,14442.189014448359,63.700756254090635,7.888901436156289,405.65261525638516,36.51176565714069,99.5,48.800190614789734,27029.677276068956,4033.8682284407596,80.45787751781815,150.58316031236188,22.472803501062728,278.2969321980082
insulin_secretion,Beta-cell insulin secretion capacity,potentiation,"u:0=none,1=max",ivgtt,0.2,1.4,ok,2321.632519210928,2037.8095138493936,8570.242272965099,14287.912120268047,63.60849652965181,7.883790139217107,404.37298599131157,35.51672887650292,98.49999999999999,48.74493408275175,28538.57395476579,4112.44710848903,79.59839621319247,158.98926994298492,22.910568849521063,290.0397892492547
insulin_secretion,Beta-cell insulin secretion capacity,potentiation,"u:0=none,1=max",ivgtt,0.25,1.5,ok,2429.5790597625573,2015.0167160993142,8652.120972148863,14147.477122143637,63.525524976385235,7.879292835816576,403.2190319337199,34.60572372550896,98.0,48.70501261449308,30014.410356142547,4183.657070119504,78.81602853561914,167.2111997556688,23.30728172768526,300.73565287407496
insulin_secretion,Beta-cell insulin secretion capacity,potentiation,"u:0=none,1=max",ivgtt,0.3,1.6,ok,2528.4700249179123,1994.5587206232653,8727.214422526316,14018.882914940577,63.4515917817443,7.875156635545976,402.1776339659067,33.774306375175655,97.5,48.67774270513867,31457.472494813144,4248.467013632311,78.09962626707842,175.25054314659133,23.668339908815103,310.5366953078153
insulin_secretion,Beta-cell insulin secretion capacity,potentiation,"u:0=none,1=max",ivgtt,0.35,1.7,ok,2619.708326690744,1975.8467414693641,8796.640467860705,13900.458027518443,63.38574888753678,7.871431345823467,401.23677968684467,33.010274932663194,97.0,48.66766782782166,32870.00043103841,4307.675527458507,77.439877590632,183.11977956010256,23.998192353529284,319.58215736192165
insulin_secretion,Beta-cell insulin secretion capacity,potentiation,"u:0=none,1=max",ivgtt,0.4,1.8,ok,2704.264231539806,1958.7096719160706,8861.400940273896,13790.968484515204,63.328241107477446,7.867997864975325,400.38549469473713,32.290665535863184,96.5,48.68993945188507,34253.79205582192,4361.9578933008315,76.82990799172816,190.82892510207196,24.300601076884856,327.96974190510383
insulin_secretion,Beta-cell insulin secretion capacity,potentiation,"u:0=none,1=max",ivgtt,0.45,1.9,ok,2782.897501920853,1942.9493298593247,8921.795498626241,13689.322295409995,63.27784015951821,7.864979588327322,399.6138839138011,31.629632637901402,96.49999999999999,48.722699936186224,35610.24546352019,4411.881203267139,76.26363395771585,198.38576859899828,24.578725366390753,335.7750169819369
insulin_secretion,Beta-cell insulin secretion capacity,potentiation,"u:0=none,1=max",ivgtt,0.5,2.0,ok,2856.2843184472713,1928.3591158861361,8978.25927086205,13594.566265307898,63.23338591475069,7.862074403571701,398.9129822126578,31.00599569005435,95.99999999999999,48.77973422780295,36938.57210601752,4457.932513857085,75.73574521062898,205.78591702516727,24.835278628730283,343.06079624941844
insulin_secretion,Beta-cell insulin secretion capacity,potentiation,"u:0=none,1=max",ivgtt,0.55,2.1,ok,2925.0496658203024,1915.1472473162366,9031.361247197183,13506.043722682933,63.19516391240697,7.859404958785626,398.27473592671873,30.42359601494381,95.99999999999999,48.85022826636977,38241.53211415104,4500.520762939033,75.2425834132754,213.04474715404484,25.07253906929824,349.8937517516057
insulin_secretion,Beta-cell insulin secretion capacity,potentiation,"u:0=none,1=max",ivgtt,0.6,2.2,ok,2989.7219984803496,1902.9396448087127,9081.53381487609,13423.082782844209,63.16220032037486,7.856842976250885,397.6920032326804,29.87673221957447,96.0,48.93341065476192,39519.53056079561,4540.014600373064,74.7804054754552,220.16451565902847,25.292560447760803,356.322877748152
insulin_secretion,Beta-cell insulin secretion capacity,potentiation,"u:0=none,1=max",ivgtt,0.65,2.3,ok,3050.6181821448636,1891.5607088495158,9129.064509996299,13345.115204468108,63.133509543105546,7.854577447443113,397.1581987301965,29.36047764563549,96.0,49.02826193310921,40772.53451995775,4576.723583599387,74.34604570734322,227.14503910839971,25.497067318102435,362.3798295735655
insulin_secretion,Beta-cell insulin secretion capacity,potentiation,"u:0=none,1=max",ivgtt,0.7,2.4,ok,3113.4400171465177,1880.948880219263,9189.422255709864,13301.340199627044,63.02558178672687,7.841652156437208,396.66761450365067,28.87466197706087,96.49999999999999,49.12956169969894,42010.334671496115,4624.243054258558,73.89633444237248,233.39074817497846,25.690239190325325,368.5715209889795
insulin_secretion,Beta-cell insulin secretion capacity,potentiation,"u:0=none,1=max",ivgtt,0.75,2.5,ok,3162.4130300894467,1871.0563960399452,9216.756773959507,13202.443458727274,63.08718096186263,7.850495090977554,396.21503112393685,28.416402625704436,96.5,49.23532265955322,43208.48369974455,4642.873568808944,73.55121704026337,240.71578662810336,25.865590912584643,373.5078474191545
insulin_secretion,Beta-cell insulin secretion capacity,potentiation,"u:0=none,1=max",ivgtt,0.8,2.6,ok,3213.8917091260473,1861.8029956942773,9257.339745848858,13136.954428929967,63.06886276486111,7.848575854540958,395.79591728226217,27.980290717845875,96.5,49.34660565295482,44393.20365137583,4672.765875571282,73.18637564863491,247.31589777925254,26.032121869477894,378.63384299440145
insulin_secretion,Beta-cell insulin secretion capacity,potentiation,"u:0=none,1=max",ivgtt,0.85,2.7,ok,3262.776179657459,1853.0785302236275,9295.898124013718,13074.894284651917,63.0527488570757,7.846864543688643,395.40611714212935,27.574516589943055,97.0,49.4513585611146,45554.75142696168,4700.801131986884,72.84063668329759,253.78691602764167,26.18830714198821,383.50450557338183
insulin_secretion,Beta-cell insulin secretion capacity,potentiation,"u:0=none,1=max",ivgtt,0.9,2.8,ok,3309.3157187058287,1844.991975421035,9332.68204710396,13016.048558883263,63.03906039705258,7.845215465964556,395.0419875744315,27.17961966804289,97.0,49.565622899264085,46695.332387517694,4727.137864062326,72.51280534196805,260.1411275070624,26.335029883355578,388.1419498188676
insulin_secretion,Beta-cell insulin secretion capacity,potentiation,"u:0=none,1=max",ivgtt,0.95,2.9,ok,3353.6270852552207,1837.4399561603473,9367.869397510833,12960.116970552153,63.02704098430942,7.843667670238038,394.70036625454776,26.814660828774215,97.5,49.667330020080136,47814.98834122872,4751.938864259131,72.20120874959417,266.37876513219345,26.473197015371206,392.5595202808857
insulin_secretion,Beta-cell insulin secretion capacity,potentiation,"u:0=none,1=max",ivgtt,1.0,3.0,ok,3395.8728223098587,1830.2901825726572,9401.604245079348,12906.892796416108,63.016417522038175,7.842202116151228,394.3783353220437,26.461652412623586,97.5,49.77182131637297,48914.717115367785,4775.335870765488,71.90469524465799,272.505387829347,26.60354245551804,396.77036565564714
glucagon_secretion,Alpha-cell glucagon secretion capacity,potentiation,"u:0=none,1=max",ivgtt,0.0,1.0,ok,1760.291957664153,2155.7746621416227,8144.144361241128,15016.923855026178,64.02212644290242,7.908386152061761,410.3824121792337,40.21953430492402,101.99999999999999,48.88171020846499,22267.42664356083,3740.8327681422716,83.65974292493694,124.05251612011607,20.84029397293745,234.4179084033877
glucagon_secretion,Alpha-cell glucagon secretion capacity,potentiation,"u:0=none,1=max",ivgtt,0.05,1.1,ok,1731.3716458384265,2156.373406133216,8115.1587989515565,15045.609382690383,63.9735496874123,7.908559278816196,410.5939617355474,40.4682671111098,102.49999999999999,48.891412217692555,22301.481957135467,4065.4246887000136,83.81955087849798,124.24223931551795,22.648605508078074,231.5192604384362
glucagon_secretion,Alpha-cell glucagon secretion capacity,potentiation,"u:0=none,1=max",ivgtt,0.1,1.2,ok,1706.7594265952443,2157.0119036018414,8090.576813454005,15070.182360307173,63.93462358404091,7.908785434120034,410.7876374832105,40.689814068007585,102.5,48.90624650025239,22332.112373986707,4389.645158808782,83.95644768973355,124.41288230633263,24.454847681385974,229.05256868923183
glucagon_secretion,Alpha-cell glucagon secretion capacity,potentiation,"u:0=none,1=max",ivgtt,0.15,1.3,ok,1685.7884213715577,2157.662044335352,8069.733965434326,15091.26859293794,63.903547976490295,7.908937059835177,410.966776943812,40.875167585758795,103.0,48.93927018462323,22359.629757561746,4713.950277891539,84.07391973781583,124.5661824933802,26.261561436721667,226.9555880596201
glucagon_secretion,Alpha-cell glucagon secretion capacity,potentiation,"u:0=none,1=max",ivgtt,0.2,1.4,ok,1667.898328150185,2158.329558096533,8052.024296795316,15109.42294954905,63.879100596884555,7.909103356314489,411.1336511634732,41.04038007908349,103.49999999999999,48.977374125810954,22384.804919133414,5038.741519981526,84.17505821475795,124.70643408987976,28.070983398225774,225.16896146817163
glucagon_secretion,Alpha-cell glucagon secretion capacity,potentiation,"u:0=none,1=max",ivgtt,0.25,1.5,ok,1652.664442873725,2159.005699834624,8037.15585630135,15125.015681643843,63.86040384227144,7.909251376695359,411.29017255762403,41.18703377644994,104.0,49.02128304292857,22407.746875231696,5364.266235440355,84.26192580302977,124.83424443026014,29.884491562341807,223.6499183131753
glucagon_secretion,Alpha-cell glucagon secretion capacity,potentiation,"u:0=none,1=max",ivgtt,0.3,1.6,ok,1639.7039166951904,2159.7149523608073,8024.592642797198,15138.464804355377,63.84689885985386,7.909432414567952,411.43780260724003,41.316712759504284,104.5,49.071253425053015,22428.91624676477,5690.77355376197,84.33685127774584,124.95217964771459,31.70347383711404,222.3603271143577
glucagon_secretion,Alpha-cell glucagon secretion capacity,potentiation,"u:0=none,1=max",ivgtt,0.35,1.7,ok,1628.7615823119997,2160.4112297194583,8014.025732127239,15149.970903198337,63.83718971551553,7.9095224029495075,411.5777575974967,41.43105141833169,105.0,49.127138887957,22448.58732708849,6018.402025849812,84.40095210695452,125.0617678389331,33.52870209387082,221.27369667764262
glucagon_secretion,Alpha-cell glucagon secretion capacity,potentiation,"u:0=none,1=max",ivgtt,0.4,1.8,ok,1619.565588497705,2161.076854350503,8005.154220198459,15159.829427992721,63.830966248225465,7.909552517951451,411.7110110825746,41.531278957889036,105.5,49.18892854846259,22466.388740910148,6347.291262063667,84.45587425065582,125.16094006078077,35.360954106204275,220.36284311267838
glucagon_secretion,Alpha-cell glucagon secretion capacity,potentiation,"u:0=none,1=max",ivgtt,0.45,1.9,ok,1611.884758677722,2161.7822181012825,7997.838838327139,15168.254033369358,63.82813735268203,7.909680863022053,411.8383757000221,41.61877278814927,106.0,49.256250494737046,22483.194022743704,6677.493982678261,84.50280798534462,125.25456280080058,37.200523580380285,219.60539897012507
glucagon_secretion,Alpha-cell glucagon secretion capacity,potentiation,"u:0=none,1=max",ivgtt,0.5,2.0,ok,1605.5205334920893,2162.509892212633,7991.8709318745805,15175.451232854703,63.82839147872028,7.909725686357474,411.9605227359844,41.6948657922723,106.5,49.32860792621228,22499.144560845038,7009.086289373552,84.54290380420447,125.34342373729827,39.0478344811897,218.9806105007863
glucagon_secretion,Alpha-cell glucagon secretion capacity,potentiation,"u:0=none,1=max",ivgtt,0.55,2.1,ok,1600.2932912226038,2163.1855356170927,7987.014603147809,15181.481465592457,63.83042602427408,7.909842460442034,412.0780357430313,41.760674124079365,107.0,49.40558431834207,22513.655444020176,7342.080665655601,84.57649841555686,125.42426431209012,40.9029563546273,218.4705831056391
glucagon_secretion,Alpha-cell glucagon secretion capacity,potentiation,"u:0=none,1=max",ivgtt,0.6,2.2,ok,1596.056576791635,2163.8870634152336,7983.196250803022,15186.577066441543,63.8348203278177,7.909859296638314,412.1913795967336,41.8172739781756,108.0,49.4866927308045,22527.64740169138,7676.516617808086,84.60488616401975,125.50221393699934,42.766109291409954,218.0623598518383
glucagon_secretion,Alpha-cell glucagon secretion capacity,potentiation,"u:0=none,1=max",ivgtt,0.65,2.3,ok,1592.6828457252998,2164.6108589536075,7980.2714717667905,15190.83703016775,63.84128189620277,7.9099278786737806,412.30096060112237,41.865606758418096,108.5,49.57148782186826,22540.891568762687,8012.363385512317,84.62861855246658,125.57599759756371,44.637121924859706,217.73949918290785
glucagon_secretion,Alpha-cell glucagon secretion capacity,potentiation,"u:0=none,1=max",ivgtt,0.7,2.4,ok,1590.070310352379,2165.306381016672,7978.086925162395,15194.323632320478,63.84899820427278,7.909959190884713,412.407107427986,41.90660280943958,109.0,49.65945941354574,22553.461638302197,8349.62842902526,84.64804251989125,125.64602584012366,46.516035816296714,217.49316925263716
glucagon_secretion,Alpha-cell glucagon secretion capacity,potentiation,"u:0=none,1=max",ivgtt,0.75,2.5,ok,1588.1137682345552,2166.018437773338,7976.6262921471725,15197.172628929735,63.85819739622611,7.9100285520007185,412.5101131475303,41.941147716061955,110.0,49.75007672456007,22565.56382116786,8688.269254826162,84.66391436729657,125.71344747168725,48.40261423301483,217.3153507878832
glucagon_secretion,Alpha-cell glucagon secretion capacity,potentiation,"u:0=none,1=max",ivgtt,0.8,2.6,ok,1586.7269426729454,2166.723175952282,7975.763496023676,15199.441744710259,63.86863133779476,7.9100047131970435,412.61024579625405,41.969712434176444,110.5,49.84317205568263,22576.98306257275,9028.245438240609,84.6765556808371,125.77706441544709,50.29663196791425,217.19258556306434
glucagon_secretion,Alpha-cell glucagon secretion capacity,potentiation,"u:0=none,1=max",ivgtt,0.85,2.7,ok,1585.8492947125785,2167.412507230767,7975.387766413766,15201.206527810795,63.87982353829591,7.9100417486580215,412.7076754079908,41.993095097759344,111.0,49.93820367124892,22588.09031049474,9369.530509100514,84.68638734156431,125.83894323395398,52.19794155487752,217.12132651995947
glucagon_secretion,Alpha-cell glucagon secretion capacity,potentiation,"u:0=none,1=max",ivgtt,0.9,2.8,ok,1585.3969784996236,2168.1296243674115,7975.523226279472,15202.564593672521,63.892289517815726,7.910083145642319,412.8026033267839,42.011892390067075,112.0,50.03479200576888,22598.92566524112,9712.056041778897,84.69395316809204,125.89930732724858,54.106161792640094,217.09524529550595
glucagon_secretion,Alpha-cell glucagon secretion capacity,potentiation,"u:0=none,1=max",ivgtt,0.95,2.9,ok,1585.3464790841026,2168.8459437196857,7976.057934330836,15203.508521647012,63.905722780920335,7.910010579853085,412.8951919071208,42.02670135784858,112.5,50.13252628968942,22609.239509292292,10055.781226713832,84.69921181976052,125.95676606848073,56.02106532988208,217.10716074449056
glucagon_secretion,Alpha-cell glucagon secretion capacity,potentiation,"u:0=none,1=max",ivgtt,1.0,3.0,ok,1585.6144069030418,2169.539650201889,7976.893834366437,15204.074778537124,63.919291467739356,7.910059184812897,412.98552420205533,42.037730013605476,112.99999999999999,50.23135626683966,22619.160343057603,10400.645506725132,84.70236645424583,126.01203533736829,57.94231480069712,217.15149046636986
insulin_signal_global_inhibition,Insulin signalling inhibition,inhibition,"u:0=none,1=max",ivgtt,0.0,1.0,ok,1760.291957664153,2155.7746621416227,8144.144361241128,15016.923855026178,64.02212644290242,7.908386152061761,410.3824121792337,40.21953430492402,101.99999999999999,48.88171020846499,22267.42664356083,3740.8327681422716,83.65974292493694,124.05251612011607,20.84029397293745,234.4179084033877
insulin_signal_global_inhibition,Insulin signalling inhibition,inhibition,"u:0=none,1=max",ivgtt,0.05,0.95,ok,1634.939267112467,2210.358488737185,8090.480003976009,15258.509845173112,64.3423477224081,7.900693840136988,410.5936866604184,42.13501562652648,98.99999999999999,46.96530928289677,22543.611961072602,3617.762447365495,85.00562587840174,125.59115298647691,20.154665444933123,221.86471521808306
insulin_signal_global_inhibition,Insulin signalling inhibition,inhibition,"u:0=none,1=max",ivgtt,0.1,0.9,ok,1501.9707914303299,2269.2850632635773,8034.971717514103,15517.594327555986,64.67589985358995,7.893012032310529,410.8055955153755,44.06638490552071,95.5,45.033007184203086,22846.037941909573,3487.5651509120335,86.44899346827847,127.27597739225389,19.429332317058684,208.56054939823628
insulin_signal_global_inhibition,Insulin signalling inhibition,inhibition,"u:0=none,1=max",ivgtt,0.15,0.85,ok,1362.107307441483,2333.378385629134,7979.101202278596,15794.86514439131,65.02725614526904,7.885073691511094,411.01813111831336,46.01360867371242,91.49999999999999,43.084835102830986,23179.758123332234,3351.6910512253135,87.99367768463127,129.13514274836902,18.67237354443072,194.57961299781337
insulin_signal_global_inhibition,Insulin signalling inhibition,inhibition,"u:0=none,1=max",ivgtt,0.2,0.8,ok,1216.730069472095,2402.9901557588237,7924.85475859572,16090.947841839197,65.39997021914623,7.877023250586454,411.2313100723486,47.98837657666805,86.99999999999999,41.10910146521537,23549.28143096532,3211.845912318314,89.64316346428524,131.19376841763412,17.893291990631276,180.0612178337306
insulin_signal_global_inhibition,Insulin signalling inhibition,inhibition,"u:0=none,1=max",ivgtt,0.25,0.75,ok,1068.1849252272623,2479.092045854223,7874.539154996926,16406.55867835763,65.79867474501256,7.86885915838343,411.4451203848418,49.99012651321728,82.5,39.10636740816565,23960.258013936396,3069.8528809268646,91.40144110505643,133.4833315539632,17.102244461988104,165.24568178258036
insulin_signal_global_inhibition,Insulin signalling inhibition,inhibition,"u:0=none,1=max",ivgtt,0.3,0.7,ok,918.3321075204205,2562.7978092956023,7830.910585659683,16742.742013278883,66.22828108116697,7.860584114229868,411.659572852447,52.02615354749727,78.0,37.06933291194821,24419.81364953224,2927.5018717467783,93.27432876478487,136.04353008095956,16.309202628115756,150.32233658890064
insulin_signal_global_inhibition,Insulin signalling inhibition,inhibition,"u:0=none,1=max",ivgtt,0.35,0.65,ok,769.3263537103289,2655.2034225360403,7796.766775282418,17101.099527976163,66.6953858298049,7.852177612161132,411.8746450603883,54.09163419005493,73.49999999999999,35.00282264429269,24937.2156572731,2786.3653009631626,95.27074945947724,138.92599251962733,15.522926467761353,135.51146510607987
insulin_signal_global_inhibition,Insulin signalling inhibition,inhibition,"u:0=none,1=max",ivgtt,0.4,0.6,ok,623.4710487698629,2757.9722657428492,7775.770672649807,17483.791406747292,67.20479867463759,7.8434575516956775,412.090366413523,56.19732214869261,70.0,32.896076190476,25523.49410676511,2647.625243074853,97.40273764204619,142.1921677257109,14.750001354177455,121.05115177420869
insulin_signal_global_inhibition,Insulin signalling inhibition,inhibition,"u:0=none,1=max",ivgtt,0.45,0.55,ok,483.1983301287538,2872.7029185271113,7780.363508265576,17930.648619214873,67.6836007732795,7.823751727154402,412.306695522566,58.33531660664775,35.5,30.756994264052835,26203.414393661,2520.0338745745557,99.61471455119374,145.5745244092278,14.000188192080865,106.99520035557295
insulin_signal_global_inhibition,Insulin signalling inhibition,inhibition,"u:0=none,1=max",ivgtt,0.5,0.5,ok,351.3718450379938,3002.0352537322924,7788.348020037976,18337.608070109818,68.37335603464908,7.825768476083541,412.52368113375957,60.50815316204196,37.5,28.583033322571687,26974.14580482371,2380.063355223437,102.1593764351522,150.2737927845332,13.2594058786821,94.10877388389684
insulin_signal_global_inhibition,Insulin signalling inhibition,inhibition,"u:0=none,1=max",ivgtt,0.55,0.44999999999999996,ok,231.65344273393447,3148.944266582901,7839.593798371943,18856.947022226952,68.96487383275594,7.805673869437054,412.7412798895895,62.71672000475271,39.49999999999999,26.37330378618048,27897.97681527567,2259.026292086145,104.76081679014975,154.98876008486485,12.550146067145253,82.36083455889789
insulin_signal_global_inhibition,Insulin signalling inhibition,inhibition,"u:0=none,1=max",ivgtt,0.6,0.4,ok,128.63928694184352,3317.4057312056457,7906.766424967713,19351.469036344664,69.76639687150279,7.807241069191284,412.95950074645515,64.96542789917218,42.0,24.123386328405815,28982.66115054704,2126.2698763422313,107.80762694342431,161.4632933178108,11.845514631433044,72.47472798523188
insulin_signal_global_inhibition,Insulin signalling inhibition,inhibition,"u:0=none,1=max",ivgtt,0.65,0.35,ok,48.7833492063985,3512.953579987413,8022.652551036434,19944.594685016018,70.54645893953753,7.797781950394581,413.1783133267903,67.25602599816688,44.5,21.83152289742256,30313.699365725308,2003.6384896968693,111.11194810593882,168.87854799846968,11.162331418924063,64.91899352120461
insulin_signal_global_inhibition,Insulin signalling inhibition,inhibition,"u:0=none,1=max",ivgtt,0.7,0.30000000000000004,ok,2.630681964171373,3742.6536504413225,8190.164968146284,20617.585201580245,71.36893631114988,7.787978449156014,413.3977453866592,69.59506546351928,48.0,19.491151636506174,31968.489902528003,1883.1540838116077,114.86119889459746,178.0974367828858,10.491109102014528,60.82815777644351
insulin_signal_global_inhibition,Insulin signalling inhibition,inhibition,"u:0=none,1=max",ivgtt,0.75,0.25,ok,0.0,4017.021500234393,8425.67944786154,21396.54005645457,72.20885012084385,7.778143535587872,413.61777082855815,72.00116616219516,52.49999999999999,17.08363575822878,34077.32016564307,1764.8517384343186,119.20078025879985,189.84579479466893,9.832043111054702,61.20378520712822
insulin_signal_global_inhibition,Insulin signalling inhibition,inhibition,"u:0=none,1=max",ivgtt,0.8,0.19999999999999996,ok,0.0,4350.983146000363,8755.15591727729,22318.094096558863,73.01463290082454,7.768016332825962,413.83835800132687,74.49074790841104,57.5,14.592531387886396,36835.93571574196,1649.967223972465,124.33478605325273,205.21412655009448,9.192017960849387,61.976789743213665
insulin_signal_global_inhibition,Insulin signalling inhibition,inhibition,"u:0=none,1=max",ivgtt,0.85,0.15000000000000002,ok,0.0,4766.978764593726,9222.755633233655,23437.728241967663,73.68308214223622,7.757598940075742,414.05947243037883,77.08122181300591,64.0,12.000387075003019,40561.01537441823,1540.9423701926503,130.57230218366385,225.96665946751105,8.584637159847635,62.91746790717561
insulin_signal_global_inhibition,Insulin signalling inhibition,inhibition,"u:0=none,1=max",ivgtt,0.9,0.09999999999999998,ok,0.0,5301.145798117701,9906.75270083279,24844.278659425414,73.98954337316631,7.746904821716639,414.2810490142509,79.75111402713824,73.0,9.328611598757973,45784.56624110018,1439.8062663867893,138.4082376569661,255.0672213988868,8.02120482666735,64.06742645532131
insulin_signal_global_inhibition,Insulin signalling inhibition,inhibition,"u:0=none,1=max",ivgtt,0.95,0.050000000000000044,ok,0.0,6014.223121402258,10977.041344370731,26727.74277035477,73.4048840017206,7.725440851491275,414.50306823748053,82.83729132053648,85.0,6.240356283085262,53448.4699628017,1355.3490609600635,148.48745983530426,296.9359442377872,7.529717005333686,65.37454501084234
insulin_signal_global_inhibition,Insulin signalling inhibition,inhibition,"u:0=none,1=max",ivgtt,1.0,0.0,ok,0.0,7018.991553297114,12971.961635213374,29126.499392588426,71.32172129723767,7.724865938523578,414.7256988722359,89.07551475010249,103.5,0.0,64675.19742940186,1290.3413340608986,162.26462057152327,360.3075065704839,7.188531108974366,66.83883358406138
glucagon_signal_inhibition,Glucagon signalling inhibition,inhibition,"u:0=none,1=max",ivgtt,0.0,1.0,ok,1760.291957664153,2155.7746621416227,8144.144361241128,15016.923855026178,64.02212644290242,7.908386152061761,410.3824121792337,40.21953430492402,101.99999999999999,48.88171020846499,22267.42664356083,3740.8327681422716,83.65974292493694,124.05251612011607,20.84029397293745,234.4179084033877
glucagon_signal_inhibition,Glucagon signalling inhibition,inhibition,"u:0=none,1=max",ivgtt,0.05,0.95,ok,1774.2737697006428,2155.9580589521065,8158.356629758211,15003.801916221752,64.05694436946969,7.908213625404271,410.3840177575473,40.143471057056615,102.5,48.957824016314476,22259.15795692079,3761.169681801441,83.58664020179249,124.0064510134863,20.95359154206931,235.83425420876222
glucagon_signal_inhibition,Glucagon signalling inhibition,inhibition,"u:0=none,1=max",ivgtt,0.1,0.9,ok,1788.7361342919912,2156.139711903553,8173.014523377477,14990.188045064233,64.09272499204324,7.908259759810445,410.38564796443393,40.06847961492435,103.49999999999999,49.032867038709306,22250.54246382381,3782.379777243099,83.51079690843585,123.95845383745858,21.071753633666294,237.30174237152733
glucagon_signal_inhibition,Glucagon signalling inhibition,inhibition,"u:0=none,1=max",ivgtt,0.15,0.85,ok,1803.698655006874,2156.314229771716,8188.189953242836,14976.079337576746,64.12982101842506,7.908257115101048,410.3872681259854,39.980900697990855,104.0,49.12049859158821,22241.691728511847,3804.528922996546,83.43219686672282,123.90914611984316,21.195147203323376,238.8185377186917
glucagon_signal_inhibition,Glucagon signalling inhibition,inhibition,"u:0=none,1=max",ivgtt,0.2,0.8,ok,1819.2146072713376,2156.50535594366,8203.932614972693,14961.40688444188,64.16839252189982,7.908299904698429,410.3889017541862,39.89294426689819,104.5,49.20850876327501,22232.35815168082,3827.691224802787,83.35045618073471,123.85714847733047,21.324185096394356,240.39130591970897
glucagon_signal_inhibition,Glucagon signalling inhibition,inhibition,"u:0=none,1=max",ivgtt,0.25,0.75,ok,1835.3275443738553,2156.712158772685,8220.28799188445,14946.182475887848,64.20855486208995,7.90826339511152,410.3905258379884,39.80557255781154,105.5,49.29593533163169,22222.986134347364,3851.968626837721,83.26564053419415,123.8049366816009,21.4594352470068,242.02591794813554
glucagon_signal_inhibition,Glucagon signalling inhibition,inhibition,"u:0=none,1=max",ivgtt,0.3,0.7,ok,1852.098473702641,2156.8821181661006,8237.279540771837,14930.24781253633,64.25008713067946,7.908169117825388,410.3921504683975,39.71822794294126,106.0,49.38333597752462,22212.5091803087,3877.4600453546345,83.17686803641409,123.74656924963065,21.601448720638633,243.72426117579408
glucagon_signal_inhibition,Glucagon signalling inhibition,inhibition,"u:0=none,1=max",ivgtt,0.35,0.65,ok,1869.5727671256104,2157.062990732979,8254.962780512698,14913.623570209807,64.2933172858213,7.908163775354949,410.3937762295305,39.6168832833834,106.99999999999999,49.48473788202986,22201.953821779938,3904.298134992311,83.08425387303515,123.68776502384368,21.75096454034714,245.49723250687182
glucagon_signal_inhibition,Glucagon signalling inhibition,inhibition,"u:0=none,1=max",ivgtt,0.4,0.6,ok,1887.8304840716946,2157.244986081878,8273.44850332772,14896.234981075633,64.33841585290259,7.908134692437393,410.39539244860606,39.51652199641334,107.49999999999999,49.585157706514416,22190.971921037224,3932.614251540803,82.98738151017068,123.62658451831325,21.908714493263528,247.3467397293439
glucagon_signal_inhibition,Glucagon signalling inhibition,inhibition,"u:0=none,1=max",ivgtt,0.45,0.55,ok,1906.9476349737874,2157.4396688490992,8292.778620300433,14877.945637065644,64.3857951524574,7.908123368481789,410.3970298242294,39.41708729269224,108.5,49.684652221535494,22179.204983626412,3962.56098119636,82.88549101429328,123.56103054945076,22.075548641762452,249.28485360431793
glucagon_signal_inhibition,Glucagon signalling inhibition,inhibition,"u:0=none,1=max",ivgtt,0.5,0.5,ok,1927.016682599049,2157.6305048076706,8313.084441063356,14858.744344392493,64.4354845851014,7.908145124952012,410.39865791177186,39.304793679067075,109.0,49.79700699844297,22167.224176540803,3994.3413739974103,82.77852002447071,123.4942851060769,22.252598183829583,251.31806087712093
glucagon_signal_inhibition,Glucagon signalling inhibition,inhibition,"u:0=none,1=max",ivgtt,0.55,0.44999999999999996,ok,1948.1425630870485,2157.7961378797518,8334.415219721099,14838.45894565482,64.48765156993096,7.908059287855057,410.4002869644772,39.19008889268506,110.0,49.91177435003393,22154.06906393472,4028.1794837834595,82.66550944654496,123.42099757066696,22.44111133026997,253.45940105676098
glucagon_signal_inhibition,Glucagon signalling inhibition,inhibition,"u:0=none,1=max",ivgtt,0.6,0.4,ok,1970.478644021186,2157.972568360806,8356.980324225886,14816.962741941163,64.54277077868922,7.908008418097277,410.40189724501073,39.075704354535304,111.0,50.02622290769058,22140.402697234542,4064.3344919834335,82.54575343699813,123.34486182303365,22.642531988765647,255.7226348425736
glucagon_signal_inhibition,Glucagon signalling inhibition,inhibition,"u:0=none,1=max",ivgtt,0.65,0.35,ok,1994.1633800401846,2158.158048290088,8380.87550233766,14794.140011393338,64.60125632784579,7.908068778948628,410.4035286234397,38.944377948514635,112.0,50.15761484187387,22125.99284365738,4103.130796615266,82.41860730581247,123.26458408722773,22.858667390614297,258.1237378795721
glucagon_signal_inhibition,Glucagon signalling inhibition,inhibition,"u:0=none,1=max",ivgtt,0.7,0.30000000000000004,ok,2019.3928555167245,2158.330881045322,8406.311444503826,14769.716957571147,64.66345563963453,7.9080001805784095,410.4051712104267,38.81519158698478,113.0,50.28686829560621,22110.356230289926,4144.960183081866,82.28254572463034,123.17747203504138,23.091700184300088,260.6794815686513
glucagon_signal_inhibition,Glucagon signalling inhibition,inhibition,"u:0=none,1=max",ivgtt,0.75,0.25,ok,2046.3935936989915,2158.5189608598685,8433.54971764734,14743.567937684988,64.73028648899864,7.908065452009461,410.4068125018363,38.670667398223685,114.5,50.43146120486688,22093.920766122435,4190.3042163427,82.1368687336211,123.08590956057067,23.34431318296769,263.4177010338328
glucagon_signal_inhibition,Glucagon signalling inhibition,inhibition,"u:0=none,1=max",ivgtt,0.8,0.19999999999999996,ok,2075.464423753262,2158.6994476796253,8462.8255136748,14715.35177814756,64.80213375713056,7.907973481136221,410.40844585959906,38.522520515654215,115.49999999999999,50.57967849332278,22076.21418972468,4239.7752878235915,81.97967564427611,122.98726568091746,23.61991803801444,266.36181515292304
glucagon_signal_inhibition,Glucagon signalling inhibition,inhibition,"u:0=none,1=max",ivgtt,0.85,0.15000000000000002,ok,2106.969011920628,2158.8879990737137,8494.556696285801,14684.691444507964,64.88014764445487,7.907999409725494,410.4100813531985,38.359182455464484,117.0,50.74308870770694,22057.059168225453,4294.134548779752,81.80886598611679,122.88055246922258,23.9227551464053,269.5549414852358
glucagon_signal_inhibition,Glucagon signalling inhibition,inhibition,"u:0=none,1=max",ivgtt,0.9,0.09999999999999998,ok,2141.390684247861,2159.071428280411,8529.176215048294,14651.125947044708,64.96527796480879,7.9079419668248,410.4117056838664,38.18935440664228,118.5,50.91299072863778,22036.29376272175,4354.377723600079,81.62187157127971,122.76486775889555,24.258371719220495,273.04185893286007
glucagon_signal_inhibition,Glucagon signalling inhibition,inhibition,"u:0=none,1=max",ivgtt,0.95,0.050000000000000044,ok,2179.3650189272266,2159.2540373223383,8567.343394533866,14614.034577090337,65.05930765721835,7.9079709781669765,410.4133555963142,37.99984280436096,120.0,51.10257819026595,22013.536771595333,4421.80088817085,81.41523441275953,122.63808786404086,24.6339882349351,276.8885805728296
glucagon_signal_inhibition,Glucagon signalling inhibition,inhibition,"u:0=none,1=max",ivgtt,1.0,0.0,ok,2221.6961975347112,2159.4345213330716,8609.852734767186,14572.571032800039,65.16419420892827,7.907845916458404,410.41498144814113,37.79408435089523,121.5,51.3084144629446,21988.39560528368,4498.189816167968,81.18423973704756,122.4980256561765,25.059553293414865,281.17470530558535
insulin_secretion_inhibition,Beta-cell secretion impairment,inhibition,"u:0=none,1=max",ivgtt,0.0,1.0,ok,1760.291957664153,2155.7746621416227,8144.144361241128,15016.923855026178,64.02212644290242,7.908386152061761,410.3824121792337,40.21953430492402,101.99999999999999,48.88171020846499,22267.42664356083,3740.8327681422716,83.65974292493694,124.05251612011607,20.84029397293745,234.4179084033877
insulin_secretion_inhibition,Beta-cell secretion impairment,inhibition,"u:0=none,1=max",ivgtt,0.05,0.95,ok,1668.2623437522016,2164.779297337438,8062.462411356904,15121.544962037411,63.941837947767866,7.911345086796035,410.8623266059619,40.96066267274531,100.49999999999999,48.44072232242957,21382.064515210346,3682.2316521854355,84.24259031775718,119.12013657498802,20.513825360364546,225.17706363506468
insulin_secretion_inhibition,Beta-cell secretion impairment,inhibition,"u:0=none,1=max",ivgtt,0.1,0.9,ok,1570.300642034591,2174.646024084179,7974.8119520453865,15234.399568530902,63.8580968962961,7.914681081572029,411.3841155915255,41.754412623325564,98.5,47.97225656947464,20487.07284140242,3619.6490880670463,84.87130678847299,114.13411053706083,20.165175978089394,215.34095738272063
insulin_secretion_inhibition,Beta-cell secretion impairment,inhibition,"u:0=none,1=max",ivgtt,0.15,0.85,ok,1468.6748657464277,2185.469389835695,7880.328080907917,15356.492939295927,63.770129214195514,7.91821085469186,411.953051568286,42.61822123438021,96.5,47.4621515622187,19581.518079194033,3552.6593679734283,85.55149269802745,109.08923720999461,19.79197419483804,205.13636573684056
insulin_secretion_inhibition,Beta-cell secretion impairment,inhibition,"u:0=none,1=max",ivgtt,0.2,0.8,ok,1363.3093875183633,2197.416104312004,7778.163301417177,15489.365822612686,63.67751995417779,7.921921081700485,412.5749002674847,43.56941915514492,94.0,46.89683210380647,18665.332547230126,3480.775203661885,86.2917316022991,103.9851395388865,19.39150531287958,194.55254438690693
insulin_secretion_inhibition,Beta-cell secretion impairment,inhibition,"u:0=none,1=max",ivgtt,0.25,0.75,ok,1253.8862115823767,2210.8699178791894,7666.848673481986,15634.761361209397,63.57949537998042,7.925866739089872,413.256128984347,44.60846371525643,92.0,46.28022718540539,17737.953794567875,3403.4556743189605,87.10173460283787,98.81868409230015,18.960755845788082,183.56323768420276
insulin_secretion_inhibition,Beta-cell secretion impairment,inhibition,"u:0=none,1=max",ivgtt,0.3,0.7,ok,1140.2501717701252,2225.9438064134647,7544.806433897801,15794.912963627121,63.47525168691867,7.929863803761968,414.00370130765845,45.75960981527211,89.5,45.593217812917864,16798.704077388047,3320.062994191712,87.99394408705916,93.58609513865207,18.496172669591708,172.14619406126644
insulin_secretion_inhibition,Beta-cell secretion impairment,inhibition,"u:0=none,1=max",ivgtt,0.35,0.65,ok,1021.9793954648628,2242.89290252893,7410.245944094937,15972.610006836989,63.36312525787508,7.934067617378073,414.824868310777,47.05158956807909,87.0,44.8130798016843,15846.884015168307,3229.880075954472,88.98389975953754,88.28347640762289,17.99376086882714,160.2598785883724
insulin_secretion_inhibition,Beta-cell secretion impairment,inhibition,"u:0=none,1=max",ivgtt,0.4,0.6,ok,898.7464791070973,2262.106715106906,7260.387617159076,16171.511685089929,63.241816823043706,7.938102752489212,415.7268711139566,48.512104930654715,84.0,43.9191187817478,14881.666917783217,3132.0983141462893,90.09198710356506,82.90622238319341,17.449015677695204,147.86654319174787
insulin_secretion_inhibition,Beta-cell secretion impairment,inhibition,"u:0=none,1=max",ivgtt,0.45,0.55,ok,770.3041851568814,2284.072524363208,7091.662613400421,16396.393979707947,63.10801906006789,7.941981287359867,416.7163061249725,50.16915798857635,81.0,42.891446671843845,13901.982887316935,3025.835795950308,91.3448132574259,77.44837263129212,16.857023932870796,134.9419955978756
insulin_secretion_inhibition,Beta-cell secretion impairment,inhibition,"u:0=none,1=max",ivgtt,0.5,0.5,ok,636.7970447552412,2309.6877802683166,6899.339289610622,16653.745057950764,62.95882496736099,7.945032779385814,417.7985489436985,52.09229247376703,77.5,41.66978077741524,12906.404666527531,2910.140199438277,92.7785239997257,71.9019758580921,16.21248021971185,121.49140893278594
insulin_secretion_inhibition,Beta-cell secretion impairment,inhibition,"u:0=none,1=max",ivgtt,0.55,0.44999999999999996,ok,498.24977256280897,2339.971702211892,6677.456960684574,16952.530336018994,62.78847412701507,7.946715537979753,418.9775009990128,54.36015397869374,73.49999999999999,40.18577989686765,11893.398450896959,2784.1278845111096,94.44306593882449,66.25848719162653,15.51046175215103,107.50935806732831
insulin_secretion_inhibition,Beta-cell secretion impairment,inhibition,"u:0=none,1=max",ivgtt,0.6,0.4,ok,356.0866296734634,2375.9691934323428,6416.589794788872,17305.492338962526,62.58867478055519,7.946453291891174,420.25565607121905,57.0672006274785,68.5,38.35593413261344,10861.060473969428,2647.1585899805295,96.40942807221462,60.507300690637486,14.747401615490416,93.12606478689996
insulin_secretion_inhibition,Beta-cell secretion impairment,inhibition,"u:0=none,1=max",ivgtt,0.65,0.35,ok,213.71694370749367,2420.2162576624587,6104.407366441598,17731.88477440599,62.34984381112938,7.943212863529315,421.635359690635,60.396669317999,62.0,36.00766390074742,9807.443092822516,2499.2927853297883,98.78487339501945,54.6375659767271,13.92363668707403,78.66292822658906
insulin_secretion_inhibition,Beta-cell secretion impairment,inhibition,"u:0=none,1=max",ivgtt,0.7,0.30000000000000004,ok,81.42347894209817,2476.4338668423534,5723.828403971779,18261.828461749054,62.05971777086599,7.935886238724233,423.1196700479133,64.60465082099132,54.0,32.893423366171774,8731.039073265596,2342.238579734485,101.73720591503651,48.64088620203675,13.048682895456741,65.12527286607933
insulin_secretion_inhibition,Beta-cell secretion impairment,inhibition,"u:0=none,1=max",ivgtt,0.75,0.25,ok,0.0,2553.505549697673,5266.155004705788,18947.495388368905,61.72509942170665,7.923739101431585,424.71165344801534,70.08605453410892,26.0,28.621684766545386,7633.446534203481,2181.1371116532887,105.55707737252872,42.52616453595254,12.151181680519715,56.49721792986122
insulin_secretion_inhibition,Beta-cell secretion impairment,inhibition,"u:0=none,1=max",ivgtt,0.8,0.19999999999999996,ok,0.0,2677.383382789493,4931.5491628542095,19890.981035588382,61.45716976159904,7.905324758583792,426.4100881645623,77.43058430991559,26.5,22.596668456323854,6526.932820174019,2027.467973143818,110.8132648222194,36.36174273077448,11.295086201358318,56.063538954963484
insulin_secretion_inhibition,Beta-cell secretion impairment,inhibition,"u:0=none,1=max",ivgtt,0.85,0.15000000000000002,ok,0.0,2955.7078585229474,5315.857011098204,21332.786413336915,61.90570392453757,7.8756396116230105,428.2023465287615,86.80589644696732,29.5,14.63082453309788,5460.164841418893,1899.7526483818008,118.84560675953713,30.418745634645642,10.583580213826188,55.96644002535868
insulin_secretion_inhibition,Beta-cell secretion impairment,inhibition,"u:0=none,1=max",ivgtt,0.9,0.09999999999999998,ok,0.0,3891.5675469572075,7715.401395124862,23870.401395124863,65.5898368791397,7.824414872056758,430.05994964524086,95.421281997534,42.5,7.479581825582969,4531.9251394142375,1809.0634815087585,132.98273757729729,25.24749381289269,10.07834808639977,58.359348983896446
insulin_secretion_inhibition,Beta-cell secretion impairment,inhibition,"u:0=none,1=max",ivgtt,0.95,0.050000000000000044,ok,0.0,6128.819877270305,12021.198419350305,28176.198419350305,71.63863548478199,7.781416573888404,431.94547354095477,104.37359529354767,64.99999999999999,0.0,3315.7118848376413,1782.890642027314,156.9704647317566,18.471932506059286,9.932538395695344,64.63602821078923
insulin_secretion_inhibition,Beta-cell secretion impairment,inhibition,"u:0=none,1=max",ivgtt,1.0,0.0,ok,0.0,20966.94582151588,29933.395815293923,46088.395815293916,43.0322442564509,7.729415333328979,434.1306112998222,105.79997511217412,179.5,0.0,7.356475794307331,2722.397313632203,256.7598652662614,0.04098315205742246,15.16655885031868,94.84283326237902
glucagon_secretion_inhibition,Glucagon secretion suppression,inhibition,"u:0=none,1=max",ivgtt,0.0,1.0,ok,1760.291957664153,2155.7746621416227,8144.144361241128,15016.923855026178,64.02212644290242,7.908386152061761,410.3824121792337,40.21953430492402,101.99999999999999,48.88171020846499,22267.42664356083,3740.8327681422716,83.65974292493694,124.05251612011607,20.84029397293745,234.4179084033877
glucagon_secretion_inhibition,Glucagon secretion suppression,inhibition,"u:0=none,1=max",ivgtt,0.05,0.95,ok,1775.3268977045625,2151.317918310485,8154.524516158561,14996.394322184178,63.98751411680812,7.907996246115073,410.0476907150493,40.08500251881956,101.0,48.64834722389316,22223.84547639745,3578.140072798148,83.54537226843553,123.80972410249277,19.933927982162384,235.87234925328542
glucagon_secretion_inhibition,Glucagon secretion suppression,inhibition,"u:0=none,1=max",ivgtt,0.1,0.9,ok,1791.7436311599936,2146.449361125855,8165.862583391705,14973.924666944995,63.94988894704364,7.907555796728734,409.6862147358748,39.941053217149246,99.49999999999999,48.397537559805144,22176.85602443391,3415.1668581486256,83.4201931306128,123.54794442581567,19.02599920974165,237.459149521758
glucagon_secretion_inhibition,Glucagon secretion suppression,inhibition,"u:0=none,1=max",ivgtt,0.15,0.85,ok,1809.7495671837532,2141.292310523074,8178.472944436312,14949.510713258143,63.91181073623498,7.907222655113795,409.3053879189126,39.786586681191295,98.0,48.13850112801826,22127.19746608818,3251.811726060603,83.28418224656347,123.27129507570017,18.11594276356882,239.20363651474833
glucagon_secretion_inhibition,Glucagon secretion suppression,inhibition,"u:0=none,1=max",ivgtt,0.2,0.8,ok,1829.5473357858855,2135.807812408364,8192.51486451605,14922.875836736377,63.872745145573056,7.9066512629277,408.9034151181555,39.61688352256694,97.0,47.87446377379014,22074.633955768204,3087.9506074949004,83.1357985333503,122.97846214912649,17.20306745122507,241.12686539340908
glucagon_secretion_inhibition,Glucagon secretion suppression,inhibition,"u:0=none,1=max",ivgtt,0.25,0.75,ok,1852.0704515482694,2129.9178651438724,8218.847559136299,14927.987464645867,63.74861728596703,7.895169255181685,408.47822888910474,39.42791656687258,95.5,47.60781294434241,22025.609906310674,2931.0644226437853,82.93326369247704,122.36449947950375,16.283691236909917,243.25437438376707
glucagon_secretion_inhibition,Glucagon secretion suppression,inhibition,"u:0=none,1=max",ivgtt,0.3,0.7,ok,1875.3747457285872,2123.6596558146084,8225.62772275283,14861.86098530197,63.79219403969408,7.905449180167905,408.027664626116,39.224965639383925,94.5,47.33146577387174,21959.24967067251,2758.1018662107513,82.79588292647337,122.33565276140675,15.365470006745133,245.58912275429637
glucagon_secretion_inhibition,Glucagon secretion suppression,inhibition,"u:0=none,1=max",ivgtt,0.35,0.65,ok,1902.9230827995707,2116.953402066309,8256.135038583276,14860.924608607816,63.66720813911911,7.89367295958196,407.5493849197966,39.006873987111156,93.0,47.04458812499998,21902.693242074976,2598.500767013339,82.56069227004342,121.68162912263875,14.436115372296328,248.21368219105926
glucagon_secretion_inhibition,Glucagon secretion suppression,inhibition,"u:0=none,1=max",ivgtt,0.4,0.6,ok,1931.583219709189,2109.7932670086707,8267.245238850217,14788.302829653372,63.7101065459139,7.903765375084552,407.0407190206696,38.77247801789036,92.0,46.746145022166694,21828.43752662503,2424.08220512489,82.38608818748396,121.6068942987467,13.504636240250084,251.07861404066392
glucagon_secretion_inhibition,Glucagon secretion suppression,inhibition,"u:0=none,1=max",ivgtt,0.45,0.55,ok,1964.5347332086278,2102.0455661004307,8292.005709369483,14745.588343775817,63.66860562134903,7.902848849414297,406.49867829324575,38.50312281790778,90.49999999999999,46.45235727071538,21755.503707523,2254.8799828166557,82.14812447785971,121.20057775778831,12.562005475301705,254.30446736025013
glucagon_secretion_inhibition,Glucagon secretion suppression,inhibition,"u:0=none,1=max",ivgtt,0.5,0.5,ok,2001.4853711415776,2093.726488085321,8320.15887546584,14698.158804923072,63.62800136615489,7.901710584296895,405.91989126139777,38.21367416925479,89.49999999999999,46.145668496987795,21677.42869962066,2083.783609741264,81.8838930636383,120.76561949649395,11.608822338391446,257.92892357593524
glucagon_secretion_inhibition,Glucagon secretion suppression,inhibition,"u:0=none,1=max",ivgtt,0.55,0.44999999999999996,ok,2043.1715132831134,2084.729416775448,8352.30024809649,14645.104446386413,63.58877209979618,7.900374789209012,405.30059441786955,37.89405286610117,88.5,45.8331566160299,21593.095909414955,1910.3846499808888,81.58832560660954,120.29579893824487,10.642811420506344,262.0241924952235
glucagon_secretion_inhibition,Glucagon secretion suppression,inhibition,"u:0=none,1=max",ivgtt,0.6,0.4,ok,2090.6716621225664,2075.007549346931,8389.447900291103,14585.257750840326,63.55256963584541,7.898896781179165,404.636547729517,37.53425645745403,87.5,45.521493595323484,21501.48913121322,1734.1713613889467,81.25491783197954,119.78545476999008,9.66112179046767,266.699306404671
glucagon_secretion_inhibition,Glucagon secretion suppression,inhibition,"u:0=none,1=max",ivgtt,0.65,0.35,ok,2145.4175062013733,2064.4396010247083,8432.910371956441,14517.052287003746,63.5212693155668,7.897071357598548,403.9229149602335,37.131239615033856,86.49999999999999,45.20998658801387,21401.350950783726,1554.5141720743857,80.87494310308495,119.2275818985166,8.660246083979866,272.09670675213596
glucagon_secretion_inhibition,Glucagon secretion suppression,inhibition,"u:0=none,1=max",ivgtt,0.7,0.30000000000000004,ok,2209.53989615511,2053.0855257729627,8484.726458294204,14438.25568835529,63.49893811008499,7.895120637246274,403.154225537527,36.675577022275775,85.99999999999999,44.90386947125408,21291.299671174034,1370.5760542193539,80.43596483763393,118.61448284776623,7.635521193422585,278.4341371036203
glucagon_secretion_inhibition,Glucagon secretion suppression,inhibition,"u:0=none,1=max",ivgtt,0.75,0.25,ok,2286.353631769899,2040.7012256638277,8548.131806738109,14345.393337685355,63.49193244011359,7.892755132285044,402.32420645696766,36.14678931641751,85.5,44.6188852514355,21168.76455869294,1181.2338854360926,79.91862583668721,117.93183598157627,6.5806901695604045,286.04238342383593
glucagon_secretion_inhibition,Glucagon secretion suppression,inhibition,"u:0=none,1=max",ivgtt,0.8,0.19999999999999996,ok,2381.3727763015695,2027.1626846934232,8628.404140175571,14232.770424162927,63.511649640326006,7.890249032133187,401.42558229771464,35.52111323731081,85.5,44.373414952580085,21030.421106875277,984.8708216877465,79.29120013461241,117.16112037256423,5.486745524722822,295.4804017985243
glucagon_secretion_inhibition,Glucagon secretion suppression,inhibition,"u:0=none,1=max",ivgtt,0.85,0.15000000000000002,ok,2504.911269269759,2012.308629633721,8735.674808536343,14089.912510393864,63.580857365748244,7.887136062524933,400.44994354235985,34.76032924880871,86.5,44.199519349664065,20870.70116194745,778.974645070789,78.49533431974298,116.27131566544541,4.339691615993254,307.788286412984
glucagon_secretion_inhibition,Glucagon secretion suppression,inhibition,"u:0=none,1=max",ivgtt,0.9,0.09999999999999998,ok,2679.2172638736597,1995.9259865201889,8892.041458450483,13894.291689233245,63.75134591381746,7.883705402804602,399.3873273080799,33.778728873045466,88.5,44.17579822870762,20677.487874626207,559.1165288157806,77.40552473110444,115.19491852159447,3.1148553137369395,325.21225698631173
glucagon_secretion_inhibition,Glucagon secretion suppression,inhibition,"u:0=none,1=max",ivgtt,0.95,0.050000000000000044,ok,2967.7880725807763,1977.8406977216437,9160.94759441347,13582.092791334067,64.175227174864,7.879657325035337,398.2259815040871,32.36422274356057,93.99999999999999,44.5060738004531,20424.21030329382,315.5534757152103,75.66625510492518,113.78390141110766,1.7579580819788878,354.1691779325415
glucagon_secretion_inhibition,Glucagon secretion suppression,inhibition,"u:0=none,1=max",ivgtt,1.0,0.0,ok,3689.90646141254,1957.772439262254,9861.173524166426,12833.713797399274,65.60583367536593,7.874988104789199,396.95174395007206,29.62178012483149,115.99999999999999,46.07566328854426,19995.8171455249,12.76825206237015,71.49701279888176,111.39731000292424,0.07113232346724319,426.9173878860547
insulin_signal_peripheral,Insulin signalling (peripheral uptake),potentiation,"u:0=none,1=max",ivgtt,0.0,1.0,ok,1760.291957664153,2155.7746621416227,8144.144361241128,15016.923855026178,64.02212644290242,7.908386152061761,410.3824121792337,40.21953430492402,101.99999999999999,48.88171020846499,22267.42664356083,3740.8327681422716,83.65974292493694,124.05251612011607,20.84029397293745,234.4179084033877
insulin_signal_peripheral,Insulin signalling (peripheral uptake),potentiation,"u:0=none,1=max",ivgtt,0.05,1.1,ok,1863.031321389965,2065.0805144109027,8128.4617852948,14727.699616261829,63.195948841109804,7.921387549013201,409.97709856936166,38.10861874472641,103.0,50.99476045578758,21902.047027691362,3818.852947605937,82.0484658287567,122.01697508463154,21.274946783319983,244.52536353961992
insulin_signal_peripheral,Insulin signalling (peripheral uptake),potentiation,"u:0=none,1=max",ivgtt,0.1,1.2,ok,1953.5370379899675,1985.1134756622998,8115.177349341242,14474.020521563516,62.43837820124045,7.93386529834076,409.5743170852205,36.176612770617744,103.99999999999999,52.92888632714632,21586.065348318334,3885.3209510777197,80.63521181929536,120.25663146695453,21.64524206728535,253.43352754253763
insulin_signal_peripheral,Insulin signalling (peripheral uptake),potentiation,"u:0=none,1=max",ivgtt,0.15,1.3,ok,2033.4419046323692,1914.3713497087278,8102.718789029765,14250.152776385825,61.74147610192841,7.945853126195277,409.17406258393953,34.41699353333424,104.0,54.69061025143602,21310.860213269945,3941.9787410745234,79.38803775145307,118.72345522713061,21.960884351390103,261.2965444325028
insulin_signal_peripheral,Insulin signalling (peripheral uptake),potentiation,"u:0=none,1=max",ivgtt,0.2,1.4,ok,2104.158343234128,1850.7526539208443,8091.203404454509,14051.248657879318,61.09744000445214,7.957257824607114,408.77631220820143,32.815198978940884,104.5,56.294495772328744,21067.76499415736,3990.3960410175605,78.27993681269815,117.36916431285438,22.2306186129112,268.2557692956716
insulin_signal_peripheral,Insulin signalling (peripheral uptake),potentiation,"u:0=none,1=max",ivgtt,0.25,1.5,ok,2167.248966187225,1793.8497481875675,8080.265478579723,13873.480340173683,60.50086564269104,7.968309558350809,408.38103870877706,31.36014553277458,104.5,57.75162639182382,20852.18359030708,4031.97974790607,77.28958406781996,116.16815370644612,22.462282718139665,274.4629472927956
insulin_signal_peripheral,Insulin signalling (peripheral uptake),potentiation,"u:0=none,1=max",ivgtt,0.3,1.6,ok,2223.6768603067394,1742.2349209981385,8069.975974877187,13713.672052880378,59.94690493619239,7.978919975689186,407.98823846859847,30.030122128398997,104.5,59.08371381568908,20659.658946436506,4067.9030460252693,76.3992872026762,115.09559301635936,22.662412512675594,280.0134987714665
insulin_signal_peripheral,Insulin signalling (peripheral uptake),potentiation,"u:0=none,1=max",ivgtt,0.35,1.7,ok,2274.522501354323,1695.1393896970962,8069.644704510668,13604.018556852347,59.348505413639586,7.978006094856452,407.5978850515669,28.816908254887014,104.5,60.2989787343317,20492.950061973075,4108.700435772636,75.57788087140193,113.84972256651709,22.826113532070202,284.94828891635836
insulin_signal_peripheral,Insulin signalling (peripheral uptake),potentiation,"u:0=none,1=max",ivgtt,0.4,1.8,ok,2320.5262525873295,1652.033596328941,8050.2222954246245,13437.684491756881,58.94793482986918,7.998877433614892,407.20996414357023,27.71220440621686,104.5,61.405720889821524,20328.53395381552,4126.550072491891,74.86175204321383,113.25088553657672,22.989136894105243,289.53459954842026
insulin_signal_peripheral,Insulin signalling (peripheral uptake),potentiation,"u:0=none,1=max",ivgtt,0.45,1.9,ok,2362.4831279506493,1612.329855385979,8041.0573569830185,13317.635128837752,58.4966381617609,8.008201429856106,406.8244613688145,26.703303640979865,104.5,62.41664753545385,20185.322994596783,4150.732383737548,74.19295336399861,112.4530528946896,23.12385729101698,293.6563219145182
insulin_signal_peripheral,Insulin signalling (peripheral uptake),potentiation,"u:0=none,1=max",ivgtt,0.5,2.0,ok,2400.975284544814,1575.955583916577,8032.306183641628,13207.461222299906,58.07299790029937,8.017283660752524,406.4413724336032,25.780959494872395,104.49999999999999,63.34100536261043,20054.368816816666,4172.235267346667,73.57917115487413,111.72350315775303,23.243650514466115,297.4372089630973
insulin_signal_peripheral,Insulin signalling (peripheral uptake),potentiation,"u:0=none,1=max",ivgtt,0.55,2.1,ok,2436.38646206235,1542.3194195831245,8024.115273552173,13105.961183132647,57.67504013734232,8.025954542766948,406.0606572453442,24.938351813957702,104.0,64.18561472038508,19934.30147884473,4191.514354978136,73.01371132664427,111.05460433896785,23.351054902385158,300.91158071182906
insulin_signal_peripheral,Insulin signalling (peripheral uptake),potentiation,"u:0=none,1=max",ivgtt,0.6,2.2,ok,2469.174429925487,1510.80771211691,8016.379495388972,13012.02992340283,57.29964616681023,8.034246034517444,405.6823246049759,24.16173004635505,104.0,64.96422617611545,19823.224589831025,4208.902312168338,72.49041740057287,110.43579158680237,23.447923744670405,304.12856628761256
insulin_signal_peripheral,Insulin signalling (peripheral uptake),potentiation,"u:0=none,1=max",ivgtt,0.65,2.3,ok,2499.7504488191516,1481.6129974455484,8009.129302000568,12924.806660089414,56.945318825412144,8.042292974960949,405.3063160862798,23.442938574978925,104.0,65.68499579307677,19720.098881876733,4224.690085646786,72.00449392807474,109.86127510794837,23.535877914466777,307.1286685521877
insulin_signal_peripheral,Insulin signalling (peripheral uptake),potentiation,"u:0=none,1=max",ivgtt,0.7,2.4,ok,2528.294530942546,1454.3984672926877,8002.282770622873,12843.552169805433,56.61020761249739,8.049929169912506,404.93265271088035,22.788121658733647,104.0,66.3417790805848,19624.31414178376,4239.11030166043,71.55182267301076,109.32765538598196,23.616213379723845,309.92730378847045
insulin_signal_peripheral,Insulin signalling (peripheral uptake),potentiation,"u:0=none,1=max",ivgtt,0.75,2.5,ok,2555.077965729902,1428.682579905102,7995.6457099911095,12767.69443097508,56.292487053194655,8.05737195701364,404.56131799594766,22.178940517405557,104.0,66.95291529526966,19535.216337975227,4252.357975143337,71.12921688565504,108.83128879094834,23.690016574614692,312.55264281495926
insulin_signal_peripheral,Insulin signalling (peripheral uptake),potentiation,"u:0=none,1=max",ivgtt,0.8,2.6,ok,2580.263572062596,1404.8498347912164,7989.590288454649,12696.624753105238,55.99050122951604,8.064491164545048,404.192285644341,21.616581213598412,104.0,67.51721848848747,19451.879980764203,4264.591257566759,70.7332855326197,108.36701939144403,23.758168565831525,315.0208737617788
insulin_signal_peripheral,Insulin signalling (peripheral uptake),potentiation,"u:0=none,1=max",ivgtt,0.85,2.7,ok,2603.951476971847,1382.1541163180739,7993.727921967013,12665.310527206077,55.62659395282305,8.060097541594162,403.8255404320358,21.09679512009547,104.0,68.03893711872351,19380.914521531933,4285.249128781827,70.36283626225598,107.67174734184407,23.80693960434348,317.27641734956353
insulin_signal_peripheral,Insulin signalling (peripheral uptake),potentiation,"u:0=none,1=max",ivgtt,0.9,2.8,ok,2626.277900900099,1360.975130933723,7978.4689155609985,12567.136719318063,55.43027843775275,8.077958476387716,403.4610779490174,20.61310553812501,104.0,68.52454817634286,19300.3334659474,4286.506838478384,70.01190372879144,107.52274911391308,23.88026093859824,319.52687792145844
insulin_signal_peripheral,Insulin signalling (peripheral uptake),potentiation,"u:0=none,1=max",ivgtt,0.95,2.9,ok,2647.3939925858454,1340.9032134545319,7973.700602152756,12507.906667963583,55.16980674399239,8.084324425293376,403.0988588190988,20.162657708695317,104.0,68.97690639395258,19231.035212199993,4296.388576458822,69.68193129784726,107.13668641894147,23.93531240367032,321.59375698159636
insulin_signal_peripheral,Insulin signalling (peripheral uptake),potentiation,"u:0=none,1=max",ivgtt,1.0,3.0,ok,2667.5776232898334,1321.7189120953658,7968.871860443856,12451.978822713041,54.920725765099625,8.090395751899061,402.7388929944209,19.74969947231063,104.0,69.39176563344057,19165.810033164955,4305.668424302649,69.37035555828993,106.77331494799418,23.987010720349023,323.5675360204529
insulin_signal_hepatic,Insulin signalling (hepatic: HGP + HGU),potentiation,"u:0=none,1=max",ivgtt,0.0,1.0,ok,1760.291957664153,2155.7746621416227,8144.144361241128,15016.923855026178,64.02212644290242,7.908386152061761,410.3824121792337,40.21953430492402,101.99999999999999,48.88171020846499,22267.42664356083,3740.8327681422716,83.65974292493694,124.05251612011607,20.84029397293745,234.4179084033877
insulin_signal_hepatic,Insulin signalling (hepatic: HGP + HGU),potentiation,"u:0=none,1=max",ivgtt,0.05,1.1,ok,1818.0254369947704,2148.0987597045914,8190.815781545289,14939.903698445438,64.07008275683303,7.909542531802987,410.37032551492257,39.712530002619886,104.0,49.388413747648855,22160.141757829373,3822.2472107027306,83.23066127267653,123.45482873442548,21.29385632703471,240.2475245715797
insulin_signal_hepatic,Insulin signalling (hepatic: HGP + HGU),potentiation,"u:0=none,1=max",ivgtt,0.1,1.2,ok,1846.2814460602026,2140.5980622840275,8208.236166322074,14893.85731926978,64.04586935564816,7.910613158772742,410.35915548772687,39.58254558514781,105.0,49.51812880106286,22067.407969827167,3872.761792995396,82.9741354833971,122.93820596003992,21.57527461278772,243.06958927297458
insulin_signal_hepatic,Insulin signalling (hepatic: HGP + HGU),potentiation,"u:0=none,1=max",ivgtt,0.15,1.3,ok,1868.234517943461,2133.3811197076548,8219.463779391363,14854.447618355098,64.00869845130045,7.911719179697172,410.34802211352405,39.48047713530705,106.0,49.61995466148199,21982.377449723816,3914.3815394533267,82.75458283206183,122.46449832715217,21.80713949556171,245.25619240063634
insulin_signal_hepatic,Insulin signalling (hepatic: HGP + HGU),potentiation,"u:0=none,1=max",ivgtt,0.2,1.4,ok,1885.170475798916,2126.3265938005834,8225.954147760873,14820.465937658235,63.9610130777622,7.912739492159406,410.3369409960798,39.40800690629853,106.5,49.69220534097054,21903.95275682603,3948.2023755721425,82.5652698476782,122.0275919600336,21.99555640987266,246.93348587699896
insulin_signal_hepatic,Insulin signalling (hepatic: HGP + HGU),potentiation,"u:0=none,1=max",ivgtt,0.25,1.5,ok,1898.9254153879738,2119.293124888259,8229.477196040483,14790.022691014301,63.907140375236594,7.913824058424082,410.3258728284611,39.33284393820873,106.99999999999999,49.76716875727198,21830.466932517968,3976.876166641623,82.39566958782342,121.61820018115861,22.155298978504867,248.29171807222684
insulin_signal_hepatic,Insulin signalling (hepatic: HGP + HGU),potentiation,"u:0=none,1=max",ivgtt,0.3,1.6,ok,1910.2920925780968,2112.3023813566433,8230.744873589214,14762.250030599973,63.8494851217354,7.91474825222931,410.3148256239002,39.27511396248641,106.99999999999999,49.82471667149564,21760.876175102272,4001.627581285742,82.2409472456823,121.23050793928844,22.293189867887147,249.4058240051063
insulin_signal_hepatic,Insulin signalling (hepatic: HGP + HGU),potentiation,"u:0=none,1=max",ivgtt,0.35,1.7,ok,1919.9641821304413,2105.324082931818,8230.334078175898,14736.552653483111,63.78876106637857,7.915760490974005,410.3037846805305,39.225885962756024,107.49999999999999,49.873777944198665,21694.59895580659,4023.269386521306,82.09778637037947,120.86127551981389,22.41375702797385,250.3513264894535
insulin_signal_hepatic,Insulin signalling (hepatic: HGP + HGU),potentiation,"u:0=none,1=max",ivgtt,0.4,1.8,ok,1928.2361011312744,2098.6904116129544,8228.951886049328,14712.552821275733,63.72585036415177,7.91672394484465,410.2927873238531,39.172756737145264,107.5,49.92675404726576,21631.182488514994,4042.367077068656,81.96408256978124,120.50798043740944,22.520150847179142,251.15524386033132
insulin_signal_hepatic,Insulin signalling (hepatic: HGP + HGU),potentiation,"u:0=none,1=max",ivgtt,0.45,1.9,ok,1935.299873672311,2092.1273043617125,8226.441677271969,14689.995846264137,63.66158771412035,7.917721515968183,410.2817818457449,39.1342737911353,107.49999999999999,49.96509588963856,21570.30281314495,4059.36001224207,81.83841697083086,120.16881790052899,22.61481900970513,251.83686172180316
insulin_signal_hepatic,Insulin signalling (hepatic: HGP + HGU),potentiation,"u:0=none,1=max",ivgtt,0.5,2.0,ok,1941.4639633808874,2085.6059779558773,8223.046992586253,14668.676747840753,63.59651602049365,7.918612232521028,410.2707809975385,39.09219137923861,108.0,50.00704788540281,21511.725192666894,4074.57732968759,81.71964762028274,119.84248018198826,22.699595151462898,252.43043384199802
insulin_signal_hepatic,Insulin signalling (hepatic: HGP + HGU),potentiation,"u:0=none,1=max",ivgtt,0.55,2.1,ok,1946.915693338591,2079.0884863367473,8219.203540076447,14648.40486403856,63.53043711073778,7.919612399361485,410.2597895751252,39.0512305919875,108.0,50.04788778598607,21455.208552612305,4088.282742324997,81.60671233447667,119.52762424853651,22.775948425208895,252.95077414236337
insulin_signal_hepatic,Insulin signalling (hepatic: HGP + HGU),potentiation,"u:0=none,1=max",ivgtt,0.6,2.2,ok,1951.6472079129462,2072.6127982574785,8214.887541570282,14629.03820332396,63.46396621471132,7.920701152972563,410.24884789964966,39.02232237764802,107.99999999999999,50.0766836501876,21400.544359244177,4100.700855788969,81.4988200742282,119.22308835233527,22.84513011581599,253.3982522068141
insulin_signal_hepatic,Insulin signalling (hepatic: HGP + HGU),potentiation,"u:0=none,1=max",ivgtt,0.65,2.3,ok,1955.7795340364553,2066.391914639753,8210.094331989605,14610.556498124995,63.39753837339238,7.921606472458205,410.2378876620743,38.984605294258905,107.99999999999999,50.114296073525345,21347.993980285435,4111.996180920249,81.39585792827297,118.93032858097737,22.90805671821866,253.78661059952623
insulin_signal_hepatic,Insulin signalling (hepatic: HGP + HGU),potentiation,"u:0=none,1=max",ivgtt,0.7,2.4,ok,1959.5792723855673,2060.277822337722,8204.798957463272,14592.701832409597,63.33047147096823,7.922534203938794,410.2269324431101,38.94944985277584,108.0,50.14935373206504,21296.258992929797,4122.315574789669,81.29638903849357,118.6421113812245,22.965546377658324,254.1416525794738
insulin_signal_hepatic,Insulin signalling (hepatic: HGP + HGU),potentiation,"u:0=none,1=max",ivgtt,0.75,2.5,ok,1962.922369538453,2054.2004148259466,8199.435459573357,14575.531826012,63.263536174470936,7.92350056993975,410.2159911367525,38.92476534667166,108.0,50.17394673862313,21246.41270542097,4131.787336293686,81.20073440675209,118.36441618618926,23.018313851218306,254.45026633845092
insulin_signal_hepatic,Insulin signalling (hepatic: HGP + HGU),potentiation,"u:0=none,1=max",ivgtt,0.8,2.6,ok,1965.8702540336901,2048.144242672807,8193.901672309123,14558.922811102002,63.19666420464776,7.924362037018886,410.20506203773255,38.892404480589796,108.0,50.20622163485999,21197.778543065386,4140.502156206931,81.10820507577716,118.09347377752304,23.066864379982906,254.71977826463146
insulin_signal_hepatic,Insulin signalling (hepatic: HGP + HGU),potentiation,"u:0=none,1=max",ivgtt,0.85,2.7,ok,1968.5028465208406,2042.12360020611,8188.095612890129,14542.883413654603,63.13016878369453,7.92520102826903,410.19413541457925,38.85920689065757,108.0,50.23933838144243,21150.50206269366,4148.556942663114,81.01884910113985,117.83009505678919,23.11173784213434,254.95794050849716
insulin_signal_hepatic,Insulin signalling (hepatic: HGP + HGU),potentiation,"u:0=none,1=max",ivgtt,0.9,2.8,ok,1970.9768850041175,2036.141177588415,8182.08575334599,14527.363923603813,63.064043851607565,7.926222244586426,410.18320248063225,38.83517508567672,108.0,50.26329367578058,21104.61346030081,4156.014613145793,80.93238954653934,117.57444824680117,23.153284752901357,255.1802506565378
insulin_signal_hepatic,Insulin signalling (hepatic: HGP + HGU),potentiation,"u:0=none,1=max",ivgtt,0.95,2.9,ok,1973.1649987265291,2030.4128573806352,8175.967095705245,14512.24318650239,62.998069240632894,7.9270887076391,410.17229078010644,38.81093864444778,107.99999999999999,50.2874554273285,21059.606818637407,4162.941747241139,80.84815145683784,117.32371486706079,23.191876029198546,255.3740442076874
insulin_signal_hepatic,Insulin signalling (hepatic: HGP + HGU),potentiation,"u:0=none,1=max",ivgtt,1.0,3.0,ok,1975.0875023261465,2024.7760501059004,8169.9487829621985,14497.559413348221,62.932326870178684,7.928034282383671,410.1613802762114,38.777051579571555,108.0,50.32127031457569,21015.908226785243,4169.374668081391,80.76634770667532,117.08026867289828,23.227714028308586,255.54284763598196
insulin_signal_global,Insulin signalling (global),potentiation,"u:0=none,1=max",ogtt,0.0,1.0,ok,0.0,0.0,4010.005110968009,29103.44468784958,16.822022144311447,0.28103025804589893,132.2276303392274,80.3196160309975,300.0,8.781628177881032,14687.598186778447,2645.8116622356074,97.01148229283193,48.95866062259482,8.819372207452025,7.488928456864608
insulin_signal_global,Insulin signalling (global),potentiation,"u:0=none,1=max",ogtt,0.05,1.1,ok,0.0,0.0,3844.845201532621,28874.931077058685,16.01349732371232,0.2684887229814882,129.38124524599823,80.07614186536706,300.0,9.02690297143289,14017.41408562152,2671.373675248523,96.24977025686229,46.7247136187384,8.904578917495076,7.2598352639520645
insulin_signal_global,Insulin signalling (global),potentiation,"u:0=none,1=max",ogtt,0.1,1.2,ok,0.0,0.0,3696.0502501925575,28698.054375132517,15.302753385196988,0.2575526342228818,126.92092835383775,79.9643765479983,300.0,9.14042547675919,13492.11352026259,2687.301330699155,95.66018125044172,44.973711734208635,8.957671102330517,7.048717192127685
insulin_signal_global,Insulin signalling (global),potentiation,"u:0=none,1=max",ogtt,0.15,1.3,ok,0.0,0.0,3562.9552311509706,28547.20556422346,14.676277011025231,0.24789075361640972,124.75603701261656,79.92657312407984,300.0,9.17995048470138,13036.47885954422,2700.382197046655,95.15735188074487,43.45492953181407,9.001273990155518,6.856500528209203
insulin_signal_global,Insulin signalling (global),potentiation,"u:0=none,1=max",ogtt,0.2,1.4,ok,0.0,0.0,3442.8772458760295,28415.318947092168,14.117513974480213,0.2393220826595047,122.84928637473017,79.92788901354808,300.0,9.180325613030973,12634.757600451623,2711.605052358208,94.71772982364055,42.11585866817208,9.038683507860693,6.681776637463645
insulin_signal_global,Insulin signalling (global),potentiation,"u:0=none,1=max",ogtt,0.25,1.5,ok,0.0,0.0,3333.6553658526464,28298.200776243822,13.613651803370349,0.23167879506821565,121.17663036127149,79.95335708122238,300.0,9.156522385288,12276.01889181239,2721.5266363140026,94.32733592081274,40.92006297270797,9.071755454380009,6.522146758518751
insulin_signal_global,Insulin signalling (global),potentiation,"u:0=none,1=max",ogtt,0.3,1.6,ok,0.0,0.0,3233.257300743421,28192.788405221767,13.154152635809194,0.22481247077797611,119.70897907622297,79.993331095012,300.0,9.118191535385833,11952.517665965453,2730.422927063667,93.97596135073923,39.841725553218176,9.10140975687889,6.375332512886093
insulin_signal_global,Insulin signalling (global),potentiation,"u:0=none,1=max",ogtt,0.35,1.7,ok,0.0,0.0,3140.479840729898,28097.175242320423,12.732195190356482,0.21865286878850718,118.42040449380806,80.04375700576553,300.0,9.069389679251799,11658.628846842266,2738.4840936635014,93.65725080773474,38.862096156140886,9.128280312211672,6.239742154424456
insulin_signal_global,Insulin signalling (global),potentiation,"u:0=none,1=max",ogtt,0.4,1.8,ok,0.0,0.0,3054.1644146016038,28009.699776905454,12.341450660235527,0.21306011992460683,117.27628023925718,80.10137263406648,300.0,9.013381655392578,11389.6564864343,2745.892418849943,93.36566592301818,37.965521621447664,9.15297472949981,6.113551218215336
insulin_signal_global,Insulin signalling (global),potentiation,"u:0=none,1=max",ogtt,0.45,1.9,ok,0.0,0.0,2973.3332095636333,27929.1359989166,11.977291000407417,0.20797242155605875,116.2501527081676,80.16400316271042,300.0,8.952344555936108,11142.243496292569,2752.7012721650153,93.09711999638867,37.140811654308564,9.175670907216718,5.995566513093729
insulin_signal_global,Insulin signalling (global),potentiation,"u:0=none,1=max",ogtt,0.5,2.0,ok,0.0,0.0,2897.39204738935,27854.537222811785,11.6363394651076,0.2033265922888461,115.32088347406474,80.22906954562183,300.0,8.888859418396947,10913.507499968515,2759.0633799496754,92.84845740937261,36.378358333228384,9.196877933165585,5.884943567858549
insulin_signal_global,Insulin signalling (global),potentiation,"u:0=none,1=max",ogtt,0.55,2.1,ok,0.0,0.0,2825.697562813589,27785.162558993317,11.315529354368818,0.19906895726261112,114.47979194806626,80.29657530157948,300.0,8.822923299218374,10701.178208877856,2764.973258191724,92.61720852997773,35.670594029592856,9.216577527305747,5.780696169487703
insulin_signal_global,Insulin signalling (global),potentiation,"u:0=none,1=max",ogtt,0.6,2.2,ok,0.0,0.0,2757.8835627062863,27720.410663576855,11.01274455085767,0.1951539572703593,113.70670481131113,80.36617830765596,300.0,8.754880423668169,10503.342900098489,2770.5500874572394,92.40136887858952,35.011143000328296,9.235166958190797,5.682143728354506
insulin_signal_global,Insulin signalling (global),potentiation,"u:0=none,1=max",ogtt,0.65,2.3,ok,0.0,0.0,2693.5119070615883,27659.732141281034,10.725941850797785,0.19154389824373497,112.99421114269269,80.43580976462324,300.0,8.68680041462828,10318.392962492031,2775.8111944831135,92.19910713760345,34.39464320830677,9.252703981610379,5.588828423858521
insulin_signal_global,Insulin signalling (global),potentiation,"u:0=none,1=max",ogtt,0.7,2.4,ok,0.0,0.0,2632.207365944023,27602.66690405469,10.453337434731884,0.1881864893666144,112.33364623568096,80.50618840330715,300.0,8.617960580970163,10144.934411310845,2780.793136715764,92.0088896801823,33.81644803770282,9.269310455719213,5.5000201051602104
insulin_signal_global,Insulin signalling (global),potentiation,"u:0=none,1=max",ogtt,0.75,2.5,ok,0.0,0.0,2573.84645845301,27548.94807974069,10.194136949952634,0.1851196388240808,111.72370074444898,80.57632841753004,300.0,8.549342356345235,9982.026486729268,2785.5526728660934,91.82982693246896,33.273421622430895,9.285175576220311,5.415768116507707
insulin_signal_global,Insulin signalling (global),potentiation,"u:0=none,1=max",ogtt,0.8,2.6,ok,0.0,0.0,2518.051303749583,27498.205444645093,9.946687515702585,0.18225293263882184,111.15238919782064,80.64679293581729,300.0,8.480385150026905,9828.496628079096,2790.071651803159,91.66068481548365,32.76165542693032,9.300238839343864,5.335239165507651
insulin_signal_global,Insulin signalling (global),potentiation,"u:0=none,1=max",ogtt,0.85,2.7,ok,0.0,0.0,2464.6945252435125,27450.196009711737,9.710247003778731,0.17958874722481472,110.61486793261565,80.71579819231587,300.0,8.412875369652383,9683.501486030887,2794.40589257786,91.50065336570579,32.278338286769625,9.314686308592867,5.25843421704296
insulin_signal_global,Insulin signalling (global),potentiation,"u:0=none,1=max",ogtt,0.9,2.8,ok,0.0,0.0,2413.5654010574717,27404.648424885792,9.483727693199492,0.177106886037784,110.11071394711627,80.78498130285138,300.0,8.345176552037799,9546.240644319605,2798.581892152085,91.34882808295264,31.820802147732017,9.328606307173617,5.184835325204864
insulin_signal_global,Insulin signalling (global),potentiation,"u:0=none,1=max",ogtt,0.95,2.9,ok,0.0,0.0,2364.43841252724,27361.326278835855,9.266360862900317,0.1747701038239964,109.63615755076394,80.85370605870713,300.0,8.277924654785949,9416.10966376403,2802.5820959174,91.20442092945285,31.387032212546764,9.341940319724666,5.1141637038911325
insulin_signal_global,Insulin signalling (global),potentiation,"u:0=none,1=max",ogtt,1.0,3.0,ok,0.0,0.0,2317.2979340489183,27320.145355540295,9.057882523459094,0.17263763444854366,109.18782160491247,80.92052023371782,300.0,8.212573390457365,9292.674831928874,2806.44821355795,91.06715118513432,30.97558277309625,9.354827378526501,5.046734822844248
glucagon_signal_hepatic,Glucagon signalling (hepatic HGP),potentiation,"u:0=none,1=max",ogtt,0.0,1.0,ok,0.0,0.0,4010.005110968009,29103.44468784958,16.822022144311447,0.28103025804589893,132.2276303392274,80.3196160309975,300.0,8.781628177881032,14687.598186778447,2645.8116622356074,97.01148229283193,48.95866062259482,8.819372207452025,7.488928456864608
glucagon_signal_hepatic,Glucagon signalling (hepatic HGP),potentiation,"u:0=none,1=max",ogtt,0.05,1.1,ok,0.0,0.0,4006.446333028648,29105.986048613588,16.805320365052115,0.2806522205931932,132.19229654884987,80.34939880068859,300.0,8.751747199342319,14680.541503305798,2643.765151933223,97.01995349537863,48.93513834435266,8.812550506444076,7.480237286677934
glucagon_signal_hepatic,Glucagon signalling (hepatic HGP),potentiation,"u:0=none,1=max",ogtt,0.1,1.2,ok,0.0,0.0,4002.979142053386,29108.419362376942,16.7888890387694,0.2802720001489588,132.15695132282107,80.377518387159,300.0,8.723533114455336,14673.318572785334,2641.8019337764204,97.02806454125647,48.91106190928445,8.806006445921401,7.471771410168475
glucagon_signal_hepatic,Glucagon signalling (hepatic HGP),potentiation,"u:0=none,1=max",ogtt,0.15,1.3,ok,0.0,0.0,3999.5742279957153,29110.744190917598,16.772654844046507,0.27988396819522454,132.12166055095108,80.40548842690069,300.0,8.695472036727239,14665.920089576914,2639.914568863786,97.03581396972533,48.88640029858971,8.799715229545953,7.463338570690311
glucagon_signal_hepatic,Glucagon signalling (hepatic HGP),potentiation,"u:0=none,1=max",ogtt,0.2,1.4,ok,0.0,0.0,3996.316582227776,29113.009376521048,16.756967803243796,0.2795140811396185,132.08629821979667,80.43190130061238,300.0,8.668971373513301,14658.567989153504,2638.10250848372,97.04336458840349,48.86189329717835,8.793675028279067,7.4552712837047155
glucagon_signal_hepatic,Glucagon signalling (hepatic HGP),potentiation,"u:0=none,1=max",ogtt,0.25,1.5,ok,0.0,0.0,3993.1204719924995,29115.20179121792,16.741406734392147,0.27913501264506024,132.0509284629554,80.45835334545916,300.0,8.642434589666351,14651.04910937361,2636.3603936820427,97.05067263739308,48.836830364578695,8.787867978940142,7.447194864959449
glucagon_signal_hepatic,Glucagon signalling (hepatic HGP),potentiation,"u:0=none,1=max",ogtt,0.3,1.6,ok,0.0,0.0,3990.01805171035,29117.327670276874,16.726187081467963,0.27875588529634093,132.01557720161702,80.48323938748767,300.0,8.617466791831191,14643.395112624046,2634.680483729796,97.05775890092292,48.811317042080155,8.78226827909932,7.439360234616541
glucagon_signal_hepatic,Glucagon signalling (hepatic HGP),potentiation,"u:0=none,1=max",ogtt,0.35,1.7,ok,0.0,0.0,3986.9636095480632,29119.35146995196,16.711152945065976,0.27837682041293504,131.98017904870593,80.5081982001004,300.0,8.592428867091755,14635.714773573836,2633.0655551566015,97.06450489983986,48.78571591191279,8.776885183855338,7.431565211211328
glucagon_signal_hepatic,Glucagon signalling (hepatic HGP),potentiation,"u:0=none,1=max",ogtt,0.4,1.8,ok,0.0,0.0,3984.005652027586,29121.33123784079,16.69631890771867,0.27799808887231275,131.94476473586462,80.53188464610072,300.0,8.568665786941324,14627.876250906558,2631.5087881880436,97.07110412613596,48.75958750302186,8.771695960626811,7.423948752806989
glucagon_signal_hepatic,Glucagon signalling (hepatic HGP),potentiation,"u:0=none,1=max",ogtt,0.45,1.9,ok,0.0,0.0,3981.0503268126286,29123.18577439543,16.681672679011154,0.27762098810222635,131.9096291685139,80.55542481073951,300.0,8.545051346904458,14619.989186809988,2629.9982006079754,97.07728591465144,48.733297289366625,8.766660668693252,7.416400567359498
glucagon_signal_hepatic,Glucagon signalling (hepatic HGP),potentiation,"u:0=none,1=max",ogtt,0.5,2.0,ok,0.0,0.0,3978.184461073331,29125.004100162874,16.66727081320149,0.2772426930596838,131.8748695111126,80.57818806759549,300.0,8.52221635231956,14612.0341249014,2628.541511769495,97.08334700054291,48.706780416338,8.76180503923165,7.408986540028713
glucagon_signal_hepatic,Glucagon signalling (hepatic HGP),potentiation,"u:0=none,1=max",ogtt,0.55,2.1,ok,0.0,0.0,3975.4074146875214,29126.796020413916,16.653089791156027,0.2768643160468203,131.84012420782958,80.60036660871039,300.0,8.499968172855944,14603.996776390546,2627.1348217534523,97.08932006804639,48.67998925463515,8.757116072511508,7.401685946029166
glucagon_signal_hepatic,Glucagon signalling (hepatic HGP),potentiation,"u:0=none,1=max",ogtt,0.6,2.2,ok,0.0,0.0,3972.6686892611197,29128.523159337397,16.63903831433832,0.27648574604400844,131.80534419301213,80.62252085758477,300.0,8.477746359606698,14595.892081908292,2625.773273464544,97.09507719779133,48.65297360636097,8.752577578215147,7.394419498400743
glucagon_signal_hepatic,Glucagon signalling (hepatic HGP),potentiation,"u:0=none,1=max",ogtt,0.65,2.3,ok,0.0,0.0,3970.001958867214,29130.218557246422,16.625282133301692,0.27610796006750954,131.7705053921342,80.64337065352623,300.0,8.456830972380885,14587.736629040372,2624.4492261248106,97.10072852415475,48.6257887634679,8.748164087082701,7.387360576909048
glucagon_signal_hepatic,Glucagon signalling (hepatic HGP),potentiation,"u:0=none,1=max",ogtt,0.7,2.4,ok,0.0,0.0,3967.327715476094,29131.800532422647,16.611499369513925,0.27572933864329946,131.73567312970687,80.66435797785138,300.0,8.435779963592523,14579.487299743374,2623.1713713898316,97.10600177474215,48.59829099914458,8.743904571299439,7.380277948824679
glucagon_signal_hepatic,Glucagon signalling (hepatic HGP),potentiation,"u:0=none,1=max",ogtt,0.75,2.5,ok,0.0,0.0,3964.781547916909,29133.40442660058,16.597905427930517,0.2753405704084217,131.70083023169937,80.68471991531344,300.0,8.415356176934566,14571.130941095755,2621.9376070028243,97.1113480886686,48.57043647031918,8.739792023342748,7.373264476596633
glucagon_signal_hepatic,Glucagon signalling (hepatic HGP),potentiation,"u:0=none,1=max",ogtt,0.8,2.6,ok,0.0,0.0,3962.2297872440085,29134.9319574899,16.58464874834073,0.2749728382986648,131.66601206610022,80.70447578901816,300.0,8.395540234433867,14562.851587720383,2620.7269884374473,97.11643985829966,48.54283862573461,8.735756628124824,7.3664804182242944
glucagon_signal_hepatic,Glucagon signalling (hepatic HGP),potentiation,"u:0=none,1=max",ogtt,0.85,2.7,ok,0.0,0.0,3959.704235269117,29136.382843604577,16.571403970288703,0.27459543322125624,131.6311532997613,80.72432250541426,300.0,8.375635066409203,14554.449509115619,2619.55817806251,97.12127614534859,48.51483169705206,8.731860593541699,7.35965150323506
glucagon_signal_hepatic,Glucagon signalling (hepatic HGP),potentiation,"u:0=none,1=max",ogtt,0.9,2.8,ok,0.0,0.0,3957.257493215221,29137.822175056965,16.558139315113724,0.27420210344343726,131.59623345961376,80.7432325286434,300.0,8.356668309124643,14545.912290195973,2618.4300664744474,97.12607391685656,48.48637430065324,8.72810022158149,7.3528475180893516
glucagon_signal_hepatic,Glucagon signalling (hepatic HGP),potentiation,"u:0=none,1=max",ogtt,0.95,2.9,ok,0.0,0.0,3954.851317775499,29139.23836260869,16.545213551973575,0.27382256287071566,131.56133403194522,80.76193433040541,300.0,8.337911227422083,14537.355897200116,2617.3228371022133,97.13079454202897,48.45785299066705,8.724409457007377,7.346204355904265
glucagon_signal_hepatic,Glucagon signalling (hepatic HGP),potentiation,"u:0=none,1=max",ogtt,1.0,3.0,ok,0.0,0.0,3952.4855855645346,29140.613508838895,16.5326385367488,0.2734620647261184,131.52640356991182,80.78073526962392,300.0,8.319056626242386,14528.90726254381,2616.248287541929,97.13537836279632,48.42969087514603,8.720827625139764,7.339715535766027
insulin_secretion,Beta-cell insulin secretion capacity,potentiation,"u:0=none,1=max",ogtt,0.0,1.0,ok,0.0,0.0,4010.005110968009,29103.44468784958,16.822022144311447,0.28103025804589893,132.2276303392274,80.3196160309975,300.0,8.781628177881032,14687.598186778447,2645.8116622356074,97.01148229283193,48.95866062259482,8.819372207452025,7.488928456864608
insulin_secretion,Beta-cell insulin secretion capacity,potentiation,"u:0=none,1=max",ogtt,0.05,1.1,ok,0.0,0.0,3759.9973436701757,28629.533142482032,15.764920781647984,0.2649502886402611,127.7376155211369,79.65769193505928,300.0,8.075636106762389,15045.49887144198,2667.6252725645945,95.43177714160677,50.1516629048066,8.892084241881982,7.090464375240539
insulin_secretion,Beta-cell insulin secretion capacity,potentiation,"u:0=none,1=max",ogtt,0.1,1.2,ok,0.0,0.0,3559.046532398799,28207.31460404151,14.844087578660728,0.25117970736775447,123.89518701827423,79.06708185017094,300.0,7.4006265353393275,15390.756761510576,2689.076174381298,94.0243820134717,51.302522538368585,8.96358724793766,6.738377608642741
insulin_secretion,Beta-cell insulin secretion capacity,potentiation,"u:0=none,1=max",ogtt,0.15,1.3,ok,0.0,0.0,3401.852424840202,27828.341503288677,14.039200522614989,0.23933934633783693,120.63093363022678,78.53371915449702,300.0,6.778237537837953,15728.635250247555,2710.070365049708,92.76113834429559,52.42878416749185,9.033567883499027,6.428245253866085
insulin_secretion,Beta-cell insulin secretion capacity,potentiation,"u:0=none,1=max",ogtt,0.2,1.4,ok,0.0,0.0,3283.9284617801995,27486.08691659102,13.333567528752406,0.22905829788191268,117.85452448023953,78.04831227548038,300.0,6.213350688741585,16062.569128626485,2730.5618414236424,91.62028972197007,53.54189709542162,9.101872804745474,6.154905655408112
insulin_secretion,Beta-cell insulin secretion capacity,potentiation,"u:0=none,1=max",ogtt,0.25,1.5,ok,0.0,0.0,3198.8341359908286,27175.40171194087,12.714599873909055,0.22009387440606873,115.48054430269569,77.60295202616746,298.5,5.707784315028121,16395.48747581809,2750.5044606214287,90.58467237313624,54.651624919393626,9.16834820207143,5.908178542196401
insulin_secretion,Beta-cell insulin secretion capacity,potentiation,"u:0=none,1=max",ogtt,0.3,1.6,ok,0.0,0.0,3139.5303894886524,26892.27562295406,12.1724339703726,0.21225369855961285,113.43932357465567,77.19060522311068,291.0,5.261443844494337,16729.665950704773,2769.8905312810602,89.64091874318021,55.76555316901591,9.232968437603533,5.666073596869965
insulin_secretion,Beta-cell insulin secretion capacity,potentiation,"u:0=none,1=max",ogtt,0.35,1.7,ok,0.0,0.0,3100.435373395868,26633.495281992713,11.699122641719086,0.2053925928021635,111.67897081194332,76.80729851214575,284.0,4.8706446124656395,17066.851046465632,2788.7192661686386,88.77831760664237,56.88950348821877,9.295730887228796,5.452741674488699
insulin_secretion,Beta-cell insulin secretion capacity,potentiation,"u:0=none,1=max",ogtt,0.4,1.8,ok,0.0,0.0,3077.611599423426,26396.244325354164,11.287974416373476,0.19939875012933586,110.16330367698711,76.44772386015013,277.0,4.532880968955865,17408.235881656943,2807.007719777176,87.98748108451387,58.02745293885648,9.356692399257254,5.263731178416131
insulin_secretion,Beta-cell insulin secretion capacity,potentiation,"u:0=none,1=max",ogtt,0.45,1.9,ok,0.0,0.0,3068.3150754130656,26178.36920906446,10.9334261108151,0.1942128830977613,108.8608841484227,76.10943141524278,271.0,4.242901160721317,17755.081819435145,2824.777906040439,87.26123069688154,59.18360606478382,9.41592635346813,5.101058191743181
insulin_secretion,Beta-cell insulin secretion capacity,potentiation,"u:0=none,1=max",ogtt,0.5,2.0,ok,0.0,0.0,3070.6533065227663,25977.72810165564,10.630190472162795,0.1897384251951092,107.74704163427467,75.78920975819983,265.0,3.9965207165436425,18107.85210063142,2842.0617758652534,86.5924270055188,60.35950700210473,9.473539252884178,4.958430469194005
insulin_secretion,Beta-cell insulin secretion capacity,potentiation,"u:0=none,1=max",ogtt,0.55,2.1,ok,0.0,0.0,3083.1924010761345,25792.724770173038,10.373639810071799,0.18591901712590914,106.79700136307056,75.48444524202439,260.0,3.7893790481384286,18466.867318994748,2858.901688722311,85.97574923391012,61.55622439664916,9.529672295741037,4.8381969282659005
insulin_secretion,Beta-cell insulin secretion capacity,potentiation,"u:0=none,1=max",ogtt,0.6,2.2,ok,0.0,0.0,3104.327274037339,25621.70617503415,10.159262603868036,0.18269514755436966,105.98814260489328,75.19384338553809,255.5,3.6162994825590715,18832.482694691666,2875.322443015915,85.40568725011383,62.77494231563889,9.584408143386383,4.7363913697917885
insulin_secretion,Beta-cell insulin secretion capacity,potentiation,"u:0=none,1=max",ogtt,0.65,2.3,ok,0.0,0.0,3132.799953325786,25463.396231574843,9.982883688975116,0.180003709827797,105.30131067916763,74.91521763935286,251.5,3.4735219004867446,19204.449825740834,2891.3679468653313,84.8779874385828,64.01483275246945,9.637893156217771,4.6513410965530335
insulin_secretion,Beta-cell insulin secretion capacity,potentiation,"u:0=none,1=max",ogtt,0.7,2.4,ok,0.0,0.0,3167.5189485701167,25316.571213199582,9.840343661892547,0.1777879637968744,104.71627673666994,74.64713095222778,248.0,3.3570923871868104,19582.78062452547,2907.0649655408197,84.38857071066528,65.2759354150849,9.690216551802733,4.5813839472720606
insulin_secretion,Beta-cell insulin secretion capacity,potentiation,"u:0=none,1=max",ogtt,0.75,2.5,ok,0.0,0.0,3207.2539978018485,25180.15852322102,9.727849631106327,0.17599074898054895,104.21666255222264,74.38898131602538,245.0,3.2627441966311608,19967.124692330526,2922.4469199475107,83.93386174407007,66.55708230776843,9.74148973315837,4.52491570402652
insulin_secretion,Beta-cell insulin secretion capacity,potentiation,"u:0=none,1=max",ogtt,0.8,2.6,ok,0.0,0.0,3251.103672379677,25053.012594072763,9.641796316788051,0.174564642439856,103.78829380277337,74.13975112602357,242.5,3.1871453138911647,20356.985587542484,2937.5396168106463,83.51004198024255,67.8566186251416,9.791798722702154,4.480511177931845
insulin_secretion,Beta-cell insulin secretion capacity,potentiation,"u:0=none,1=max",ogtt,0.85,2.7,ok,0.0,0.0,3298.114749657215,24934.435637066574,9.578698768230547,0.17345686836359134,103.41901171948737,73.89830621117756,240.5,3.127568952659132,20752.158145879526,2952.3698808978115,83.11478545688858,69.17386048626508,9.841232936326039,4.446814956990273
insulin_secretion,Beta-cell insulin secretion capacity,potentiation,"u:0=none,1=max",ogtt,0.9,2.8,ok,0.0,0.0,3347.7595170524064,24823.452462435784,9.535461743127623,0.1726258237960123,103.09868750614957,73.66403928345485,239.0,3.0812025832316294,21152.2014450441,2966.957850777981,82.74484154145262,70.50733815014699,9.88985950259327,4.422604697413058
insulin_secretion,Beta-cell insulin secretion capacity,potentiation,"u:0=none,1=max",ogtt,0.95,2.9,ok,0.0,0.0,3399.5391628478583,24719.45462523145,9.509223114788549,0.17202840981368311,102.81884982812174,73.43683733469656,237.5,3.0451535073494114,21556.41737965207,2981.3266414514137,82.39818208410483,71.85472459884024,9.937755471504712,4.404618487873749
insulin_secretion,Beta-cell insulin secretion capacity,potentiation,"u:0=none,1=max",ogtt,1.0,3.0,ok,0.0,0.0,3452.838607255217,24621.76950154391,9.497584555923554,0.17164846186892088,102.57282440389598,73.216229354039,236.5,3.0172443730703264,21964.767665093033,2995.482818745143,82.07256500514636,73.21589221697678,9.984942729150477,4.394057614306288
glucagon_secretion,Alpha-cell glucagon secretion capacity,potentiation,"u:0=none,1=max",ogtt,0.0,1.0,ok,0.0,0.0,4010.005110968009,29103.44468784958,16.822022144311447,0.28103025804589893,132.2276303392274,80.3196160309975,300.0,8.781628177881032,14687.598186778447,2645.8116622356074,97.01148229283193,48.95866062259482,8.819372207452025,7.488928456864608
glucagon_secretion,Alpha-cell glucagon secretion capacity,potentiation,"u:0=none,1=max",ogtt,0.05,1.1,ok,0.0,0.0,3993.3528165520356,29121.516605237386,16.765277004148185,0.27975588304024124,132.21298475447952,80.46939915294226,300.0,8.890280260158761,14716.163043553453,2893.6272020424963,97.07172201745796,49.053876811844844,9.645424006808321,7.4807322201023565
glucagon_secretion,Alpha-cell glucagon secretion capacity,potentiation,"u:0=none,1=max",ogtt,0.1,1.2,ok,0.0,0.0,3978.270550084964,29137.96459460453,16.713768305644383,0.27861259502337143,132.20238880611987,80.60612964514846,300.0,8.989930904135988,14743.206128759884,3140.4486987077216,97.12654864868178,49.144020429199614,10.46816232902574,7.4734655916415065
glucagon_secretion,Alpha-cell glucagon secretion capacity,potentiation,"u:0=none,1=max",ogtt,0.15,1.3,ok,0.0,0.0,3964.7076818621845,29153.135427792186,16.667100448126106,0.27757366413850054,132.19424902889872,80.73059414609035,300.0,9.083843571686415,14768.861136706735,3386.4314759003014,97.17711809264061,49.22953712235579,11.28810491966767,7.467249469011517
glucagon_secretion,Alpha-cell glucagon secretion capacity,potentiation,"u:0=none,1=max",ogtt,0.2,1.4,ok,0.0,0.0,3952.519626661108,29166.978230036417,16.624149685147277,0.27662343385554505,132.1876034960457,80.84533253735637,300.0,9.172421536037575,14793.22815187984,3631.6932768708302,97.22326076678806,49.310760506266135,12.1056442562361,7.461780895467763
glucagon_secretion,Alpha-cell glucagon secretion capacity,potentiation,"u:0=none,1=max",ogtt,0.25,1.5,ok,0.0,0.0,3941.876805777478,29179.835240925062,16.58499612841435,0.2757459303036507,132.18213639737738,80.95051938984436,300.0,9.257797428921407,14816.393284023728,3876.340565666563,97.26611746975021,49.38797761341243,12.921135218888544,7.457229509822157
glucagon_secretion,Alpha-cell glucagon secretion capacity,potentiation,"u:0=none,1=max",ogtt,0.3,1.6,ok,0.0,0.0,3931.9780702572525,29191.644375612716,16.54887121247101,0.2749326201225276,132.17763375992277,81.04799413231912,300.0,9.339972053583821,14838.428869338573,4120.465893844721,97.30548125204238,49.46142956446191,13.734886312815737,7.453369323967485
glucagon_secretion,Alpha-cell glucagon secretion capacity,potentiation,"u:0=none,1=max",ogtt,0.35,1.7,ok,0.0,0.0,3922.8924048902513,29202.635018261313,16.51569387620818,0.27417257133533585,132.17546753039082,81.13724204993737,300.0,9.420948267202647,14859.469961735824,4364.151145838906,97.34211672753771,49.53156653911941,14.547170486129687,7.4503369551343495
glucagon_secretion,Alpha-cell glucagon secretion capacity,potentiation,"u:0=none,1=max",ogtt,0.4,1.8,ok,0.0,0.0,3914.479094042431,29212.807202894845,16.48511066433061,0.2734607059305555,132.17389560798338,81.22002312295969,300.0,9.500184367552166,14879.600538353257,4607.457095664713,97.37602400964948,49.598668461177525,15.358190318882377,7.447969765700575
glucagon_secretion,Alpha-cell glucagon secretion capacity,potentiation,"u:0=none,1=max",ogtt,0.45,1.9,ok,0.0,0.0,3906.604830312877,29222.169609056004,16.45660335850823,0.27278869438273534,132.17275390524895,81.29683028824934,300.0,9.578192994388175,14898.77109817985,4850.451439988157,97.40723203018668,49.66257032726617,16.16817146662719,7.446156093086501
glucagon_secretion,Alpha-cell glucagon secretion capacity,potentiation,"u:0=none,1=max",ogtt,0.5,2.0,ok,0.0,0.0,3899.2878829261354,29230.830595370233,16.43002684227083,0.27213880921225847,132.1719280374885,81.36768420836404,300.0,9.655789510598623,14917.080873782837,5093.173815462795,97.43610198456744,49.72360291260946,16.97724605154265,7.4448705094344785
glucagon_secretion,Alpha-cell glucagon secretion capacity,potentiation,"u:0=none,1=max",ogtt,0.55,2.1,ok,0.0,0.0,3892.6266032976678,29238.982442935718,16.405832255350802,0.27153674882019707,132.1713664833231,81.43306785968535,300.0,9.733190918616586,14934.609638596034,5335.70696667523,97.46327480978573,49.78203212865345,17.785689888917435,7.444350508235123
glucagon_secretion,Alpha-cell glucagon secretion capacity,potentiation,"u:0=none,1=max",ogtt,0.6,2.2,ok,0.0,0.0,3886.3828663950503,29246.482222596456,16.38318487441791,0.27096202043057804,132.1713019073723,81.49370203827455,300.0,9.810264676173901,14951.45546710329,5578.050761149523,97.48827407532153,49.838184890344294,18.593502537165076,7.444292379385819
glucagon_secretion,Alpha-cell glucagon secretion capacity,potentiation,"u:0=none,1=max",ogtt,0.65,2.3,ok,0.0,0.0,3880.587107480292,29253.43531662107,16.362072905259065,0.2704054736449311,132.1724480799199,81.54989404619262,300.0,9.887200533242762,14967.509914036142,5820.275696867911,97.51145105540357,49.891699713453804,19.400918989559706,7.444675377844751
glucagon_secretion,Alpha-cell glucagon secretion capacity,potentiation,"u:0=none,1=max",ogtt,0.7,2.4,ok,0.0,0.0,3875.219384116491,29259.89800758643,16.342789141026454,0.2698970398485203,132.17376609157446,81.60198129140491,300.0,9.96408093025613,14983.031777629261,6062.372931023189,97.53299335862144,49.94343925876421,20.207909770077297,7.445701183185582
glucagon_secretion,Alpha-cell glucagon secretion capacity,potentiation,"u:0=none,1=max",ogtt,0.75,2.5,ok,0.0,0.0,3870.2161702158937,29265.867948510517,16.324605774552065,0.26939066719772353,132.17506184042597,81.65012787180412,300.0,10.041096525403674,14997.81668642281,6304.417096240734,97.55289316170172,49.99272228807603,21.014723654135782,7.44702234307295
glucagon_secretion,Alpha-cell glucagon secretion capacity,potentiation,"u:0=none,1=max",ogtt,0.8,2.6,ok,0.0,0.0,3865.5801047437494,29271.390812064816,16.30771449291654,0.26890429195979393,132.17636286063868,81.69468941003004,300.0,10.118195144213644,15012.000095648236,6546.425749301049,97.57130270688272,50.04000031882745,21.82141916433683,7.448753589513839
glucagon_secretion,Alpha-cell glucagon secretion capacity,potentiation,"u:0=none,1=max",ogtt,0.85,2.7,ok,0.0,0.0,3861.289314015078,29276.521626838112,16.291983013791782,0.2684345028278309,132.17764398245754,81.73588401766372,300.0,10.195414748534532,15025.618706143427,6788.40402873421,97.58840542279371,50.085395687144754,22.628013429114034,7.450852079710831
glucagon_secretion,Alpha-cell glucagon secretion capacity,potentiation,"u:0=none,1=max",ogtt,0.9,2.8,ok,0.0,0.0,3857.309568568745,29281.273661594907,16.277343558433667,0.2679796857311469,132.1788894634766,81.77389992632067,300.0,10.272784450076898,15038.630454361015,7030.396323156119,97.60424553864969,50.128768181203384,23.434654410520398,7.45329726933152
glucagon_secretion,Alpha-cell glucagon secretion capacity,potentiation,"u:0=none,1=max",ogtt,0.95,2.9,ok,0.0,0.0,3853.646305432355,29285.692982103843,16.263750580883862,0.2675394145097138,132.18008717866962,81.80897143195841,300.0,10.350256216644084,15051.115864245272,7272.40690845436,97.61897660701281,50.17038621415091,24.241356361514534,7.456071427925024
glucagon_secretion,Alpha-cell glucagon secretion capacity,potentiation,"u:0=none,1=max",ogtt,1.0,3.0,ok,0.0,0.0,3850.261634991479,29289.77892259676,16.25115123274205,0.2671145757109709,132.1827480305233,81.84129640467255,300.0,10.427789868862973,15063.093198278171,7514.454374079177,97.63259640865587,50.210310660927234,25.04818124693059,7.459160920561636
insulin_signal_global_inhibition,Insulin signalling inhibition,inhibition,"u:0=none,1=max",ogtt,0.0,1.0,ok,0.0,0.0,4010.005110968009,29103.44468784958,16.822022144311447,0.28103025804589893,132.2276303392274,80.3196160309975,300.0,8.781628177881032,14687.598186778447,2645.8116622356074,97.01148229283193,48.95866062259482,8.819372207452025,7.488928456864608
insulin_signal_global_inhibition,Insulin signalling inhibition,inhibition,"u:0=none,1=max",ogtt,0.05,0.95,ok,0.0,0.0,4107.426208883607,29254.51488081272,17.289942092641812,0.2882892491143462,133.87224127566952,80.41579030740083,300.0,8.684535215369905,15158.477249791678,2625.836917001964,97.51504960270907,50.528257499305596,8.75278972333988,7.6261635535990795
insulin_signal_global_inhibition,Insulin signalling inhibition,inhibition,"u:0=none,1=max",ogtt,0.1,0.9,ok,0.0,0.0,4217.170794538304,29421.392477519854,17.811768800428432,0.29608333887516847,135.65333714532534,80.51657896137777,300.0,8.582813191898595,15679.274141558988,2604.9680713988837,98.07130825839951,52.26424713852996,8.683226904662945,7.7786520684616915
insulin_signal_global_inhibition,Insulin signalling inhibition,inhibition,"u:0=none,1=max",ogtt,0.15,0.85,ok,0.0,0.0,4342.623394121876,29607.375293442718,18.400195602571433,0.3044601330768754,137.58828423050736,80.6218506097257,300.0,8.476593232232972,16261.173315796812,2583.174277991485,98.69125097814239,54.20391105265604,8.610580926638283,7.949793218990579
insulin_signal_global_inhibition,Insulin signalling inhibition,inhibition,"u:0=none,1=max",ogtt,0.2,0.8,ok,0.0,0.0,4488.531589230637,29816.959367597075,19.071591140762166,0.3134683590411351,139.70237093769794,80.73023450944909,300.0,8.367243263588549,16919.302471853607,2560.475135716192,99.38986455865692,56.39767490617869,8.534917119053974,8.144041136081453
insulin_signal_global_inhibition,Insulin signalling inhibition,inhibition,"u:0=none,1=max",ogtt,0.25,0.75,ok,0.0,24.584748598990345,4661.163157642759,30056.00524358228,19.847082550006462,0.3231774762054236,142.02681062179735,80.84044641453504,300.0,8.256047043182804,17674.60528735876,2536.858557813507,100.18668414527427,58.915350957862536,8.456195192711691,8.428587567752325
insulin_signal_global_inhibition,Insulin signalling inhibition,inhibition,"u:0=none,1=max",ogtt,0.3,0.7,ok,0.0,82.38508579117479,4869.85658613567,30332.884449058212,20.753808151648578,0.33365160230840996,144.59959850510543,80.95048734755389,300.0,8.14499919454444,18556.729066657455,2512.4008430808417,101.10961483019405,61.85576355552485,8.37466947693614,8.832309473106866
insulin_signal_global_inhibition,Insulin signalling inhibition,inhibition,"u:0=none,1=max",ogtt,0.35,0.65,ok,0.0,169.19550646955528,5127.776018487714,30659.00072753333,21.827463024283528,0.3450587054722103,147.47132821480562,81.05715221422349,300.0,8.03730398493417,19608.642491301594,2487.169559562346,102.19666909177776,65.36214163767198,8.290565198541152,9.35469514064934
insulin_signal_global_inhibition,Insulin signalling inhibition,inhibition,"u:0=none,1=max",ogtt,0.4,0.6,ok,0.0,290.7568552860866,5454.495351798393,31050.018862601475,23.109599478939796,0.3575303454119075,150.7071313273301,81.15562413946638,300.0,7.937774936339892,20892.23468349506,2461.322176972496,103.50006287533824,69.64078227831686,8.204407256574987,10.02161623405009
insulin_signal_global_inhibition,Insulin signalling inhibition,inhibition,"u:0=none,1=max",ogtt,0.45,0.55,ok,0.0,459.04654233308867,5881.265766068141,31526.9102667431,24.650283746145185,0.37135554161511625,154.39246100085631,81.24050591935881,300.0,7.851803801924561,22497.768307080547,2435.029881603709,105.08970088914367,74.99256102360182,8.116766272012363,10.877408728890503
insulin_signal_global_inhibition,Insulin signalling inhibition,inhibition,"u:0=none,1=max",ogtt,0.5,0.5,ok,0.0,692.9277366070976,6456.130212732032,32117.447667914803,26.5018272986594,0.38690773553272884,158.6479481376748,81.30488980526735,300.0,7.7862971343123775,24556.343551802758,2408.492221264539,107.05815889304934,81.85447850600919,8.028307404215129,11.984755170329196
insulin_signal_global_inhibition,Insulin signalling inhibition,inhibition,"u:0=none,1=max",ogtt,0.55,0.44999999999999996,ok,0.0,1020.0391432103598,7207.7632760966235,32857.12265843718,28.71368591088303,0.40471599131980857,163.62896115357023,81.34261200750134,298.5,7.747412094300088,27255.610618084986,2381.6948943632715,109.52374219479061,90.85203539361662,7.938982981210905,13.421973528288312
insulin_signal_global_inhibition,Insulin signalling inhibition,inhibition,"u:0=none,1=max",ogtt,0.6,0.4,ok,0.0,1477.3870897313886,8155.6673917611415,33789.84772347404,31.327026726170413,0.42541946404119896,169.55028020641217,81.35071750799246,161.0,7.738096840292755,30865.716657021447,2354.2837812811836,112.63282574491348,102.88572219007149,7.847612604270612,14.734846235233377
insulin_signal_global_inhibition,Insulin signalling inhibition,inhibition,"u:0=none,1=max",ogtt,0.65,0.35,ok,0.0,2110.910492836718,9329.13784367305,34971.194451486444,34.370123571040764,0.44966743430260925,176.68379933679284,81.33361718806509,170.0,7.7539315352345,35789.90782055139,2325.410199777394,116.57064817162149,119.29969273517129,7.751367332591314,17.225333438026823
insulin_signal_global_inhibition,Insulin signalling inhibition,inhibition,"u:0=none,1=max",ogtt,0.7,0.30000000000000004,ok,0.0,2979.8206654101377,10777.507445747562,36475.883995359014,37.869616794902726,0.47821245316899574,185.35546717683962,81.34277748320244,180.0,7.743439357568718,42656.24654608158,2294.6144907296525,121.58627998453005,142.1874884869386,7.648714969098842,20.440991846769865
insulin_signal_global_inhibition,Insulin signalling inhibition,inhibition,"u:0=none,1=max",ogtt,0.75,0.25,ok,0.0,4164.836988251587,12581.95650727138,38407.030650177825,41.851026643628664,0.5118740682323998,195.92647456488288,81.54409589176413,192.0,7.540706013813235,52489.872769090354,2261.2735015029466,128.02343550059274,174.96624256363452,7.537578338343155,24.582903267052906
insulin_signal_global_inhibition,Insulin signalling inhibition,inhibition,"u:0=none,1=max",ogtt,0.8,0.19999999999999996,ok,0.0,5783.986576897281,14873.071233459388,40918.121204170224,46.31665070872408,0.5516232420377932,208.8347860869156,81.81937882315714,205.5,7.263900361207135,67081.1198320082,2222.823678620687,136.39373734723407,223.6037327733607,7.409412262068957,29.963906245812538
insulin_signal_global_inhibition,Insulin signalling inhibition,inhibition,"u:0=none,1=max",ogtt,0.85,0.15000000000000002,ok,0.0,8019.97483094013,17862.005853765964,44245.85625796493,51.19250551633313,0.598694328884428,224.6886749543994,82.14853015642909,221.5,6.933078760103726,89739.55118427271,2176.9178190230705,147.48618752654977,299.13183728090905,7.256392730076902,37.039995695562915
insulin_signal_global_inhibition,Insulin signalling inhibition,inhibition,"u:0=none,1=max",ogtt,0.9,0.09999999999999998,ok,0.0,11173.060344062127,21933.37981259344,48753.36158261521,56.28767076751682,0.6546331751893392,244.4012345848739,84.1456952845284,241.5,4.934030263264205,126931.31062768718,2127.922284581292,162.51120527538404,423.10436875895726,7.09307428193764,46.37803551523006
insulin_signal_global_inhibition,Insulin signalling inhibition,inhibition,"u:0=none,1=max",ogtt,0.95,0.050000000000000044,ok,0.0,15773.24335072992,27912.65730223757,54907.90199072831,61.74191509843544,0.720561574278032,269.3877023538519,89.07764759896749,267.5,0.0,192048.0103828876,2094.6304374476777,183.02633996909435,640.1600346096253,6.982101458158925,59.25090922293653
insulin_signal_global_inhibition,Insulin signalling inhibition,inhibition,"u:0=none,1=max",ogtt,1.0,0.0,ok,0.0,22853.32025349835,36454.8745382099,63450.1059549358,68.17209774233625,0.7991907551047203,301.9123390073901,89.07551475284266,300.0,0.0,316636.27062475774,2082.162212513396,211.50035318311936,1055.454235415859,6.940540708377986,79.25774873914003
glucagon_signal_inhibition,Glucagon signalling inhibition,inhibition,"u:0=none,1=max",ogtt,0.0,1.0,ok,0.0,0.0,4010.005110968009,29103.44468784958,16.822022144311447,0.28103025804589893,132.2276303392274,80.3196160309975,300.0,8.781628177881032,14687.598186778447,2645.8116622356074,97.01148229283193,48.95866062259482,8.819372207452025,7.488928456864608
glucagon_signal_inhibition,Glucagon signalling inhibition,inhibition,"u:0=none,1=max",ogtt,0.05,0.95,ok,0.0,0.0,4011.8315412946354,29102.13739084691,16.830531342699175,0.2812196947528798,132.24529124538236,80.3047318134334,300.0,8.796562955320212,14691.086175016279,2646.871918477761,97.00712463615636,48.97028725005426,8.82290639492587,7.493314663847352
glucagon_signal_inhibition,Glucagon signalling inhibition,inhibition,"u:0=none,1=max",ogtt,0.1,0.9,ok,0.0,0.0,4013.672299359377,29100.791874979586,16.839079133325033,0.2814093136920118,132.26290091107253,80.2894378134363,300.0,8.811908553334874,14694.546392822642,2647.9530683382263,97.00263958326529,48.98182130940881,8.826510227794088,7.497752288263997
glucagon_signal_inhibition,Glucagon signalling inhibition,inhibition,"u:0=none,1=max",ogtt,0.15,0.85,ok,0.0,0.0,4015.5548583388827,29099.4192730404,16.847776273498013,0.2815998108507872,132.28054380170494,80.27361435552031,300.0,8.827784647953052,14697.963916246139,2649.0619619464655,96.998064243468,48.9932130541538,8.830206539821551,7.502283745713415
glucagon_signal_inhibition,Glucagon signalling inhibition,inhibition,"u:0=none,1=max",ogtt,0.2,0.8,ok,0.0,0.0,4017.4807391465656,29098.042249590566,16.856611604175217,0.2817902860657779,132.29815859990498,80.25780055923595,300.0,8.84365217398279,14701.356012216322,2650.19411533122,96.99347416530189,49.004520040721076,8.8339803844374,7.506848770806515
glucagon_signal_inhibition,Glucagon signalling inhibition,inhibition,"u:0=none,1=max",ogtt,0.25,0.75,ok,0.0,0.0,4019.4492832454234,29096.658538831267,16.86546738391728,0.2819780675339774,132.3158535559753,80.24190198997775,300.0,8.859605607271618,14704.682875294076,2651.3492262974187,96.98886179610422,49.01560958431359,8.83783075432473,7.511416608743844
glucagon_signal_inhibition,Glucagon signalling inhibition,inhibition,"u:0=none,1=max",ogtt,0.3,0.7,ok,0.0,0.0,4021.3614459497503,29095.135932314042,16.87434744420659,0.28216927115123813,132.3334687667577,80.22510312528372,300.0,8.87646050650298,14708.031995693415,2652.5393481736273,96.9837864410468,49.02677331897805,8.841797827245424,7.516094419863734
glucagon_signal_inhibition,Glucagon signalling inhibition,inhibition,"u:0=none,1=max",ogtt,0.35,0.65,ok,0.0,0.0,4023.3904985638765,29093.67021289096,16.883506476360083,0.28235825437043527,132.35111067807426,80.20829652195096,300.0,8.89332436766712,14711.252037759039,2653.758959016027,96.97890070963653,49.03750679253013,8.84586319672009,7.520833750053336
glucagon_signal_inhibition,Glucagon signalling inhibition,inhibition,"u:0=none,1=max",ogtt,0.4,0.6,ok,0.0,0.0,4025.423007807644,29092.140094982544,16.89267671464474,0.2825485726490295,132.36871845043729,80.19146551444601,300.0,8.910213881086477,14714.490109074382,2655.0037495251936,96.97380031660848,49.048300363581276,8.850012498417312,7.525583840083783
glucagon_signal_inhibition,Glucagon signalling inhibition,inhibition,"u:0=none,1=max",ogtt,0.45,0.55,ok,0.0,0.0,4027.517191026317,29090.595752365072,16.902012606041215,0.2827383377185494,132.38637204786653,80.17370705261561,300.0,8.928032152022823,14717.666045791699,2656.2821764381515,96.96865250788358,49.05888681930566,8.854273921460505,7.530465904462659
glucagon_signal_inhibition,Glucagon signalling inhibition,inhibition,"u:0=none,1=max",ogtt,0.5,0.5,ok,0.0,0.0,4029.606290540438,29088.96764489697,16.91144744017802,0.2829284224206123,132.4043205284594,80.15584379173934,300.0,8.945956578667591,14720.780160785367,2657.595309615362,96.9632254829899,49.06926720261789,8.858651032051206,7.535384498121695
glucagon_signal_inhibition,Glucagon signalling inhibition,inhibition,"u:0=none,1=max",ogtt,0.55,0.44999999999999996,ok,0.0,0.0,4031.7882204561756,29087.334523756886,16.92104935734833,0.28311845956147597,132.4222582862151,80.13795399976085,300.0,8.963908961096593,14723.85727935091,2658.947432804427,96.9577817458563,49.079524264503036,8.86315810934809,7.540347419873218
glucagon_signal_inhibition,Glucagon signalling inhibition,inhibition,"u:0=none,1=max",ogtt,0.6,0.4,ok,0.0,0.0,4033.9779518060795,29085.65589073364,16.930741930539416,0.2833081837665607,132.44018726514958,80.11902895827114,300.0,8.98289798572776,14726.879223642527,2660.327530575134,96.95218630244547,49.08959741214176,8.867758435250447,7.5454353264082075
glucagon_signal_inhibition,Glucagon signalling inhibition,inhibition,"u:0=none,1=max",ogtt,0.65,0.35,ok,0.0,0.0,4036.2195935989575,29083.934379828795,16.940580418788574,0.2834987896750303,132.45813937773625,80.10005973569746,300.0,9.001932745200918,14729.864013917282,2661.753414886217,96.94644793276265,49.099546713057606,8.872511382954057,7.550567768221782
glucagon_signal_inhibition,Glucagon signalling inhibition,inhibition,"u:0=none,1=max",ogtt,0.7,0.30000000000000004,ok,0.0,0.0,4038.486065589956,29082.1378823399,16.95058105665198,0.28368943118849144,132.47604632996482,80.08077781922356,300.0,9.021281793030823,14732.780660590426,2663.2165838048104,96.94045960779967,49.10926886863476,8.8773886126827,7.55577220726376
glucagon_signal_inhibition,Glucagon signalling inhibition,inhibition,"u:0=none,1=max",ogtt,0.75,0.25,ok,0.0,0.0,4040.844243042211,29080.34008263082,16.96075278574956,0.2838790437857021,132.49397797032267,80.06064494820929,300.0,9.041483336942349,14735.625665427571,2664.723347352927,96.93446694210273,49.118752218091906,8.882411157843089,7.561100438836857
glucagon_signal_inhibition,Glucagon signalling inhibition,inhibition,"u:0=none,1=max",ogtt,0.8,0.19999999999999996,ok,0.0,0.0,4043.279141927749,29078.51781353187,16.97119097770506,0.28406976391943145,132.51191194768248,80.04048995127593,300.0,9.061708726258146,14738.43883261472,2666.276443459832,96.9283927117729,49.128129442049065,8.887588144866108,7.566502068024008
glucagon_signal_inhibition,Glucagon signalling inhibition,inhibition,"u:0=none,1=max",ogtt,0.85,0.15000000000000002,ok,0.0,0.0,4045.6719965842976,29076.551913319803,16.98154742413666,0.284260503450539,132.52983686080276,80.01944848952358,300.0,9.082822420557036,14741.178341006223,2667.871378763195,96.92183971106601,49.137261136687414,8.892904595877317,7.571972049493213
glucagon_signal_inhibition,Glucagon signalling inhibition,inhibition,"u:0=none,1=max",ogtt,0.9,0.09999999999999998,ok,0.0,0.0,4048.1892743698972,29074.59403865728,16.992234144305712,0.2844502357648386,132.54772530438848,79.99804322437286,300.0,9.10430159283905,14743.806920969426,2669.52532613768,96.91531346219094,49.146023069898085,8.898417753792268,7.577556935812384
glucagon_signal_inhibition,Glucagon signalling inhibition,inhibition,"u:0=none,1=max",ogtt,0.95,0.050000000000000044,ok,0.0,0.0,4050.7373020321693,29072.551260575696,17.003093971533122,0.28464074865077893,132.56565214036286,79.97611762180364,300.0,9.126303045150948,14746.387248162178,2671.225536284021,96.90850420191899,49.15462416054059,8.904085120946737,7.583240383522005
glucagon_signal_inhibition,Glucagon signalling inhibition,inhibition,"u:0=none,1=max",ogtt,1.0,0.0,ok,0.0,0.0,4053.3502510398407,29070.437336660143,17.014190329901165,0.2848321131325138,132.58353662036185,79.95341464216014,300.0,9.149083827351717,14748.874747239359,2672.9853900172006,96.90145778886715,49.1629158241312,8.909951300057335,7.589064157495009
insulin_secretion_inhibition,Beta-cell secretion impairment,inhibition,"u:0=none,1=max",ogtt,0.0,1.0,ok,0.0,0.0,4010.005110968009,29103.44468784958,16.822022144311447,0.28103025804589893,132.2276303392274,80.3196160309975,300.0,8.781628177881032,14687.598186778447,2645.8116622356074,97.01148229283193,48.95866062259482,8.819372207452025,7.488928456864608
insulin_secretion_inhibition,Beta-cell secretion impairment,inhibition,"u:0=none,1=max",ogtt,0.05,0.95,ok,0.0,0.0,4153.544291272269,29359.976231679604,17.384658934540877,0.2904948370046369,134.5685630608841,80.68659520659666,300.0,8.714789754811918,14482.080069917747,2634.718983949332,97.86658743893202,48.273600233059156,8.78239661316444,7.660343696597427
insulin_secretion_inhibition,Beta-cell secretion impairment,inhibition,"u:0=none,1=max",ogtt,0.1,0.9,ok,0.0,0.0,4312.284923944066,29634.313098921397,17.993900630529502,0.3007129046884431,137.09955232817484,81.07794126082005,300.0,8.648727931027793,14271.326183318643,2623.4338681503004,98.78104366307133,47.57108727772881,8.744779560501001,7.846491177767664
insulin_secretion_inhibition,Beta-cell secretion impairment,inhibition,"u:0=none,1=max",ogtt,0.15,0.85,ok,0.0,0.0,4488.015292887834,29928.401878525387,18.654050576788983,0.31173178045610467,139.83300960065245,81.4982238689369,300.0,8.582148914632853,14054.36469131439,2611.9806016869697,99.76133959508462,46.8478823043813,8.706602005623232,8.048504707268703
insulin_secretion_inhibition,Beta-cell secretion impairment,inhibition,"u:0=none,1=max",ogtt,0.2,0.8,ok,0.0,37.2782871132527,4682.645357275722,30244.930143290923,19.371669428963767,0.32366054295651225,142.78577459113401,81.95077520728731,300.0,8.515476039571212,13830.204753228958,2600.3385939605023,100.81643381096974,46.10068251076319,8.667795313201674,8.361696819376341
insulin_secretion_inhibition,Beta-cell secretion impairment,inhibition,"u:0=none,1=max",ogtt,0.25,0.75,ok,0.0,111.23992168791685,4897.087348748959,30586.648121663005,20.15218719966591,0.3365262504736584,145.9762018225149,82.44108745556102,297.0,8.44760358453425,13597.452723505918,2588.539883732507,101.95549373887668,45.32484241168639,8.628466279108357,8.77343256318716
insulin_secretion_inhibition,Beta-cell secretion impairment,inhibition,"u:0=none,1=max",ogtt,0.3,0.7,ok,0.0,211.00207187940168,5134.000140521845,30957.2749703512,21.003400885761046,0.3503971907087575,149.4224404802548,82.97572194287734,288.5,8.377105678801442,13354.643911777926,2576.6140188863637,103.19091656783733,44.515479705926424,8.58871339628788,9.248165095690087
insulin_secretion_inhibition,Beta-cell secretion impairment,inhibition,"u:0=none,1=max",ogtt,0.35,0.65,ok,0.0,335.62593103723884,5396.750950205613,31361.389461254883,21.935956665907348,0.36542682842301916,153.15501707022315,83.56190087839171,279.5,8.302768449156517,13100.238232212669,2564.5826687627855,104.5379648708496,43.667460774042226,8.548608895875951,9.807531684254595
insulin_secretion_inhibition,Beta-cell secretion impairment,inhibition,"u:0=none,1=max",ogtt,0.4,0.6,ok,0.0,486.2778337190565,5689.166183323327,31804.38479789332,22.95984423251131,0.38164994395583135,157.20457181738328,84.21026168802626,269.5,8.220962104195848,12832.053345861035,2552.53829291126,106.01461599297772,42.77351115287012,8.508460976370868,10.454634094222042
insulin_secretion_inhibition,Beta-cell secretion impairment,inhibition,"u:0=none,1=max",ogtt,0.45,0.55,ok,0.0,666.4698001270403,6016.757664411927,32293.573578960793,24.092088994060543,0.39929730000990854,161.61341814909403,84.93407453805396,259.0,8.126530120188448,12548.023897469111,2540.5851223887785,107.64524526320264,41.82674632489704,8.468617074629261,11.204995398767746
insulin_secretion_inhibition,Beta-cell secretion impairment,inhibition,"u:0=none,1=max",ogtt,0.5,0.5,ok,0.0,881.0310872218738,6386.204773025532,32837.9340737666,25.35084060018844,0.41852467364061013,166.44662516089588,85.75066110168476,247.0,8.01141214734399,12245.298831969052,2528.8986783669093,109.45978024588867,40.817662773230175,8.429662261223031,12.070870974181485
insulin_secretion_inhibition,Beta-cell secretion impairment,inhibition,"u:0=none,1=max",ogtt,0.55,0.44999999999999996,ok,0.0,1137.9579484292794,6808.147569050531,33450.27801435719,26.765349638239268,0.43969486293089277,171.78112738401805,86.68362466271594,232.0,7.862309222339405,11920.947268596052,2517.774124862742,111.50092671452396,39.73649089532017,8.39258041620914,13.073429731877628
insulin_secretion_inhibition,Beta-cell secretion impairment,inhibition,"u:0=none,1=max",ogtt,0.6,0.4,ok,0.0,1448.464728800727,7326.2100284139815,34147.668504059795,28.376210990054453,0.4633525930460403,177.75032315261362,87.76551778933786,158.0,7.657616584457315,11571.151001963937,2507.658251205585,113.82556168019931,38.57050333987979,8.358860837351951,14.017534007650056
insulin_secretion_inhibition,Beta-cell secretion impairment,inhibition,"u:0=none,1=max",ogtt,0.65,0.35,ok,0.0,1829.877251326653,7997.5742009542,34955.03229524571,30.24267447054154,0.49027492877953505,184.54138360021338,89.04309495605224,159.0,7.361238265642754,11191.58302675614,2499.309748008114,116.51677431748571,37.3052767558538,8.33103249336038,15.519134660186616
insulin_secretion_inhibition,Beta-cell secretion impairment,inhibition,"u:0=none,1=max",ogtt,0.7,0.30000000000000004,ok,0.0,2309.4550224827717,8910.221734018754,35910.22173401875,32.461589452263524,0.521844563375253,192.45334290769014,90.58570908020717,159.5,6.912365216878669,10776.562227573831,2493.9745043013295,119.70073911339583,35.92187409191277,8.313248347671099,17.355448801919703
insulin_secretion_inhibition,Beta-cell secretion impairment,inhibition,"u:0=none,1=max",ogtt,0.75,0.25,ok,0.0,2931.6750811738457,10073.550518660624,37073.550518660624,35.18535686824351,0.5601866682611444,201.96980546594347,92.50247331007414,160.0,6.205266011225078,10317.938112624934,2493.8092273338034,123.57850172886874,34.393127042083115,8.31269742444601,19.675765276539384
insulin_secretion_inhibition,Beta-cell secretion impairment,inhibition,"u:0=none,1=max",ogtt,0.8,0.19999999999999996,ok,0.0,3776.675205133506,11552.121712408536,38552.12171240854,38.685359191501576,0.6089955400797872,213.92429942201028,94.97763482616958,161.0,5.04961639539917,9802.938969121278,2502.6772717396852,128.50707237469513,32.67646323040426,8.342257572465618,22.746079273354297
insulin_secretion_inhibition,Beta-cell secretion impairment,inhibition,"u:0=none,1=max",ogtt,0.85,0.15000000000000002,ok,0.0,5003.233687121358,13556.996640508853,40556.99664050885,43.46892759337084,0.674621108749545,229.85139247098206,98.36261494150534,162.0,3.074106033319481,9205.89026859717,2528.11976848291,135.18998880169616,30.6863008953239,8.427065894943032,27.07630834819242
insulin_secretion_inhibition,Beta-cell secretion impairment,inhibition,"u:0=none,1=max",ogtt,0.9,0.09999999999999998,ok,0.0,6992.950950948067,16593.93179372233,43593.93179372233,50.62000609912486,0.7685610895950191,253.00776599787244,102.9008638236005,164.5,0.0,8461.239654359739,2587.294099114666,145.31310597907444,28.204132181199128,8.624313663715554,33.91568726923959
insulin_secretion_inhibition,Beta-cell secretion impairment,inhibition,"u:0=none,1=max",ogtt,0.95,0.050000000000000044,ok,0.0,11120.511843969582,22427.75922963529,49427.75922963528,63.23103112532978,0.9143590523349407,292.4706816756807,104.3735952789404,174.0,0.0,7327.700943473174,2732.742952145064,164.75919743211762,24.425669811577247,9.10914317381688,48.00795083111787
insulin_secretion_inhibition,Beta-cell secretion impairment,inhibition,"u:0=none,1=max",ogtt,1.0,0.0,ok,0.0,69871.91794451486,84593.41471450345,111593.41471450345,93.57445312521914,1.0888793263180176,465.71564642091363,105.79997510078063,300.0,0.0,7.356717954155537,4552.250867974317,371.9780490483448,0.024522393180518458,15.17416955991439,203.68197499521193
glucagon_secretion_inhibition,Glucagon secretion suppression,inhibition,"u:0=none,1=max",ogtt,0.0,1.0,ok,0.0,0.0,4010.005110968009,29103.44468784958,16.822022144311447,0.28103025804589893,132.2276303392274,80.3196160309975,300.0,8.781628177881032,14687.598186778447,2645.8116622356074,97.01148229283193,48.95866062259482,8.819372207452025,7.488928456864608
glucagon_secretion_inhibition,Glucagon secretion suppression,inhibition,"u:0=none,1=max",ogtt,0.05,0.95,ok,0.0,0.0,4019.023673022169,29092.769036101177,16.846616710187938,0.28214409956955944,132.18119745903152,80.24067687142278,300.0,8.492672871597051,14664.470480955355,2521.8758950225583,96.97589678700392,48.881568269851186,8.406252983408528,7.47050805454352
glucagon_secretion_inhibition,Glucagon secretion suppression,inhibition,"u:0=none,1=max",ogtt,0.1,0.9,ok,0.0,0.0,4028.7017878565875,29081.42937439119,16.872243760558433,0.28332578539054876,132.13091232737864,80.15702914263915,300.0,8.181561228785966,14640.063121184672,2397.6228901914055,96.93809791463731,48.80021040394891,7.992076300638018,7.450398746082896
glucagon_secretion_inhibition,Glucagon secretion suppression,inhibition,"u:0=none,1=max",ogtt,0.15,0.85,ok,0.0,0.0,4039.076372857465,29069.466214808504,16.899302112017075,0.28455810540121224,132.07611533225014,80.0695662294515,300.0,7.855521579489704,14614.585579926388,2272.9995556100307,96.89822071602835,48.7152852664213,7.576665185366769,7.429354611755014
glucagon_secretion_inhibition,Glucagon secretion suppression,inhibition,"u:0=none,1=max",ogtt,0.2,0.8,ok,0.0,0.0,4050.098464485317,29056.644638513677,16.92756050100391,0.285846567723127,132.01943870773877,79.97693581818952,300.0,7.51441102211956,14588.01628297367,2147.9645565542924,96.85548212837892,48.626720943245566,7.159881855180974,7.407325507292424
glucagon_secretion_inhibition,Glucagon secretion suppression,inhibition,"u:0=none,1=max",ogtt,0.25,0.75,ok,0.0,0.0,4061.947488800758,29043.01536459822,16.957460544698087,0.28719231207661783,131.95805947187068,79.87913370690131,298.5,7.1565958317623455,14560.130164552118,2022.475903074876,96.8100512153274,48.533767215173725,6.74158634358292,7.378012545255047
glucagon_secretion_inhibition,Glucagon secretion suppression,inhibition,"u:0=none,1=max",ogtt,0.3,0.7,ok,0.0,0.0,4074.45727688284,29028.372357981923,16.98844647943568,0.2885779423519105,131.89125897061467,79.77583151745148,289.5,6.7805991022507754,14530.716674178833,1896.4855098648688,96.76124119327308,48.43572224726278,6.32161836621623,7.3160590565132395
glucagon_secretion_inhibition,Glucagon secretion suppression,inhibition,"u:0=none,1=max",ogtt,0.35,0.65,ok,0.0,0.0,4087.948125009276,29012.77590242534,17.02161083199086,0.2900448926141642,131.81944894324354,79.66606601779594,279.5,6.385396115141333,14499.793231599826,1769.9354384000794,96.70925300808446,48.332644105332754,5.899784794666932,7.24888476672397
glucagon_secretion_inhibition,Glucagon secretion suppression,inhibition,"u:0=none,1=max",ogtt,0.4,0.6,ok,0.0,0.0,4102.598761908348,28996.092433213442,17.057161701329488,0.2915964544209949,131.74312509469578,79.54898771830742,268.0,5.969635325137247,14467.220992071585,1642.7612845976787,96.65364144404481,48.22406997357195,5.475870948658929,7.174336058370618
glucagon_secretion_inhibition,Glucagon secretion suppression,inhibition,"u:0=none,1=max",ogtt,0.45,0.55,ok,0.0,0.0,4118.118688566044,28977.973599868357,17.094712622331773,0.2932119650690357,131.66063351655177,79.42403315893472,255.5,5.53144696071908,14432.671552929542,1514.8938479043945,96.59324533289453,48.108905176431804,5.049646159681315,7.094129317602123
glucagon_secretion_inhibition,Glucagon secretion suppression,inhibition,"u:0=none,1=max",ogtt,0.5,0.5,ok,0.0,0.0,4134.737231698695,28958.26643205915,17.134603915139866,0.29489484633185764,131.57200404225046,79.29012918341584,241.0,5.069213492191778,14395.87032960354,1386.2544442493343,96.5275547735305,47.9862344320118,4.620848147497781,7.004034290286948
glucagon_secretion_inhibition,Glucagon secretion suppression,inhibition,"u:0=none,1=max",ogtt,0.55,0.44999999999999996,ok,0.0,0.0,4153.054902152645,28937.0096042671,17.178092880586835,0.2966871094692685,131.4762918032185,79.14600008456244,174.5,4.581209401791696,14356.701764924492,1256.72500106398,96.45669868089033,47.855672549748306,4.189083336879933,6.69602715173351
glucagon_secretion_inhibition,Glucagon secretion suppression,inhibition,"u:0=none,1=max",ogtt,0.6,0.4,ok,0.0,0.0,4172.795573309233,28913.68280828245,17.22544310532694,0.29859993503238613,131.37409884298756,78.98945715296549,178.0,4.066292936678252,14314.906181137982,1126.1849933451085,96.37894269427484,47.716353937126605,3.753949977817028,6.67843707915361
glucagon_secretion_inhibition,Glucagon secretion suppression,inhibition,"u:0=none,1=max",ogtt,0.65,0.35,ok,0.0,0.0,4194.405208942232,28888.094361914096,17.27733305306119,0.3006154301353523,131.26531559244927,78.81918786371685,181.0,3.522038381823819,14269.843693718929,994.4850511525023,96.293647873047,47.56614564572976,3.314950170508341,6.657368166077295
glucagon_secretion_inhibition,Glucagon secretion suppression,inhibition,"u:0=none,1=max",ogtt,0.7,0.30000000000000004,ok,0.0,0.0,4218.127536229078,28859.767746449088,17.334783392071405,0.3027662208626553,131.14762860727038,78.63187453422022,184.5,2.9475720137103423,14221.227310596463,861.4305730044645,96.19922582149697,47.40409103532154,2.871435243348215,6.637284674509369
glucagon_secretion_inhibition,Glucagon secretion suppression,inhibition,"u:0=none,1=max",ogtt,0.75,0.25,ok,0.0,0.0,4244.422703766875,28828.130820940725,17.39938868680836,0.3050769154924502,131.02319996306872,78.42421452486035,188.0,2.3414600496068374,14168.302755540359,726.7773744709777,96.09376940313575,47.227675851801195,2.4225912482365923,6.616455295726635
glucagon_secretion_inhibition,Glucagon secretion suppression,inhibition,"u:0=none,1=max",ogtt,0.8,0.19999999999999996,ok,0.0,0.0,4273.9832414332795,28792.54811141814,17.473005079985114,0.3075737050158783,130.89013962010264,78.19125210936087,191.5,1.7032760862840064,14110.383334338425,590.2075171223959,95.9751603713938,47.03461111446142,1.9673583904079863,6.595404603701617
glucagon_secretion_inhibition,Glucagon secretion suppression,inhibition,"u:0=none,1=max",ogtt,0.85,0.15000000000000002,ok,0.0,0.0,4307.568772112844,28752.065274513276,17.5586850817892,0.31029605966643786,130.74996855442234,77.92506476559623,195.0,1.0347830979033432,14046.27437718614,451.2900579882057,95.84021758171092,46.82091459062047,1.504300193294019,6.575227227696418
glucagon_secretion_inhibition,Glucagon secretion suppression,inhibition,"u:0=none,1=max",ogtt,0.9,0.09999999999999998,ok,0.0,0.0,4346.271450251667,28705.128071120103,17.660254193519535,0.31329057973955327,130.6024710373102,77.35868334286161,199.0,0.5958437460479473,13974.428348899532,309.42770296727144,95.683760237067,46.5814278296651,1.0314256765575716,6.5851320504426685
glucagon_secretion_inhibition,Glucagon secretion suppression,inhibition,"u:0=none,1=max",ogtt,0.95,0.050000000000000044,ok,0.0,0.0,4392.226045620639,28649.861673218307,17.78522111925188,0.31666501037436556,130.4468177381625,76.09644725038667,203.0,0.7738492980946319,13892.508433266648,163.72633999240875,95.4995389107277,46.308361444222164,0.5457544666413625,6.664077752213091
glucagon_secretion_inhibition,Glucagon secretion suppression,inhibition,"u:0=none,1=max",ogtt,1.0,0.0,ok,0.0,0.0,4448.434126715389,28582.543527862057,17.94510220703416,0.32050483244087974,130.2865900707802,74.69584723209742,207.0,1.001596210910705,13796.354527238931,12.768208263182398,95.27514509287353,45.98784842412977,0.04256069421060799,6.758555723806449
insulin_signal_peripheral,Insulin signalling (peripheral uptake),potentiation,"u:0=none,1=max",ogtt,0.0,1.0,ok,0.0,0.0,4010.005110968009,29103.44468784958,16.822022144311447,0.28103025804589893,132.2276303392274,80.3196160309975,300.0,8.781628177881032,14687.598186778447,2645.8116622356074,97.01148229283193,48.95866062259482,8.819372207452025,7.488928456864608
insulin_signal_peripheral,Insulin signalling (peripheral uptake),potentiation,"u:0=none,1=max",ogtt,0.05,1.1,ok,0.0,0.0,3820.7388968606547,28929.87559877935,16.05993461642138,0.2717119467867473,130.00956200056328,80.52373553406726,300.0,8.579643804246459,14285.270285546276,2646.759686182245,96.43291866259783,47.617567618487584,8.82253228727415,7.240130868705528
insulin_signal_peripheral,Insulin signalling (peripheral uptake),potentiation,"u:0=none,1=max",ogtt,0.1,1.2,ok,0.0,0.0,3655.0216605988444,28776.57430300639,15.388202360594066,0.2633140090811813,128.0158046436775,80.70448329961776,300.0,8.401015354259783,13935.430513631178,2647.8320532482767,95.92191434335463,46.45143504543726,8.826106844160922,7.020044244295314
insulin_signal_peripheral,Insulin signalling (peripheral uptake),potentiation,"u:0=none,1=max",ogtt,0.15,1.3,ok,0.0,0.0,3508.004747002151,28639.340980215882,14.788898386806476,0.25571830993917527,126.21190465599253,80.86675413859875,300.0,8.240849609312406,13626.921644203336,2648.973313914651,95.46446993405294,45.42307214734445,8.82991104638217,6.823202622887244
insulin_signal_peripheral,Insulin signalling (peripheral uptake),potentiation,"u:0=none,1=max",ogtt,0.2,1.4,ok,0.0,0.0,3376.325035666348,28515.279670365402,14.248936873240202,0.24882296488554156,124.57765751044923,81.01348783745031,300.0,8.096206826294107,13351.586965329798,2650.161839933173,95.05093223455134,44.505289884432656,8.833872799777243,6.645616708972242
insulin_signal_peripheral,Insulin signalling (peripheral uptake),potentiation,"u:0=none,1=max",ogtt,0.25,1.5,ok,0.0,0.0,3257.3752329676395,28402.11135290839,13.758335358850864,0.24254676746693665,123.10032234035536,81.14688842693315,300.0,7.964883434502255,13103.551024862507,2651.3646797947667,94.67370450969463,43.67850341620836,8.837882265982556,6.484233931533611
insulin_signal_peripheral,Insulin signalling (peripheral uptake),potentiation,"u:0=none,1=max",ogtt,0.3,1.6,ok,0.0,0.0,3149.155691286689,28298.073194865596,13.309187780145518,0.23681652246620422,121.77165678366597,81.26874616201185,300.0,7.8450896401694905,12878.214281597231,2652.5838689893135,94.32691064955199,42.927380938657436,8.841946229964378,6.336596816727332
insulin_signal_peripheral,Insulin signalling (peripheral uptake),potentiation,"u:0=none,1=max",ogtt,0.35,1.7,ok,0.0,0.0,3050.230067463906,28201.94010537659,12.89565276409773,0.2315707532546875,120.58229697125658,81.38056048926471,300.0,7.735326361258018,12672.084500216786,2653.8031253765657,94.00646701792196,42.24028166738929,8.846010417921885,6.200842211253002
insulin_signal_peripheral,Insulin signalling (peripheral uptake),potentiation,"u:0=none,1=max",ogtt,0.4,1.8,ok,0.0,0.0,2959.2514125778607,28112.519556881725,12.512747423382612,0.22676089529216842,119.51522484009149,81.48355989694555,300.0,7.634365249627024,12482.431177958895,2655.0234234189293,93.70839852293908,41.60810392652965,8.850078078063097,6.075401839948559
insulin_signal_peripheral,Insulin signalling (peripheral uptake),potentiation,"u:0=none,1=max",ogtt,0.45,1.9,ok,0.0,0.0,2875.3510619288522,28029.052143427765,12.15667153910732,0.2223393962211009,118.55605873930678,81.57877670552014,300.0,7.541174349765612,12306.980107816165,2656.238733357799,93.43017381142589,41.02326702605389,8.854129111192663,5.959027690675666
insulin_signal_peripheral,Insulin signalling (peripheral uptake),potentiation,"u:0=none,1=max",ogtt,0.5,2.0,ok,0.0,0.0,2797.580865945946,27950.709190148315,11.82396192867263,0.2182692609675835,117.68597936397917,81.66709203906403,300.0,7.454872686856433,12143.926323285084,2657.438888474544,93.16903063382772,40.47975441095028,8.85812962824848,5.850614273296355
insulin_signal_peripheral,Insulin signalling (peripheral uptake),potentiation,"u:0=none,1=max",ogtt,0.55,2.1,ok,0.0,0.0,2725.3822018369547,27877.007748977572,11.51215743300983,0.21451507016806082,116.89227007940244,81.74876591753406,300.0,7.375200438617199,11991.8045683796,2658.6370611560283,92.92335916325857,39.97268189459867,8.862123537186761,5.749375716630617
insulin_signal_peripheral,Insulin signalling (peripheral uptake),potentiation,"u:0=none,1=max",ogtt,0.6,2.2,ok,0.0,0.0,2658.1710413419787,27807.44634662877,11.218956528058683,0.21104693665940022,116.16555082257041,81.82498667343214,300.0,7.300969438510052,11849.324774691744,2659.818563729047,92.69148782209591,39.49774924897248,8.866061879096824,5.65449568442848
insulin_signal_peripheral,Insulin signalling (peripheral uptake),potentiation,"u:0=none,1=max",ogtt,0.65,2.3,ok,0.0,0.0,2595.40097017245,27741.524618422776,10.942331665702033,0.20784042940289119,115.49548080686533,81.8957614161181,300.0,7.232172825632816,11715.498744089564,2660.994056572482,92.47174872807592,39.051662480298546,8.86998018857494,5.565366910126248
insulin_signal_peripheral,Insulin signalling (peripheral uptake),potentiation,"u:0=none,1=max",ogtt,0.7,2.4,ok,0.0,0.0,2536.7090825951136,27678.94950702625,10.680791924498786,0.20487163232941275,114.87381207967539,81.96155838104625,300.0,7.168342425853069,11589.37303321207,2662.150704625051,92.26316502342083,38.63124344404024,8.873835682083502,5.4814722662304955
insulin_signal_peripheral,Insulin signalling (peripheral uptake),potentiation,"u:0=none,1=max",ogtt,0.75,2.5,ok,0.0,0.0,2481.694768967459,27619.36150625234,10.432765134186326,0.20212055278452276,114.29519495534517,82.02270088307746,300.0,7.109155623805677,11470.211052237986,2663.3033775661597,92.06453835417446,38.23403684079329,8.877677925220532,5.402305014754761
insulin_signal_peripheral,Insulin signalling (peripheral uptake),potentiation,"u:0=none,1=max",ogtt,0.8,2.6,ok,0.0,0.0,2430.1285848834646,27562.541133620944,10.197217140467407,0.19956840916611035,113.75421895601475,82.08002917045617,300.0,7.0537707307946675,11357.362571830132,2664.438344901435,91.87513711206981,37.857875239433774,8.88146114967145,5.327446012234354
insulin_signal_peripheral,Insulin signalling (peripheral uptake),potentiation,"u:0=none,1=max",ogtt,0.85,2.7,ok,0.0,0.0,2381.692838612593,27508.23337810809,9.973010336896465,0.19719905821849282,113.24529139651577,82.13329797271864,300.0,7.002434691505059,11250.255437560365,2665.565291376192,91.6941112603603,37.50085145853455,8.88521763792064,5.256569840651298
insulin_signal_peripheral,Insulin signalling (peripheral uptake),potentiation,"u:0=none,1=max",ogtt,0.9,2.8,ok,0.0,0.0,2336.195961422837,27456.24564248389,9.759264052532458,0.19499866244290837,112.76729839493346,82.18256809768135,300.0,6.9550862217966625,11148.379582885425,2666.6777752828716,91.52081880827963,37.16126527628475,8.888925917609573,5.189393829433707
insulin_signal_peripheral,Insulin signalling (peripheral uptake),potentiation,"u:0=none,1=max",ogtt,0.95,2.9,ok,0.0,0.0,2293.392807561089,27406.382153512866,9.554998027519847,0.19295189659620024,112.32035186502364,82.22930715952621,300.0,6.910257121582134,11051.294863513765,2667.783918994949,91.35460717837623,36.837649545045885,8.892613063316498,5.125463917762667
insulin_signal_peripheral,Insulin signalling (peripheral uptake),potentiation,"u:0=none,1=max",ogtt,1.0,3.0,ok,0.0,0.0,2253.1431220650265,27358.462222777584,9.359685905914905,0.1910509049474007,111.89230956590927,82.2722406775018,300.0,6.869223404185874,10958.594382766149,2668.879296293779,91.19487407592528,36.52864794255383,8.896264320979263,5.064743878316645
insulin_signal_hepatic,Insulin signalling (hepatic: HGP + HGU),potentiation,"u:0=none,1=max",ogtt,0.0,1.0,ok,0.0,0.0,4010.005110968009,29103.44468784958,16.822022144311447,0.28103025804589893,132.2276303392274,80.3196160309975,300.0,8.781628177881032,14687.598186778447,2645.8116622356074,97.01148229283193,48.95866062259482,8.819372207452025,7.488928456864608
insulin_signal_hepatic,Insulin signalling (hepatic: HGP + HGU),potentiation,"u:0=none,1=max",ogtt,0.05,1.1,ok,0.0,0.0,4029.522333520642,29043.829566690394,16.75074004483314,0.27751169700704315,131.53295801925563,79.87626759598922,300.0,9.224675848030074,14400.957575163007,2670.5096668115357,96.81276522230131,48.003191917210025,8.901698889371785,7.5007816389676645
insulin_signal_hepatic,Insulin signalling (hepatic: HGP + HGU),potentiation,"u:0=none,1=max",ogtt,0.1,1.2,ok,0.0,0.0,4035.7772854604445,29011.111669871345,16.650459922950958,0.2741891285848745,130.90064535059076,79.60224641410338,300.0,9.498427664369089,14183.16696200351,2685.187714044885,96.70370556623782,47.277223206678364,8.95062571348295,7.48937072058085
insulin_signal_hepatic,Insulin signalling (hepatic: HGP + HGU),potentiation,"u:0=none,1=max",ogtt,0.15,1.3,ok,0.0,0.0,4036.06080493681,28985.74275305391,16.54209524219418,0.27097861249822236,130.29798484009567,79.42797498965211,300.0,9.672456497455912,13979.310264668162,2696.798291907464,96.6191425101797,46.59770088222721,8.989327639691545,7.466440396344299
insulin_signal_hepatic,Insulin signalling (hepatic: HGP + HGU),potentiation,"u:0=none,1=max",ogtt,0.2,1.4,ok,0.0,0.0,4032.9078346476385,28964.688047215495,16.43219107229367,0.26790118745594194,129.7209458257519,79.31145211001804,300.0,9.788759821247979,13787.097845387278,2706.470747450264,96.54896015738498,45.95699281795759,9.021569158167546,7.437907009544391
insulin_signal_hepatic,Insulin signalling (hepatic: HGP + HGU),potentiation,"u:0=none,1=max",ogtt,0.25,1.5,ok,0.0,0.0,4027.547851533792,28946.482126274062,16.323330701432813,0.26495696852673656,129.1699533850181,79.23332067109254,300.0,9.86669170769028,13604.95291773531,2714.7981553866075,96.48827375424688,45.3498430591177,9.049327184622024,7.406349491506573
insulin_signal_hepatic,Insulin signalling (hepatic: HGP + HGU),potentiation,"u:0=none,1=max",ogtt,0.3,1.6,ok,0.0,0.0,4020.5145957994437,28930.19937148699,16.216380355053136,0.2621420767072923,128.6415983491735,79.18188962317025,300.0,9.917940681659601,13431.717441608533,2722.102732196432,96.43399790495663,44.772391472028445,9.073675773988107,7.373135633796428
insulin_signal_hepatic,Insulin signalling (hepatic: HGP + HGU),potentiation,"u:0=none,1=max",ogtt,0.35,1.7,ok,0.0,0.0,4012.2866786871564,28915.35595407259,16.11194786382411,0.259449715816333,128.13529743944062,79.15000989990867,300.0,9.949653688903595,13266.458905518637,2728.615601438537,96.38451984690863,44.22152968506212,9.095385338128457,7.3391031929903825
insulin_signal_hepatic,Insulin signalling (hepatic: HGP + HGU),potentiation,"u:0=none,1=max",ogtt,0.4,1.8,ok,0.0,0.0,4003.0069456443716,28901.49357819183,16.00999642302344,0.2568727895418711,127.65010337919949,79.13359660854563,300.0,9.965913833511578,13108.55323325888,2734.491529904901,96.3383119273061,43.69517744419626,9.11497176634967,7.3046217480942905
insulin_signal_hepatic,Insulin signalling (hepatic: HGP + HGU),potentiation,"u:0=none,1=max",ogtt,0.45,1.9,ok,0.0,0.0,3992.8006206446025,28888.314670245985,15.91032387664764,0.2544051507608624,127.18387396956008,79.12785502814585,300.0,9.971514280918498,12957.248179881793,2739.82125350079,96.29438223415329,43.19082726627264,9.132737511669301,7.270094044159307
insulin_signal_hepatic,Insulin signalling (hepatic: HGP + HGU),potentiation,"u:0=none,1=max",ogtt,0.5,2.0,ok,0.0,0.0,3981.8817615615117,28875.676428167448,15.812990477502238,0.25203758587768715,126.73556552753334,79.13172339287131,300.0,9.967515494935995,12812.069448395307,2744.7291098514215,96.25225476055816,42.70689816131769,9.149097032838071,7.235603470683265
insulin_signal_hepatic,Insulin signalling (hepatic: HGP + HGU),potentiation,"u:0=none,1=max",ogtt,0.55,2.1,ok,0.0,0.0,3970.2744728308094,28863.37464023656,15.717711172055173,0.24976398623172047,126.3053739490859,79.14307415454323,300.0,9.95604385894616,12672.484156173756,2749.2690051706168,96.21124880078854,42.24161385391252,9.16423001723539,7.201265938151085
insulin_signal_hepatic,Insulin signalling (hepatic: HGP + HGU),potentiation,"u:0=none,1=max",ogtt,0.6,2.2,ok,0.0,0.0,3958.1477083773575,28851.38371990513,15.624518911243863,0.24757584107607455,125.89102202886379,79.15986693073603,300.0,9.939138772810693,12538.041430239835,2753.5048236225034,96.17127906635044,41.79347143413278,9.178349412075011,7.167258722139228
insulin_signal_hepatic,Insulin signalling (hepatic: HGP + HGU),potentiation,"u:0=none,1=max",ogtt,0.65,2.3,ok,0.0,0.0,3945.4157238003972,28839.53441298344,15.532941057189731,0.2454694239596741,125.4917718634014,79.18188329958497,300.0,9.917017718294815,12408.468255394346,2757.4378841487983,96.13178137661147,41.361560851314486,9.191459613829327,7.133469960399165
insulin_signal_hepatic,Insulin signalling (hepatic: HGP + HGU),potentiation,"u:0=none,1=max",ogtt,0.7,2.4,ok,0.0,0.0,3932.234111291249,28827.81995911707,15.443039177577614,0.24343748997826295,125.10667637245183,79.20202848790112,300.0,9.896774771299405,12283.365123083058,2761.1508652579664,96.0927331970569,40.94455041027686,9.203836217526554,7.100594728927067
insulin_signal_hepatic,Insulin signalling (hepatic: HGP + HGU),potentiation,"u:0=none,1=max",ogtt,0.75,2.5,ok,0.0,0.0,3918.620447518604,28816.162967431563,15.3546353807939,0.2414744524836682,124.73540994144298,79.22464951673741,300.0,9.874062145254285,12162.48472847859,2764.665967205725,96.05387655810522,40.5416157615953,9.215553224019082,7.068130949760337
insulin_signal_hepatic,Insulin signalling (hepatic: HGP + HGU),potentiation,"u:0=none,1=max",ogtt,0.8,2.6,ok,0.0,0.0,3904.6335274286093,28804.572742189554,15.26763698659792,0.23957597301308586,124.37699132958284,79.25067187787816,300.0,9.847953761851414,12045.524170319466,2767.9898438042446,96.01524247396517,40.15174723439822,9.226632812680815,7.035944889790141
insulin_signal_hepatic,Insulin signalling (hepatic: HGP + HGU),potentiation,"u:0=none,1=max",ogtt,0.85,2.7,ok,0.0,0.0,3890.2684878924715,28792.983771091775,15.181828979258817,0.2377372913081892,124.03088446957887,79.27916765133592,300.0,9.819382152822214,11932.253937707708,2771.1570077837127,95.97661257030592,39.77417979235903,9.23719002594571,7.004056571210287
insulin_signal_hepatic,Insulin signalling (hepatic: HGP + HGU),potentiation,"u:0=none,1=max",ogtt,0.9,2.8,ok,0.0,0.0,3875.577666373902,28781.396813042054,15.097234237121771,0.2359546773472951,123.69614817314492,79.30985579653101,300.0,9.78861287420996,11822.46861067783,2774.182930304217,95.93798937680685,39.408228702259436,9.24727643434739,6.972482948598844
insulin_signal_hepatic,Insulin signalling (hepatic: HGP + HGU),potentiation,"u:0=none,1=max",ogtt,0.95,2.9,ok,0.0,0.0,3860.6345501295837,28769.825001779238,15.013772275903777,0.2342244013676337,123.37256427595393,79.34271891350936,300.0,9.755674632667777,11715.937475203727,2777.0895860873625,95.89941667259745,39.053124917345755,9.256965286957875,6.941191405721057
insulin_signal_hepatic,Insulin signalling (hepatic: HGP + HGU),potentiation,"u:0=none,1=max",ogtt,1.0,3.0,ok,0.0,0.0,3845.363434180231,28758.193447026693,14.931230527691957,0.23254351580488594,123.0590821383608,79.3774857427591,300.0,9.720835655232392,11612.592040612626,2779.87339847323,95.8606448234223,38.70864013537542,9.266244661577433,6.910143693679313
insulin_signal_global,Insulin signalling (global),potentiation,"u:0=none,1=max",ivitt,0.0,1.0,ok,595.922459053628,0.0,2545.2953659824707,13647.418132919942,12.91819207951616,0.3764717649854403,91.59517122601228,48.816673139397054,122.5,40.284571373977855,5312.454819668295,2826.4191786404735,76.03018458451221,29.59584857753925,15.74606784757924,68.8790639783398
insulin_signal_global,Insulin signalling (global),potentiation,"u:0=none,1=max",ivitt,0.05,1.1,ok,675.1302835649008,0.0,2660.598746900736,13583.325857369164,13.548060885852257,0.3974603551420821,91.76408537810784,46.78880443009879,122.49999999999999,42.314240263452135,5314.551503088434,2897.82032221351,75.4629214298287,29.525286128269084,16.099001790075057,77.24428667475435
insulin_signal_global,Insulin signalling (global),potentiation,"u:0=none,1=max",ivitt,0.1,1.2,ok,742.4282287314551,0.0,2752.7757410008894,13448.810727794578,14.06773905368899,0.4172509598973082,91.86582432264656,45.05921374287795,121.99999999999999,44.0455887522163,5305.964481144136,2944.03528380891,74.92373664509516,29.55969070275285,16.401310773308694,84.35422830386344
insulin_signal_global,Insulin signalling (global),potentiation,"u:0=none,1=max",ivitt,0.15,1.3,ok,804.357857900839,0.0,2836.181750255243,13369.69057159483,14.551681082196096,0.4353732685426829,91.98542344280318,43.48000251737137,122.0,45.626521141177,5303.642736148902,2990.8603138170392,74.48295583061187,29.54675619024458,16.6621744502342,90.89878577460287
insulin_signal_global,Insulin signalling (global),potentiation,"u:0=none,1=max",ivitt,0.2,1.4,ok,861.6538167625441,0.0,2911.371090553422,13298.546531541644,14.997487729578676,0.45250357545216835,92.09580256275812,42.0287406529025,122.0,47.07947404693786,5301.704751965239,3033.170659138681,74.08661020357462,29.53595962097626,16.897886680438333,96.95367417176156
insulin_signal_global,Insulin signalling (global),potentiation,"u:0=none,1=max",ivitt,0.25,1.5,ok,914.5747883699204,0.0,2980.6389139949524,13280.398400771412,15.418940098694792,0.4680916560087764,92.22885023822258,40.675855873922735,121.5,48.43402387341515,5305.971756473961,3077.174880685035,73.77999111539673,29.477620869299784,17.09541600380575,102.54689626647576
insulin_signal_global,Insulin signalling (global),potentiation,"u:0=none,1=max",ivitt,0.3,1.6,ok,963.4664581593399,0.0,3041.522316058875,13176.08986158821,15.792066386795593,0.48415384991535576,92.29403480808845,39.42638578377642,121.0,49.685136974691666,5298.2941683516565,3106.002551846803,73.40440034310981,29.516959155162432,17.303635386333163,107.71662543313471
insulin_signal_global,Insulin signalling (global),potentiation,"u:0=none,1=max",ivitt,0.35,1.7,ok,1008.8351910649338,0.0,3098.0246952577554,13123.212360491685,16.147411773473806,0.49882890406298147,92.38240718927723,38.26993299794234,121.0,50.84321379579428,5296.945182596486,3137.270487232031,73.10981816429909,29.50944391418655,17.477830012434712,112.5168611163832
insulin_signal_global,Insulin signalling (global),potentiation,"u:0=none,1=max",ivitt,0.4,1.8,ok,1050.8352602011814,0.0,3149.724915643927,13074.953621814599,16.47814640672537,0.512808689518941,92.46527497685814,37.197813537253204,120.5,51.916940909770695,5295.830566292012,3165.6039660869383,72.84096725244902,29.503234352601737,17.635676691292137,116.96077686796231
insulin_signal_global,Insulin signalling (global),potentiation,"u:0=none,1=max",ivitt,0.45,1.9,ok,1089.8431325717913,0.0,3198.4252169372753,13077.15979874639,16.796444623137845,0.525427563722869,92.57480541707325,36.190140861534026,120.5,52.92620695791613,5301.037736062946,3196.9655412857896,72.65088777081328,29.450209644794146,17.760919673809944,121.09257208281298
insulin_signal_global,Insulin signalling (global),potentiation,"u:0=none,1=max",ivitt,0.5,2.0,ok,1125.969003874349,0.0,3241.693433940217,13037.238703964302,17.084694066278203,0.5381762738218535,92.64760301014184,35.25083245589299,119.99999999999999,53.86709631845555,5300.449066854351,3219.7367309567085,72.4291039109128,29.446939260301956,17.88742628309283,124.9202360204251
insulin_signal_global,Insulin signalling (global),potentiation,"u:0=none,1=max",ivitt,0.55,2.1,ok,1159.1355981258625,0.0,3280.9465193683322,13001.161931087257,17.353473326162394,0.5504060050886127,92.71575816668599,34.37561207482172,120.0,54.74388670051053,5300.226044945853,3239.673154001318,72.2286773949292,29.445700249699183,17.99818418889621,128.4407010687249
insulin_signal_global,Insulin signalling (global),potentiation,"u:0=none,1=max",ivitt,0.6,2.2,ok,1189.839794109102,0.0,3315.3879578133624,12922.068845250458,17.595811589777213,0.5629211902180344,92.74724050271284,33.55880581596318,119.5,55.56225302881913,5294.145126445982,3251.5080978893225,71.98924147771844,29.4938447155765,18.114251241723245,131.70151500109338
insulin_signal_global,Insulin signalling (global),potentiation,"u:0=none,1=max",ivitt,0.65,2.3,ok,1218.3972176057205,0.0,3349.5740720242793,12938.662008236428,17.841141018312968,0.5734170951137687,92.83965134014896,32.79559513106311,119.49999999999999,56.32701523047051,5300.738152619327,3272.6164701802,71.8814556013135,29.448545292329598,18.181202612112223,134.73707680593776
insulin_signal_global,Insulin signalling (global),potentiation,"u:0=none,1=max",ivitt,0.7,2.4,ok,1244.8038485629036,0.0,3379.626185153261,12911.520278200614,18.06273836336911,0.584264444902162,92.89598815517391,32.08153373373711,119.0,57.04261517579399,5301.322709018343,3286.1374886675612,71.73066821222564,29.451792827879682,18.256319381486453,137.54601548139783
insulin_signal_global,Insulin signalling (global),potentiation,"u:0=none,1=max",ivitt,0.75,2.5,ok,1269.2733585076783,0.0,3405.7662419158746,12840.254742314595,18.261913443270164,0.5955413783895033,92.91657467715342,31.40810006375441,118.5,57.717570047430975,5295.877394014366,3292.3114030390016,71.53345260342392,29.503495231277803,18.341567704952656,140.15327335894324
insulin_signal_global,Insulin signalling (global),potentiation,"u:0=none,1=max",ivitt,0.8,2.6,ok,1292.083080972306,0.0,3432.6328020250457,12864.098423335789,18.467677049144626,0.6047805120253243,92.99882878958158,30.77117969259136,118.5,58.35599841174283,5303.110912167194,3308.2628841643755,71.4672134629766,29.461727289817745,18.37923824535764,142.58651097920614
insulin_signal_global,Insulin signalling (global),potentiation,"u:0=none,1=max",ivitt,0.85,2.7,ok,1313.4468119199475,0.0,3456.000554201474,12843.329676892634,18.652800205901,0.6145001089155616,93.0457680907788,30.172727024158295,118.0,58.95594651379339,5304.226376791064,3317.213961854991,71.35183153829242,29.467924315505908,18.42896645474995,144.86596292590642
insulin_signal_global,Insulin signalling (global),potentiation,"u:0=none,1=max",ivitt,0.9,2.8,ok,1333.334610634176,0.0,3476.068147126466,12777.752405333616,18.81883168638554,0.6247369583819401,93.05855204386286,29.60978248932317,118.0,59.52037507508025,5299.201732777483,3319.3194729409247,71.18525016898951,29.52201522438709,18.492030489921586,146.99363227583063
insulin_signal_global,Insulin signalling (global),potentiation,"u:0=none,1=max",ivitt,0.95,2.9,ok,1351.8784630536907,0.0,3496.0245900985883,12760.265135608675,18.984613565643894,0.6338186319528156,93.10045373339278,29.079598753066886,117.5,60.052032037084174,5300.596695485174,3325.9824584079984,71.08782805353023,29.529786604374227,18.529150186116983,148.97687927666297
insulin_signal_global,Insulin signalling (global),potentiation,"u:0=none,1=max",ivitt,1.0,3.0,ok,1369.205025876901,0.0,3514.4584655520484,12744.171092826435,19.141623676833092,0.6426107202644257,93.14000360851504,28.57998456743239,117.5,60.55310974413054,5302.078912841616,3331.6781851978526,70.99816764805813,29.5380440826831,18.560881254584135,150.8340709723183
glucagon_signal_hepatic,Glucagon signalling (hepatic HGP),potentiation,"u:0=none,1=max",ivitt,0.0,1.0,ok,595.922459053628,0.0,2545.2953659824707,13647.418132919942,12.91819207951616,0.3764717649854403,91.59517122601228,48.816673139397054,122.5,40.284571373977855,5312.454819668295,2826.4191786404735,76.03018458451221,29.59584857753925,15.74606784757924,68.8790639783398
glucagon_signal_hepatic,Glucagon signalling (hepatic HGP),potentiation,"u:0=none,1=max",ivitt,0.05,1.1,ok,585.5038290587895,0.0,2521.2748058839857,13670.49089420086,12.860162345312148,0.37675784657022904,91.55171563854994,48.91485346343427,122.0,40.18629285667254,5319.886299064814,2804.8069166399127,76.15872364457304,29.637249576962752,15.62566527375996,67.81192714136438
glucagon_signal_hepatic,Glucagon signalling (hepatic HGP),potentiation,"u:0=none,1=max",ivitt,0.1,1.2,ok,575.92918431534,0.0,2499.547424754107,13737.827309695589,12.813347303996379,0.37651604489091367,91.5354436024747,48.998614582094945,121.5,40.1024372375836,5332.989981847907,2790.7997546673246,76.32126283164216,29.62772212137726,15.504443081485137,66.83133967398858
glucagon_signal_hepatic,Glucagon signalling (hepatic HGP),potentiation,"u:0=none,1=max",ivitt,0.15,1.3,ok,567.0656493347478,0.0,2477.67091216515,13712.327503324876,12.755681061049849,0.37731596355616714,91.4728350021417,49.0842095305392,120.99999999999999,40.01675125003983,5333.621489366178,2766.6255643755567,76.39179667590462,29.71376874298707,15.412955790393076,65.92310250465421
glucagon_signal_hepatic,Glucagon signalling (hepatic HGP),potentiation,"u:0=none,1=max",ivitt,0.2,1.4,ok,558.8208234288184,0.0,2458.4710970809597,13777.202852555101,12.715249650561327,0.3770672136180118,91.46107863991608,49.171492421452115,120.5,39.929380565904836,5345.971111586733,2755.4544499249796,76.54001584752834,29.699839508815185,15.308080277360999,65.0767139117745
glucagon_signal_hepatic,Glucagon signalling (hepatic HGP),potentiation,"u:0=none,1=max",ivitt,0.25,1.5,ok,551.1168828096097,0.0,2439.5959296763804,13795.35061728796,12.67079236732169,0.3773318838782013,91.42749467218218,49.24592312617966,120.0,39.85486511873785,5352.010346626772,2739.5862065374185,76.64083676271089,29.73339081459318,15.219923369652324,64.28673083167558
glucagon_signal_hepatic,Glucagon signalling (hepatic HGP),potentiation,"u:0=none,1=max",ivitt,0.3,1.6,ok,543.9083976517084,0.0,2421.6866752101387,13812.561476390545,12.628869174983878,0.37760197373645954,91.39602687890714,49.31963732880731,119.49999999999999,39.78106905317761,5357.714226508306,2724.739673858763,76.73645264661415,29.76507903615726,15.137442632548687,63.547020447415996
glucagon_signal_hepatic,Glucagon signalling (hepatic HGP),potentiation,"u:0=none,1=max",ivitt,0.35,1.7,ok,537.147765773744,0.0,2404.6818504875077,13828.95998398194,12.589504647887166,0.37787870390048256,91.36650111804886,49.39516793217633,119.0,39.70545929839313,5363.033953754746,2710.7886783032645,76.82755546656634,29.794633076415256,15.059937101684802,62.852580078480486
glucagon_signal_hepatic,Glucagon signalling (hepatic HGP),potentiation,"u:0=none,1=max",ivitt,0.4,1.8,ok,530.7622144012823,0.0,2388.410763017583,13844.612171789522,12.55196591394191,0.37814396839269265,91.3387387423787,49.47218065527191,118.5,39.62836999986172,5368.233943404888,2697.657998282462,76.91451206549735,29.823521907804935,14.986988879347011,62.195910698722976
glucagon_signal_hepatic,Glucagon signalling (hepatic HGP),potentiation,"u:0=none,1=max",ivitt,0.45,1.9,ok,524.7186895576257,0.0,2372.8865587812606,13859.603975974112,12.516268229946588,0.37839942266074844,91.312606917985,49.53551675180412,118.0,39.56495976256674,5373.267905764359,2685.25959259312,76.99779986652285,29.85148836535755,14.918108847739555,61.575233055688805
glucagon_signal_hepatic,Glucagon signalling (hepatic HGP),potentiation,"u:0=none,1=max",ivitt,0.5,2.0,ok,519.003288988034,0.0,2358.0233820025705,13873.952586788182,12.482368867169447,0.37866465333724514,91.28797066143287,49.600446559718804,117.5,39.49995809824192,5377.946444651454,2673.518254507916,77.07751437104545,29.877480248063634,14.852879191710645,60.98769711049457
glucagon_signal_hepatic,Glucagon signalling (hepatic HGP),potentiation,"u:0=none,1=max",ivitt,0.55,2.1,ok,513.557274524091,0.0,2343.7311400507865,13887.764841992665,12.449933458129069,0.37891682216678874,91.26471128557672,49.666948980478544,116.99999999999999,39.43338603438007,5382.577259229434,2662.3761085029682,77.15424912218148,29.903206995719085,14.790978380572048,60.42725678097065
glucagon_signal_hepatic,Glucagon signalling (hepatic HGP),potentiation,"u:0=none,1=max",ivitt,0.6,2.2,ok,508.3747642496538,0.0,2329.380687707081,13855.428977390933,12.414322309297566,0.37969905040803825,91.22377643095815,49.735023802110994,117.0,39.36524363948664,5380.989228042584,2645.9038548188564,77.18901937265144,29.9776558665325,14.74041144745881,59.89640348222989
glucagon_signal_hepatic,Glucagon signalling (hepatic HGP),potentiation,"u:0=none,1=max",ivitt,0.65,2.3,ok,503.43185503828585,0.0,2316.205149613193,13868.205678261591,12.384851737307994,0.3799596002458233,91.2035033523068,49.79810420763965,116.5,39.30209760360458,5385.122635352536,2635.809652507781,77.26019876468852,30.000683205306608,14.684176337090701,59.3873907178717
glucagon_signal_hepatic,Glucagon signalling (hepatic HGP),potentiation,"u:0=none,1=max",ivitt,0.7,2.4,ok,498.71775227259127,0.0,2304.065798029314,13926.16320427747,12.360871529751988,0.37968140411763707,91.20220050803074,49.855124884837025,116.0,39.245013274027855,5395.163234494161,2632.049665210845,77.36757335709706,29.973129080523115,14.62249814006025,58.90109841314959
glucagon_signal_hepatic,Glucagon signalling (hepatic HGP),potentiation,"u:0=none,1=max",ivitt,0.75,2.5,ok,494.19375901452605,0.0,2291.185417385261,13892.480469549522,12.329220458202483,0.38045672248590195,91.16545345038627,49.91360300922997,115.5,39.18647330990241,5393.137657575809,2616.961750188888,77.39543437074943,30.045335139698096,14.579174095759821,58.43593615341903
glucagon_signal_hepatic,Glucagon signalling (hepatic HGP),potentiation,"u:0=none,1=max",ivitt,0.8,2.6,ok,489.8453086932583,0.0,2279.3337232753697,13904.04225706419,12.303116779244416,0.38069952885597147,91.14864925087355,49.973545695719665,115.49999999999999,39.12647043016155,5396.923861449695,2608.1414957259376,77.45984544325455,30.066428197491344,14.530036187888234,57.98953783129703
glucagon_signal_hepatic,Glucagon signalling (hepatic HGP),potentiation,"u:0=none,1=max",ivitt,0.85,2.7,ok,485.6802840535124,0.0,2267.84511357409,13915.182284522276,12.277546938573455,0.38093944548054,91.13211104370606,50.03489396513191,115.0,39.06506386272516,5400.577620443237,2599.6894497058547,77.52190687756142,30.086783400797977,14.48294958053401,57.559380256396636
glucagon_signal_hepatic,Glucagon signalling (hepatic HGP),potentiation,"u:0=none,1=max",ivitt,0.9,2.8,ok,481.6713721724019,0.0,2256.7393241932346,13926.035572383305,12.253199684614515,0.3811796582774583,91.11610930090544,50.09520576556343,114.5,39.004695185052206,5404.125790847357,2591.5688233509804,77.58237087678722,30.106550366837645,14.437709322289585,57.145244587472796
glucagon_signal_hepatic,Glucagon signalling (hepatic HGP),potentiation,"u:0=none,1=max",ivitt,0.95,2.9,ok,477.7961169702524,0.0,2245.964480091705,13936.53233705711,12.229426989796188,0.3814131620635666,91.10148022559852,50.14657692693452,114.5,38.95326886256509,5407.5430180068,2583.7652387668913,77.64084867441287,30.125587844049022,14.394235313464575,56.747568908513585
glucagon_signal_hepatic,Glucagon signalling (hepatic HGP),potentiation,"u:0=none,1=max",ivitt,1.0,3.0,ok,474.0826274353831,0.0,2236.0661320101726,13992.308048969353,12.209947302222115,0.3811173092488323,91.10285493183926,50.199235835181774,114.0,38.90055642433587,5416.817979618343,2582.13833319251,77.7350447164964,30.093433220101907,14.34521296218061,56.36282951003745
insulin_secretion,Beta-cell insulin secretion capacity,potentiation,"u:0=none,1=max",ivitt,0.0,1.0,ok,595.922459053628,0.0,2545.2953659824707,13647.418132919942,12.91819207951616,0.3764717649854403,91.59517122601228,48.816673139397054,122.5,40.284571373977855,5312.454819668295,2826.4191786404735,76.03018458451221,29.59584857753925,15.74606784757924,68.8790639783398
insulin_secretion,Beta-cell insulin secretion capacity,potentiation,"u:0=none,1=max",ivitt,0.05,1.1,ok,660.0516443434465,0.0,2746.2473715435135,13410.709922670016,12.784637365508363,0.37293933599914963,90.34905043496153,47.79460897290574,123.49999999999999,39.93871898341565,5345.71378272718,2909.3946682604483,74.71147589231208,29.781135279817164,16.208326842676595,75.21416737540419
insulin_secretion,Beta-cell insulin secretion capacity,potentiation,"u:0=none,1=max",ivitt,0.1,1.2,ok,723.1293822257967,0.0,2958.293170629114,13196.706829370887,12.666816079481592,0.3696732644898075,89.21344089605788,46.85622465986587,124.0,39.61148209217792,5375.207331639198,2990.2634281772644,73.51925810234478,29.945444744508066,16.65884918204604,81.44889409990915
insulin_secretion,Beta-cell insulin secretion capacity,potentiation,"u:0=none,1=max",ivitt,0.15,1.3,ok,784.8986263258065,0.0,3154.0171752629753,13045.982824737022,12.56903788629505,0.3662190865736191,88.20239158903502,45.99378591336759,124.49999999999999,39.318170411053316,5408.10030037919,3074.6649178514126,72.47768235965013,30.045001668773285,17.081471765841183,87.56043146876688
insulin_secretion,Beta-cell insulin secretion capacity,potentiation,"u:0=none,1=max",ivitt,0.2,1.4,ok,845.3446626132046,0.0,3331.631225603639,12823.368774396362,12.459810728413489,0.3641204679261678,87.1965293036114,45.19894989227075,125.0,39.06271314928246,5426.4381725569765,3144.1480524983017,71.43938035875411,30.230853329008227,17.516145139266303,93.54595443843687
insulin_secretion,Beta-cell insulin secretion capacity,potentiation,"u:0=none,1=max",ivitt,0.25,1.5,ok,904.4754050557187,0.0,3497.9926656822768,12702.007334317721,12.377708234750786,0.36136468809399347,86.32929948689154,44.46523141689524,125.5,38.84550493886329,5455.494958722666,3223.235292899517,70.56670741287623,30.308305326237033,17.90686273833065,99.40795329063457
insulin_secretion,Beta-cell insulin secretion capacity,potentiation,"u:0=none,1=max",ivitt,0.3,1.6,ok,962.4676388420745,0.0,3650.8196515844716,12549.180348415528,12.290791804915726,0.3594357220081497,85.47995204196394,43.78361765301021,126.0,38.66843207593574,5477.103781083775,3293.432875228747,69.71766860230849,30.428354339354307,18.29684930682637,105.16219776054156
insulin_secretion,Beta-cell insulin secretion capacity,potentiation,"u:0=none,1=max",ivitt,0.35,1.7,ok,1019.2075282720002,0.0,3790.369094220474,12364.630905779524,12.197372463737974,0.3583154206424186,84.6358041730706,43.14736033877129,126.99999999999999,38.530582428215794,5491.459809952568,3354.5301014327288,68.88373763665474,30.59309086324551,18.688189980126626,110.7988018082133
insulin_secretion,Beta-cell insulin secretion capacity,potentiation,"u:0=none,1=max",ivitt,0.4,1.8,ok,1074.760248506706,0.0,3925.875079289902,12274.1249207101,12.130694262018254,0.35650755639885745,83.92139062345177,42.55119586578185,127.5,38.42940945648307,5517.635625568367,3425.955557562873,68.18958289283388,30.653531253157592,19.03308643090485,116.32223882904172
insulin_secretion,Beta-cell insulin secretion capacity,potentiation,"u:0=none,1=max",ivitt,0.45,1.9,ok,1129.2792501761444,0.0,4046.9310254682478,12108.06897453175,12.044791135614677,0.3559293908382699,83.15682687415767,41.990928941619686,128.49999999999997,38.36140436262967,5530.520002239549,3481.790469625027,67.4544232564443,30.810696391306685,19.39716139066868,121.7477797014517
insulin_secretion,Beta-cell insulin secretion capacity,potentiation,"u:0=none,1=max",ivitt,0.5,2.0,ok,1182.6082270318766,0.0,4163.539855537782,11991.460144462217,11.97375306385536,0.35509932260261373,82.4716421461511,41.463409906246405,129.5,38.322320567674076,5549.120519920396,3541.7407101886856,66.80479189115441,30.914320445238975,19.731146017764264,127.059933051176
insulin_secretion,Beta-cell insulin secretion capacity,potentiation,"u:0=none,1=max",ivitt,0.55,2.1,ok,1234.9616242600584,0.0,4273.355479245707,11881.644520754295,11.90567323146774,0.35447066515614617,81.81858125793262,40.96626489276977,130.5,38.307560479878134,5567.136493387936,3599.3334551548724,66.19300568665345,31.01468798544811,20.0519969646511,132.27850327110872
insulin_secretion,Beta-cell insulin secretion capacity,potentiation,"u:0=none,1=max",ivitt,0.6,2.2,ok,1286.1510957217376,0.0,4381.356247816123,11818.643752183876,11.851787951192604,0.35351285833427526,81.24392320930976,40.497149628913114,132.0,38.312993580158754,5591.275684325513,3661.573350594601,65.65913195657708,31.062642690697295,20.342074169970005,137.38703095159397
insulin_secretion,Beta-cell insulin secretion capacity,potentiation,"u:0=none,1=max",ivitt,0.65,2.3,ok,1336.233537982787,0.0,4474.845690191845,11680.154309808157,11.77617070126937,0.3536442303673753,80.59895988446546,40.054809662173184,133.0,38.33393064973879,5602.144508151452,3707.7515710025045,65.07049754767775,31.209718708364637,20.65599761004181,142.38320925010305
insulin_secretion,Beta-cell insulin secretion capacity,potentiation,"u:0=none,1=max",ivitt,0.7,2.4,ok,1385.316753336989,0.0,4567.500745327639,11587.499254672359,11.714253371722204,0.3533985193957479,80.02791100800572,39.63793972571556,134.5,38.36628498954962,5618.945263885724,3758.7124801300297,64.55431339650339,31.30331623334665,20.939902396267573,147.2846216186819
insulin_secretion,Beta-cell insulin secretion capacity,potentiation,"u:0=none,1=max",ivitt,0.75,2.5,ok,1433.2369235843444,0.0,4655.298566420322,11499.701433579678,11.65368712480416,0.353215890895885,79.48087646229669,39.24512450729819,135.5,38.40660145102918,5635.481512678023,3807.617990080428,64.06518904501213,31.39544018205027,21.212356490698763,152.06903055667402
insulin_secretion,Beta-cell insulin secretion capacity,potentiation,"u:0=none,1=max",ivitt,0.8,2.6,ok,1480.0801069810161,0.0,4744.118634977807,11455.881365022193,11.606332945479759,0.3525949949218973,79.00776902489098,38.875253571105844,137.0,38.45164347399931,5658.279460581079,3861.836580696459,63.64378536123441,31.434885892117105,21.454647670535884,156.74986271153398
insulin_secretion,Beta-cell insulin secretion capacity,potentiation,"u:0=none,1=max",ivitt,0.85,2.7,ok,1525.9886274114594,0.0,4817.768994760016,11337.231005239984,11.53579669686965,0.35295840810668094,78.45145384375324,38.52720443497322,138.5,38.498671637678605,5667.520805991407,3899.6143907448836,63.16006131052916,31.573932066804495,21.724871257631662,161.3355308294304
insulin_secretion,Beta-cell insulin secretion capacity,potentiation,"u:0=none,1=max",ivitt,0.9,2.8,ok,1570.8197769580256,0.0,4893.067559838934,11261.932440161067,11.478094605962111,0.35284817681312214,77.96672678610454,38.19992373797132,140.0,38.54531968055477,5683.015974399188,3942.875935992474,62.740570697276134,31.660256124786564,21.965882651768656,165.8147539718405
insulin_secretion,Beta-cell insulin secretion capacity,potentiation,"u:0=none,1=max",ivitt,0.95,2.9,ok,1614.6209054619458,0.0,4964.768286290859,11190.231713709141,11.421069918098967,0.3527188759301512,77.50008757163894,37.89236659872645,141.0,38.589625057187085,5698.250371890181,3984.4372924089316,62.34112375325427,31.74512742000101,22.197422241832488,170.18874882743071
insulin_secretion,Beta-cell insulin secretion capacity,potentiation,"u:0=none,1=max",ivitt,1.0,3.0,ok,1657.5092462468253,0.0,5039.636824277491,11160.363175722507,11.376788253187797,0.35210786416962264,77.1041976103286,37.6031219987018,142.49999999999997,38.630351742944676,5719.759399671402,4032.021920877754,62.00201764290282,31.776441109285575,22.400121782654193,174.47446585236568
glucagon_secretion,Alpha-cell glucagon secretion capacity,potentiation,"u:0=none,1=max",ivitt,0.0,1.0,ok,595.922459053628,0.0,2545.2953659824707,13647.418132919942,12.91819207951616,0.3764717649854403,91.59517122601228,48.816673139397054,122.5,40.284571373977855,5312.454819668295,2826.4191786404735,76.03018458451221,29.59584857753925,15.74606784757924,68.8790639783398
glucagon_secretion,Alpha-cell glucagon secretion capacity,potentiation,"u:0=none,1=max",ivitt,0.05,1.1,ok,576.9168312874045,0.0,2494.639108744317,13714.166558067096,12.930680832753303,0.37639417580741535,91.90715906513417,49.140340153236096,121.5,40.219339175534145,5356.061363017768,3049.086889534869,76.40204210622338,29.8387819666728,16.98655648765944,66.97085880503091
glucagon_secretion,Alpha-cell glucagon secretion capacity,potentiation,"u:0=none,1=max",ivitt,0.1,1.2,ok,560.6922270567436,0.0,2452.3869645218615,13773.098717275967,12.944010075144513,0.37632399484548984,92.1857406158795,49.42914629962042,121.0,40.16691425815244,5395.525635745035,3269.92188069641,76.73035497089676,30.05863863924811,18.216834989952144,65.34435029551634
glucagon_secretion,Alpha-cell glucagon secretion capacity,potentiation,"u:0=none,1=max",ivitt,0.15,1.3,ok,546.6336599493582,0.0,2416.817181236424,13825.375088418092,12.957388531477255,0.37626578241115055,92.43565565769241,49.684220455636215,120.49999999999999,40.1302172886682,5431.473721935137,3489.39358053819,77.0215882363125,30.258906528886563,19.43951855453031,63.936070529480766
glucagon_secretion,Alpha-cell glucagon secretion capacity,potentiation,"u:0=none,1=max",ivitt,0.2,1.4,ok,534.3927427118709,0.0,2386.7302481602014,13872.107335976718,12.971742634909742,0.3762356852034888,92.66177733392466,49.91106175210347,120.0,40.106692420281384,5464.0753036761225,3707.7695501381213,77.2819350193689,30.440530939699848,20.65609777235722,62.71122190973073
glucagon_secretion,Alpha-cell glucagon secretion capacity,potentiation,"u:0=none,1=max",ivitt,0.25,1.5,ok,523.6493460010918,0.0,2361.7377853925523,13913.95411164366,12.98591419682242,0.3762189155646935,92.86648468305158,50.11772908378094,119.49999999999999,40.09058773530166,5494.067561127242,3925.4237535387792,77.51506468882263,30.607618724942856,21.86865600857259,61.636869336061665
glucagon_secretion,Alpha-cell glucagon secretion capacity,potentiation,"u:0=none,1=max",ivitt,0.3,1.6,ok,514.1594471655164,0.0,2342.0170626589097,13998.135827275699,13.006968079321945,0.3756887775499798,93.07268505806657,50.306524700295384,119.0,40.08144132780575,5528.378788852735,4151.261347952555,77.76742126264277,30.713215493626304,23.062563044180862,60.68824357783896
glucagon_secretion,Alpha-cell glucagon secretion capacity,potentiation,"u:0=none,1=max",ivitt,0.35,1.7,ok,505.7920221223907,0.0,2324.0567643788904,14032.182499284474,13.02140792730053,0.3757139997581164,93.24320867946953,50.47678837787195,118.99999999999999,40.081401922579396,5553.726467611146,4368.5198380512,77.95656944046931,30.85403593117304,24.269554655840004,59.85540351818185
glucagon_secretion,Alpha-cell glucagon secretion capacity,potentiation,"u:0=none,1=max",ivitt,0.4,1.8,ok,498.41672696355585,0.0,2307.0113994860512,14016.29824825476,13.029095189180202,0.3762700090372878,93.38200306572863,50.633124370081596,118.5,40.08708313589728,5570.3269756505415,4576.000225166551,78.08522700977582,31.032462259891595,25.49303746610892,59.12067616415759
glucagon_secretion,Alpha-cell glucagon secretion capacity,potentiation,"u:0=none,1=max",ivitt,0.45,1.9,ok,491.82936320542404,0.0,2293.735386846883,14044.128633614988,13.043274386775767,0.37631643451409774,93.52732672960907,50.776262401053955,118.5,40.09876087766226,5592.082415000681,4792.637580972676,78.24027093935926,31.15366247911243,26.699930813218252,58.46702599960961
glucagon_secretion,Alpha-cell glucagon secretion capacity,potentiation,"u:0=none,1=max",ivitt,0.5,2.0,ok,485.9515682455191,0.0,2284.1813878626735,14116.228155957797,13.064188549213815,0.37587049458183064,93.67839775897248,50.90726427816105,118.5,40.1162094287218,5619.141168858418,5019.926859988644,78.4234897553211,31.21745093810232,27.888482555492466,57.88464178329924
glucagon_secretion,Alpha-cell glucagon secretion capacity,potentiation,"u:0=none,1=max",ivitt,0.55,2.1,ok,480.67416812580217,0.0,2272.6162207808447,14092.304751919293,13.071223598458067,0.37646733489021666,93.7856901641078,51.02908723435459,118.5,40.137171206026395,5630.883087420977,5226.344302827336,78.50866157058103,31.36982221404444,29.11612424973446,57.363305168068294
glucagon_secretion,Alpha-cell glucagon secretion capacity,potentiation,"u:0=none,1=max",ivitt,0.6,2.2,ok,475.96279987438254,0.0,2266.2940613714836,14160.099443871262,13.09152270822167,0.3760547893607883,93.91738222940937,51.13858142579673,118.49999999999999,40.16538525108244,5655.265923207258,5455.033315219559,78.66721913261814,31.418144017818108,30.305740640108667,56.898615567768296
glucagon_secretion,Alpha-cell glucagon secretion capacity,potentiation,"u:0=none,1=max",ivitt,0.65,2.3,ok,471.71036361829397,0.0,2257.2498602417213,14132.13340580929,13.098634368225643,0.37669206658905513,94.00891252664735,51.24050652249726,118.5,40.19658805283196,5664.329384890796,5661.123971192263,78.73054822177878,31.556152562065716,31.538295104135166,56.48097476694246
glucagon_secretion,Alpha-cell glucagon secretion capacity,potentiation,"u:0=none,1=max",ivitt,0.7,2.4,ok,467.87880309984814,0.0,2253.2085676462593,14196.447458009257,13.117824556164708,0.3762867500549865,94.12397027772941,51.33696823404905,118.5,40.22909393979117,5686.691773872784,5891.546587361,78.86915254449588,31.592732077071023,32.730814374227776,56.104443924497716
glucagon_secretion,Alpha-cell glucagon secretion capacity,potentiation,"u:0=none,1=max",ivitt,0.75,2.5,ok,464.44202517450003,0.0,2248.076254790897,14212.204808887698,13.13065020107635,0.37644007342697505,94.2168012269165,51.42193808468269,118.5,40.26928630434407,5700.714232253066,6110.426260747532,78.95669338270943,31.670634623628146,33.94681255970851,55.76877903783307
glucagon_secretion,Alpha-cell glucagon secretion capacity,potentiation,"u:0=none,1=max",ivitt,0.8,2.6,ok,461.35944579033776,0.0,2241.579650347086,14179.374289639494,13.1364885322711,0.37711459803266656,94.28877239702803,51.5025981672828,118.5,40.31028626749783,5706.576149166614,6316.529310396552,78.9937286330891,31.7915105803154,35.18957833090001,55.46892790282059
glucagon_secretion,Alpha-cell glucagon secretion capacity,potentiation,"u:0=none,1=max",ivitt,0.85,2.7,ok,458.590687383251,0.0,2237.8507365672585,14192.420535214198,13.148346047818267,0.37727319224242534,94.36991447263607,51.57723521268707,118.49999999999999,40.35406349268918,5718.932407260065,6535.9720768755615,79.06640966693148,31.860347672758028,36.412100706827644,55.200199548050726
glucagon_secretion,Alpha-cell glucagon secretion capacity,potentiation,"u:0=none,1=max",ivitt,0.9,2.8,ok,456.11488523910714,0.0,2236.9904541025435,14251.493680528207,13.166320065139285,0.37693467090373134,94.45970751474911,51.64658653300019,119.0,40.4000977683429,5737.743475602684,6770.210036531412,79.17496489182336,31.876352642237133,37.61227798073006,54.962639294286966
glucagon_secretion,Alpha-cell glucagon secretion capacity,potentiation,"u:0=none,1=max",ivitt,0.95,2.9,ok,453.8632587180719,0.0,2234.5108125047996,14262.293589944233,13.177234065789529,0.3771143689008104,94.53022021103101,51.71041480633237,119.0,40.44881282141289,5748.503398343011,6991.2267345711225,79.23496438857907,31.936129990794505,38.84014852539512,54.74596430395217
glucagon_secretion,Alpha-cell glucagon secretion capacity,potentiation,"u:0=none,1=max",ivitt,1.0,3.0,ok,451.83109933735324,0.0,2230.2000611101507,14224.806581591534,13.181480725578911,0.37783455051864423,94.58236931463566,51.767364291479105,119.5,40.50172198781106,5751.104691883364,7197.656917272236,79.24683332362972,32.039580456174725,40.09836722714338,54.55420782998102
insulin_signal_global_inhibition,Insulin signalling inhibition,inhibition,"u:0=none,1=max",ivitt,0.0,1.0,ok,595.922459053628,0.0,2545.2953659824707,13647.418132919942,12.91819207951616,0.3764717649854403,91.59517122601228,48.816673139397054,122.5,40.284571373977855,5312.454819668295,2826.4191786404735,76.03018458451221,29.59584857753925,15.74606784757924,68.8790639783398
insulin_signal_global_inhibition,Insulin signalling inhibition,inhibition,"u:0=none,1=max",ivitt,0.05,0.95,ok,545.623227703942,0.0,2468.6715647486953,13721.944352465463,12.52498300154834,0.3636378024928105,91.51710330077006,50.10546162588331,122.5,38.994863283529,5315.869386306311,2780.5293049636252,76.4453724371335,29.61487123290424,15.49041395522911,63.57050815074802
insulin_signal_global_inhibition,Insulin signalling inhibition,inhibition,"u:0=none,1=max",ivitt,0.1,0.9,ok,494.8346226452019,0.0,2389.9725966926035,13844.828644081705,12.12706561452126,0.35003666970759695,91.45968931205734,51.42763324819464,122.0,37.671758841514944,5325.215008144531,2740.2156040071095,76.9157146893428,29.58452782302517,15.223420022261719,58.20336180488467
insulin_signal_global_inhibition,Insulin signalling inhibition,inhibition,"u:0=none,1=max",ivitt,0.15,0.85,ok,443.75880325627855,0.0,2307.0217773896047,13878.948179863939,11.701391624490878,0.33706695330365555,91.34956266565483,52.78644366660715,122.0,36.31200010993563,5322.659766716389,2688.1642589697467,77.32004557027264,29.652700650230578,14.975845453870456,52.801466818331505
insulin_signal_global_inhibition,Insulin signalling inhibition,inhibition,"u:0=none,1=max",ivitt,0.2,0.8,ok,392.6781430767619,0.0,2221.997831124957,13961.435467791995,11.269658476904338,0.3232863639086755,91.25831306405227,54.185479197072546,121.5,34.91199884481066,5325.948515113391,2642.0473655953556,77.77958477878549,29.67102236831973,14.718926827829279,47.38823752895867
insulin_signal_global_inhibition,Insulin signalling inhibition,inhibition,"u:0=none,1=max",ivitt,0.25,0.75,ok,341.83699772788003,0.0,2134.122541160439,14046.607708726924,10.823166288921744,0.3091229697226983,91.16139040765525,55.62010906529869,121.5,33.47638485608415,5329.305191918448,2596.2182935169903,78.25408194276838,29.68972251765152,14.4636116630473,41.99226113209716
insulin_signal_global_inhibition,Insulin signalling inhibition,inhibition,"u:0=none,1=max",ivitt,0.3,0.7,ok,291.53519598117435,0.0,2043.9678041085242,14179.975888587325,10.366772978814808,0.2941452836071749,91.07932517900842,57.10176822505455,121.0,31.993718234390734,5338.687002905019,2556.7101270515645,78.77764382548514,29.659372238361215,14.20394515028647,36.63771431477943
insulin_signal_global_inhibition,Insulin signalling inhibition,inhibition,"u:0=none,1=max",ivitt,0.35,0.65,ok,242.0799390624555,0.0,1950.3700682446974,14270.450315620332,9.887371741109844,0.2791602296410995,90.97078197772025,58.63615823243943,121.0,30.458298601906478,5342.086655729854,2511.957109931091,79.28027953122407,29.67825919849919,13.95531727739495,31.35883309832947
insulin_signal_global_inhibition,Insulin signalling inhibition,inhibition,"u:0=none,1=max",ivitt,0.4,0.6,ok,193.97700126087594,0.0,1853.4826180872624,14318.223214552858,9.384791683268789,0.2640713007448117,90.83956781586923,60.221151731348314,120.5,28.87224660781193,5339.458192714135,2462.0916656997724,79.76726024820533,29.746285196179027,13.716388109748035,26.201811554827792
insulin_signal_global_inhibition,Insulin signalling inhibition,inhibition,"u:0=none,1=max",ivitt,0.45,0.55,ok,147.84133922104445,0.0,1754.107108010351,14414.359064887176,8.868389538909444,0.24808897421676532,90.7206372635,61.86391222352556,120.5,27.22839864716788,5343.102335772022,2418.927353562437,80.30283601608454,29.766586828813494,13.47591840424756,21.23080922465624
insulin_signal_global_inhibition,Insulin signalling inhibition,inhibition,"u:0=none,1=max",ivitt,0.5,0.5,ok,104.48119185178352,0.0,1651.7561804089823,14513.446887694638,8.330835502538486,0.23155400043639196,90.59647006551394,63.57375098990043,120.0,25.51743549470706,5347.164627227487,2376.714195723667,80.85485731306204,29.789217978983213,13.240747608488396,16.521066417414186
insulin_signal_global_inhibition,Insulin signalling inhibition,inhibition,"u:0=none,1=max",ivitt,0.55,0.44999999999999996,ok,64.98156194994243,0.0,1546.3451020862274,14615.667606878196,7.770964091769636,0.21444433325101567,90.46706095958992,65.34830698079732,120.0,23.741716810135898,5351.597036850896,2335.4880732537895,81.42433207174483,29.813911068807222,13.011075617012756,12.185106418076842
insulin_signal_global_inhibition,Insulin signalling inhibition,inhibition,"u:0=none,1=max",ivitt,0.6,0.4,ok,30.932017292121152,0.0,1437.8265836806322,14721.236470374331,7.186744169009047,0.19671473604555853,90.33243955347216,67.1962165360568,119.5,21.892597691516045,5356.750685253475,2295.280615883755,82.01245944498235,29.84262220196922,12.78707864002092,8.376166839912644
insulin_signal_global_inhibition,Insulin signalling inhibition,inhibition,"u:0=none,1=max",ivitt,0.65,0.35,ok,5.563060619737257,0.0,1326.2125429505447,14875.610110519108,6.578984483323522,0.1780615379157069,90.2046170158895,69.12609943673682,119.5,19.96144945884656,5369.215067348471,2261.952746336039,82.64227839177282,29.828972596380396,12.566404146311328,5.41960634565101
insulin_signal_global_inhibition,Insulin signalling inhibition,inhibition,"u:0=none,1=max",ivitt,0.7,0.30000000000000004,ok,0.0,0.0,1211.2713770891505,14988.933049497111,5.939377864336302,0.15897219602255722,90.06201037970258,71.14149112557358,119.0,17.944725974448133,5377.234483037003,2223.67184253521,83.27185027498395,29.873524905761126,12.353732458528945,4.423276097813549
insulin_signal_global_inhibition,Insulin signalling inhibition,inhibition,"u:0=none,1=max",ivitt,0.75,0.25,ok,0.0,0.0,1093.0576377766242,15106.942362223373,5.268701868920732,0.13912850710423091,89.91846068569821,73.24915519060092,119.0,15.835646729820681,5387.674203096763,2186.1658000088337,83.92745756790762,29.931523350537574,12.14536555560463,3.965320294235374
insulin_signal_global_inhibition,Insulin signalling inhibition,inhibition,"u:0=none,1=max",ivitt,0.8,0.19999999999999996,ok,0.0,0.0,969.5815627453849,15230.418437254615,4.564633144682124,0.11851106613764292,89.77683765614505,75.45434390428022,119.0,13.628935392016913,5401.200929321376,2149.156736349713,84.61343576252564,30.0066718295632,11.939759646387294,3.486164596272337
insulin_signal_global_inhibition,Insulin signalling inhibition,inhibition,"u:0=none,1=max",ivitt,0.85,0.15000000000000002,ok,0.0,0.0,839.1919696472526,15315.808030352746,3.8235710737710327,0.0972378291232369,89.6363807620064,77.75946404558468,119.0,11.32214484242401,5413.2307511001445,2106.3430349745367,85.32483582369218,30.157274379387992,11.734501587601876,2.985122592703623
insulin_signal_global_inhibition,Insulin signalling inhibition,inhibition,"u:0=none,1=max",ivitt,0.9,0.09999999999999998,ok,0.0,0.0,700.8315969147925,15499.168403085207,3.047838425460095,0.07496278159448762,89.52012431983505,80.16334524787166,118.5,8.916380378024485,5444.276491204702,2074.6039777613864,86.10649112825115,30.245980506692792,11.525577654229924,2.459470392846339
insulin_signal_global_inhibition,Insulin signalling inhibition,inhibition,"u:0=none,1=max",ivitt,0.95,0.050000000000000044,ok,0.0,0.0,551.3746233663328,15648.625376633667,2.234953632767743,0.052361826261577434,89.42462900198299,82.64734867813861,117.0,6.430298925728863,5478.902644186201,2035.2276658072913,86.93680764796481,30.43834802325667,11.306820365596062,1.9110302295433756
insulin_signal_global_inhibition,Insulin signalling inhibition,inhibition,"u:0=none,1=max",ivitt,1.0,0.0,ok,0.0,0.0,386.8748474368713,15768.125152563129,1.3997980785112045,0.030660435555656024,89.37614613714247,85.15306748454627,112.5,3.922447265555789,5521.659835550269,1986.475880978241,87.84470837082523,30.761336131199272,11.066717999878781,1.3459536253310902
glucagon_signal_inhibition,Glucagon signalling inhibition,inhibition,"u:0=none,1=max",ivitt,0.0,1.0,ok,595.922459053628,0.0,2545.2953659824707,13647.418132919942,12.91819207951616,0.3764717649854403,91.59517122601228,48.816673139397054,122.5,40.284571373977855,5312.454819668295,2826.4191786404735,76.03018458451221,29.59584857753925,15.74606784757924,68.8790639783398
glucagon_signal_inhibition,Glucagon signalling inhibition,inhibition,"u:0=none,1=max",ivitt,0.05,0.95,ok,601.4926091043423,0.0,2557.964833221452,13635.277625081393,12.949305259274274,0.37633558095690633,91.61754127245568,48.766681068630376,123.0,40.33461400473044,5308.373938398254,2837.9543420218697,75.96254944335038,29.573113862942918,15.810330596222116,69.4503996669916
glucagon_signal_inhibition,Glucagon signalling inhibition,inhibition,"u:0=none,1=max",ivitt,0.1,0.9,ok,607.3164840192385,0.0,2571.9476028580957,13668.502179363013,12.989975923448267,0.37567553338596554,91.6690049812192,48.71753922634076,123.0,40.38380742727287,5310.361000173832,2855.8884831265423,75.9361232186834,29.502005556521286,15.86604712848079,70.04524990671283
glucagon_signal_inhibition,Glucagon signalling inhibition,inhibition,"u:0=none,1=max",ivitt,0.15,0.85,ok,613.4264109051983,0.0,2585.5945517216073,13655.425225541392,13.023722410554008,0.3755294354108297,91.694366941249,48.670166727184544,123.5,40.43123256239422,5306.211129410778,2868.596289332746,75.86347347522995,29.478950718948767,15.936646051848589,70.67092084415945
glucagon_signal_inhibition,Glucagon signalling inhibition,inhibition,"u:0=none,1=max",ivitt,0.2,0.8,ok,619.8740668723246,0.0,2599.852525906001,13641.76937936163,13.059298289981328,0.3753958582330859,91.7207519953652,48.61669091279651,123.5,40.48476211736597,5301.69581590463,2881.9780602967426,75.78760766312017,29.45386564391461,16.01098922387079,71.32939894806876
glucagon_signal_inhibition,Glucagon signalling inhibition,inhibition,"u:0=none,1=max",ivitt,0.25,0.75,ok,626.6420226984742,0.0,2613.8146938476507,13581.732975589086,13.087506403266872,0.3757691012795065,91.71982612797838,48.55922484836857,124.0,40.54228304107161,5291.119071378624,2890.256879742952,75.66425056038489,29.476986470075897,16.101709636450988,72.02255932261858
glucagon_signal_inhibition,Glucagon signalling inhibition,inhibition,"u:0=none,1=max",ivitt,0.3,0.7,ok,633.8124622137345,0.0,2629.3238770784724,13566.823338516166,13.126237017489471,0.37563277870652434,91.74732379322559,48.50094824090755,124.5,40.60061567955208,5286.226577580322,2905.1732200538095,75.58118851541039,29.449730237216276,16.18480902536941,72.75665739382899
glucagon_signal_inhibition,Glucagon signalling inhibition,inhibition,"u:0=none,1=max",ivitt,0.35,0.65,ok,641.3850548600531,0.0,2646.419087332076,13597.171227669314,13.176631558987527,0.37496821522845164,91.80669578354117,48.44373584642724,124.5,40.65788531898088,5287.381766453459,2926.7903780763327,75.53984015371842,29.37434314696366,16.259946544868516,73.52960072568237
glucagon_signal_inhibition,Glucagon signalling inhibition,inhibition,"u:0=none,1=max",ivitt,0.4,0.6,ok,649.4412214325293,0.0,2662.57028714803,13534.947569206652,13.210407519148731,0.3753483726096384,91.80790910540777,48.387816605741435,125.0,40.713863097181004,5275.949386671297,2937.7753720755845,75.40360762789221,29.3924756917621,16.366436613234455,74.35284757221815
glucagon_signal_inhibition,Glucagon signalling inhibition,inhibition,"u:0=none,1=max",ivitt,0.45,0.55,ok,658.0348842010968,0.0,2680.5023911237076,13517.729185959013,13.256075744421992,0.3752128011092325,91.8398841001958,48.3204471018377,125.5,40.781292412385056,5270.439293952872,2955.703728261238,75.30768348723684,29.361778796394827,16.46631603488155,75.23191581629733
glucagon_signal_inhibition,Glucagon signalling inhibition,inhibition,"u:0=none,1=max",ivitt,0.5,0.5,ok,667.2139707774039,0.0,2700.359641140775,13545.478493681727,13.314734875700369,0.37455212023868306,91.90441182959603,48.25320596140048,125.5,40.84859471610601,5270.702211882618,2980.6917934928424,75.25265829823182,29.281678954903434,16.559398852738013,76.16859394818357
glucagon_signal_inhibition,Glucagon signalling inhibition,inhibition,"u:0=none,1=max",ivitt,0.55,0.44999999999999996,ok,677.0578739949049,0.0,2719.4457502008336,13480.292875012132,13.356007152602213,0.3749296185634857,91.9082635335815,48.18630812427388,125.99999999999999,40.91555511824566,5258.469114034258,2995.511885977153,75.09912465187818,29.295092557293923,16.68808850126548,77.17357711987161
glucagon_signal_inhibition,Glucagon signalling inhibition,inhibition,"u:0=none,1=max",ivitt,0.6,0.4,ok,687.6690705266938,0.0,2740.729062545827,13459.814970831681,13.411057804751922,0.37478999407492086,91.94465866647504,48.11699369957181,126.5,40.984933562648834,5251.926071300813,3017.7633059510363,74.98504162023221,29.258641065742694,16.812051843738363,78.25692386410184
glucagon_signal_inhibition,Glucagon signalling inhibition,inhibition,"u:0=none,1=max",ivitt,0.65,0.35,ok,699.1504817987029,0.0,2764.4363883981114,13483.94564875645,13.48130408886,0.3741288839392458,92.01648830993918,48.04006539843844,127.0,41.061927391945986,5251.182375935685,3047.698962754697,74.91080915975805,29.173235421864916,16.93166090419276,79.42978330776391
glucagon_signal_inhibition,Glucagon signalling inhibition,inhibition,"u:0=none,1=max",ivitt,0.7,0.30000000000000004,ok,711.65533441551,0.0,2787.7866841149507,13414.441831373426,13.533525730930718,0.3745182531666541,92.0235146681909,47.96046328026529,127.49999999999999,41.1415966023028,5237.532719506192,3068.2519345033315,74.73226647004695,29.17845526187294,17.093325540408536,80.70491811390926
glucagon_signal_inhibition,Glucagon signalling inhibition,inhibition,"u:0=none,1=max",ivitt,0.75,0.25,ok,725.358455089185,0.0,2815.0773694772292,13435.127037337727,13.614401865731667,0.37386587166642843,92.10086161663813,47.87925567989244,128.0,41.22287292317819,5235.6495176396165,3102.948761640827,74.63959465187625,29.086941764664537,17.238604231337927,82.10307001921132
glucagon_signal_inhibition,Glucagon signalling inhibition,inhibition,"u:0=none,1=max",ivitt,0.8,0.19999999999999996,ok,740.4610924388529,0.0,2842.5149288521548,13361.513909047828,13.677047724349844,0.3742472793753906,92.1108974214811,47.78817213653313,128.5,41.314026872355406,5220.791829421958,3129.192020813093,74.43740339302411,29.085191250261605,17.4328246284852,83.64170735804923
glucagon_signal_inhibition,Glucagon signalling inhibition,inhibition,"u:0=none,1=max",ivitt,0.85,0.15000000000000002,ok,757.25674895363,0.0,2873.638059996749,13331.30050017542,13.758852292294506,0.37411720602406145,92.15757133144201,47.69746726245212,128.99999999999997,41.40480390038091,5211.2311666180485,3164.9338214520667,74.26908356643689,29.03192850483593,17.63194329499759,85.35236960078515
glucagon_signal_inhibition,Glucagon signalling inhibition,inhibition,"u:0=none,1=max",ivitt,0.9,0.09999999999999998,ok,776.1208158521968,0.0,2909.085102778905,13344.020761898946,13.862678340307284,0.37347513793257325,92.24524438397435,47.59426052245402,129.5,41.508084612825144,5206.893020487809,3210.9936369410243,74.13344867721636,28.927183447154494,17.838853538561246,87.27459796510823
glucagon_signal_inhibition,Glucagon signalling inhibition,inhibition,"u:0=none,1=max",ivitt,0.95,0.050000000000000044,ok,797.548785160313,0.0,2947.349540671712,13306.72042581682,13.96361159475164,0.37335322024931716,92.2989551476397,47.48906215192385,130.0,41.61335884260876,5195.142750327297,3256.9823231579485,73.92622458787122,28.861904168484983,18.09434623976638,89.45475845369344
glucagon_signal_inhibition,Glucagon signalling inhibition,inhibition,"u:0=none,1=max",ivitt,1.0,0.0,ok,822.1929023988421,0.0,2989.406371840848,13218.340796777782,14.062312919770534,0.37374414328270694,92.31539420493937,47.37117528389314,130.5,41.7313235297632,5175.741088028766,3304.488686919958,73.63978159764781,28.8342121895753,18.409407726573583,91.95928187056802
insulin_secretion_inhibition,Beta-cell secretion impairment,inhibition,"u:0=none,1=max",ivitt,0.0,1.0,ok,595.922459053628,0.0,2545.2953659824707,13647.418132919942,12.91819207951616,0.3764717649854403,91.59517122601228,48.816673139397054,122.5,40.284571373977855,5312.454819668295,2826.4191786404735,76.03018458451221,29.59584857753925,15.74606784757924,68.8790639783398
insulin_secretion_inhibition,Beta-cell secretion impairment,inhibition,"u:0=none,1=max",ivitt,0.05,0.95,ok,575.6390379164591,0.0,2473.5580340175447,13804.67474734705,13.09735148116443,0.37738761513253727,92.3324730421395,49.072565479692955,119.5,40.32881951536707,5294.832968337395,2802.269058972607,76.69263748526139,29.415738712985526,15.568161438736706,66.89104858597986
insulin_secretion_inhibition,Beta-cell secretion impairment,inhibition,"u:0=none,1=max",ivitt,0.1,0.9,ok,554.9561140978806,0.0,2408.2481126316734,13923.702662618782,13.279422524161912,0.37892719363812327,93.08468073512424,49.34890016644682,116.99999999999999,40.377769026239015,5270.169153839481,2771.6542085501947,77.35390368121547,29.278717521330453,15.398078936389973,64.86884082578496
insulin_secretion_inhibition,Beta-cell secretion impairment,inhibition,"u:0=none,1=max",ivitt,0.15,0.85,ok,533.7266821884039,0.0,2349.0145959118217,14004.209972531615,13.466246405018918,0.3811273083088172,93.86239898732308,49.64773498207425,114.0,40.432637814224044,5238.187525295236,2734.7017886186086,78.01788285532933,29.182103204987385,15.235107457485284,62.79430234432913
insulin_secretion_inhibition,Beta-cell secretion impairment,inhibition,"u:0=none,1=max",ivitt,0.2,0.8,ok,511.90149631021336,0.0,2303.7114443957857,14188.187320422388,13.68093450441389,0.3824266600961817,94.73221573917125,49.9729253136433,180.0,40.49332594319806,5216.518448648762,2708.5187085880193,78.82326289123549,28.98065804804868,15.04732615882233,60.951661207865705
insulin_secretion_inhibition,Beta-cell secretion impairment,inhibition,"u:0=none,1=max",ivitt,0.25,0.75,ok,489.55311475431176,0.0,2266.472067964603,14336.168716060023,13.903692294199459,0.3844054829642914,95.640538962205,50.328375322563964,180.0,40.56031557788217,5187.32568206825,2676.0479666754104,79.64538175588902,28.81847601149028,14.866933148196724,58.787046721968345
insulin_secretion_inhibition,Beta-cell secretion impairment,inhibition,"u:0=none,1=max",ivitt,0.3,0.7,ok,466.428158456547,0.0,2237.3249254808966,14448.319384617982,14.138361198072774,0.3871182357697376,96.60316891742535,50.72120900689346,179.49999999999997,40.63161848357457,5150.178888080967,2637.443179438951,80.49202999787178,28.691804390423222,14.693276765676611,56.54901625650509
insulin_secretion_inhibition,Beta-cell secretion impairment,inhibition,"u:0=none,1=max",ivitt,0.35,0.65,ok,442.5447985063608,0.0,2227.6396356475307,14671.625174986828,14.405351085349052,0.3889780965700411,97.67045870897296,51.14921807698366,180.0,40.71545129111969,5122.393429586194,2609.5586921652066,81.50902874992683,28.457741275478853,14.497548289806703,54.245259630019426
insulin_secretion_inhibition,Beta-cell secretion impairment,inhibition,"u:0=none,1=max",ivitt,0.4,0.6,ok,417.7771982216638,0.0,2225.287767912649,14814.089083338058,14.686360720800227,0.39217513338730847,98.8105423882542,51.62658095260231,179.5,40.804642759035275,5080.032845499357,2570.241374038901,82.5297441968694,28.301018637879427,14.318893448684685,51.858265038426225
insulin_secretion_inhibition,Beta-cell secretion impairment,inhibition,"u:0=none,1=max",ivitt,0.45,0.55,ok,392.0308849731095,0.0,2249.4784000051995,15075.32872199807,15.005622966747364,0.3945744522203394,100.07293678294198,52.159931606959624,180.0,40.90067287729267,5045.987523294203,2541.8802678971397,83.75182623332262,28.03326401830113,14.121557043872999,49.38464589750027
insulin_secretion_inhibition,Beta-cell secretion impairment,inhibition,"u:0=none,1=max",ivitt,0.5,0.5,ok,365.15759347083457,0.0,2284.7065182294396,15260.190700214676,15.353385004527228,0.3984185147013824,101.46617041631379,52.758899699289074,179.5,41.00317354968928,4996.337629528588,2502.7253707792124,85.01498997334082,27.834750025228903,13.942759725789484,46.80767483749597
insulin_secretion_inhibition,Beta-cell secretion impairment,inhibition,"u:0=none,1=max",ivitt,0.55,0.44999999999999996,ok,337.2568503559147,0.0,2350.862037809223,15523.587220393805,15.750034728069615,0.4021277107051387,103.05724939979642,53.43744693425093,179.5,41.108486921972485,4947.50928560214,2469.7903614012757,86.48238005790421,27.56272582508156,13.759277779394294,44.14201146477215
insulin_secretion_inhibition,Beta-cell secretion impairment,inhibition,"u:0=none,1=max",ivitt,0.6,0.4,ok,308.13398823694297,0.0,2456.1898834689287,15874.130046863771,16.206551651549514,0.4057921145788101,104.90271109858254,54.20490817194642,180.0,41.21822658169699,4897.709139412917,2443.746258545546,88.18961137146539,27.209495218960647,13.576368103030811,41.3714524355178
insulin_secretion_inhibition,Beta-cell secretion impairment,inhibition,"u:0=none,1=max",ivitt,0.65,0.35,ok,277.7731023309395,0.0,2587.0870836321046,16162.908860070604,16.73984550957798,0.41120995621138445,107.07633810277736,55.08251783093703,179.49999999999997,41.32181537444614,4827.963691115995,2409.5661088100373,90.0440605017861,26.896733655242315,13.423766622897146,38.49847194423337
insulin_secretion_inhibition,Beta-cell secretion impairment,inhibition,"u:0=none,1=max",ivitt,0.7,0.30000000000000004,ok,246.22750604041403,0.0,2787.1568833682973,16612.708699269424,17.383420339306745,0.41628861516426363,109.68411858046392,56.07830295930638,180.0,41.41977065709428,4757.366773676562,2390.9304672476674,92.29282610705235,26.429815409314234,13.282947040264819,35.536845902426755
insulin_secretion_inhibition,Beta-cell secretion impairment,inhibition,"u:0=none,1=max",ivitt,0.75,0.25,ok,213.66611459746372,0.0,3048.335767344519,17078.697496797715,18.19216307542686,0.42301720958682837,112.88369911260222,57.21226670868403,180.0,41.4954725902048,4663.398159959036,2374.7536478387506,94.8816527599873,25.90776755532798,13.193075821326392,32.51717829138936
insulin_secretion_inhibition,Beta-cell secretion impairment,inhibition,"u:0=none,1=max",ivitt,0.8,0.19999999999999996,ok,180.43457509818478,0.0,3403.7132259552636,17635.745438455844,19.255049709778532,0.43117152104651724,116.92002181773151,58.49627330051101,180.0,41.530979464980135,4543.498916845328,2371.548669286107,97.97636354697691,25.24166064914071,13.175270384922815,29.495671998227074
insulin_secretion_inhibition,Beta-cell secretion impairment,inhibition,"u:0=none,1=max",ivitt,0.85,0.15000000000000002,ok,146.92747399330523,0.0,3890.398956208798,18315.66532543206,20.731889803980476,0.4413127804919227,122.204609936437,59.92393362099736,179.99999999999997,41.51278735061375,4382.883124908613,2389.178405010076,101.75369625240035,24.349350693936746,13.273213361167091,26.55260825920786
insulin_secretion_inhibition,Beta-cell secretion impairment,inhibition,"u:0=none,1=max",ivitt,0.9,0.09999999999999998,ok,114.15137981160939,0.0,4563.511568462407,19168.75432471898,22.913460733129124,0.45425881655538747,129.54088681724363,61.475233788086605,180.0,41.42562961446877,4156.909914009724,2439.540635295475,106.49307958177211,23.09394396672069,13.553003529419307,23.86304157236319
insulin_secretion_inhibition,Beta-cell secretion impairment,inhibition,"u:0=none,1=max",ivitt,0.95,0.050000000000000044,ok,82.95161182831782,28.29517159903368,5523.422983375602,20293.733296680017,26.423544489382103,0.47179456560474564,141.14646299303385,63.116665139652895,180.0,41.256930096969214,3819.341958158554,2539.869442081278,112.74296275933342,21.21856643421419,14.110385789340434,21.74398843650183
insulin_secretion_inhibition,Beta-cell secretion impairment,inhibition,"u:0=none,1=max",ivitt,1.0,0.0,ok,54.543049362158875,1001.527940765479,6917.9148709751735,21838.674649763234,32.44753149457825,0.5007226742328507,164.91235130287808,64.80767903494285,180.0,40.992296012798164,3252.0984957894784,2715.394721203167,121.32597027646241,18.067213865497102,15.085526228906485,22.930442420124415
glucagon_secretion_inhibition,Glucagon secretion suppression,inhibition,"u:0=none,1=max",ivitt,0.0,1.0,ok,595.922459053628,0.0,2545.2953659824707,13647.418132919942,12.91819207951616,0.3764717649854403,91.59517122601228,48.816673139397054,122.5,40.284571373977855,5312.454819668295,2826.4191786404735,76.03018458451221,29.59584857753925,15.74606784757924,68.8790639783398
glucagon_secretion_inhibition,Glucagon secretion suppression,inhibition,"u:0=none,1=max",ivitt,0.05,0.95,ok,610.2480323224686,0.0,2579.549165810387,13606.41456641403,12.942638466695653,0.3757233790329233,91.44459310160325,48.55455408059481,121.5,40.178795662098594,5285.835734865277,2717.6938228942745,75.8017524591311,29.44755284047508,15.140355559299579,70.29986939861398
glucagon_secretion_inhibition,Glucagon secretion suppression,inhibition,"u:0=none,1=max",ivitt,0.1,0.9,ok,626.0417041159687,0.0,2618.1010868559883,13607.618873425592,12.979090934158124,0.37442773792267187,91.31124957165552,48.26986460746116,121.0,40.068726421878964,5263.597186207551,2613.837004388908,75.59788263014218,29.242206590041953,14.52131669104949,71.869963158057
glucagon_secretion_inhibition,Glucagon secretion suppression,inhibition,"u:0=none,1=max",ivitt,0.15,0.85,ok,643.4179113159406,0.0,2659.3483795906036,13513.889905957603,13.002341026308478,0.37419975756312207,91.10931893622977,47.95941468200881,120.0,39.96567314789337,5227.79242810312,2498.5815241141504,75.28629474071089,29.124191800017382,13.919674229048193,73.5978640390853
glucagon_secretion_inhibition,Glucagon secretion suppression,inhibition,"u:0=none,1=max",ivitt,0.2,0.8,ok,662.7389030267368,0.0,2705.8484480807774,13461.718212050226,13.0376640589064,0.37347022351185055,90.92125498544942,47.62312259816936,119.5,39.86822471781743,5196.169878585493,2387.8510969884637,74.9956446353773,28.948021607718626,13.302791626676678,75.5239105903846
glucagon_secretion_inhibition,Glucagon secretion suppression,inhibition,"u:0=none,1=max",ivitt,0.25,0.75,ok,684.1783365529429,0.0,2758.116995087788,13450.184074501358,13.086422306130052,0.37227330232571726,90.74589136275458,47.25593732612508,118.5,39.77979231863485,5168.250095520035,2280.7757686595583,74.72324485834088,28.712500530666862,12.670976492553102,77.6621186903633
glucagon_secretion_inhibition,Glucagon secretion suppression,inhibition,"u:0=none,1=max",ivitt,0.3,0.7,ok,708.1105720483538,0.0,2816.005174635206,13342.545280478702,13.122635167062446,0.3721685300313226,90.4904674305845,46.85315891414662,118.0,39.703272538053824,5126.909053416262,2163.4544162485586,74.33172858205405,28.562167428502853,12.052670842610354,80.05408015824933
glucagon_secretion_inhibition,Glucagon secretion suppression,inhibition,"u:0=none,1=max",ivitt,0.35,0.65,ok,735.1506415372521,0.0,2881.913325925666,13319.208375330636,13.183226959009826,0.37110796843295163,90.27517328814756,46.41092360963196,180.0,39.6405394021269,5094.372848585041,2053.498527498703,73.9956020851702,28.302071381028004,11.408325152770573,83.02091445213767
glucagon_secretion_inhibition,Glucagon secretion suppression,inhibition,"u:0=none,1=max",ivitt,0.4,0.6,ok,765.6634464554952,0.0,2956.558275811537,13243.442603515896,13.241655197067344,0.37067464011909923,90.0017586548654,45.91621311477779,180.0,39.60240992565177,5053.459647586472,1937.6558871865172,73.57468113064387,28.074775819924845,10.764754928813984,86.08109668774456
glucagon_secretion_inhibition,Glucagon secretion suppression,inhibition,"u:0=none,1=max",ivitt,0.45,0.55,ok,800.4237680350568,0.0,3040.460232154611,13114.539767845386,13.297837448553597,0.3708576201481323,89.66043894635197,45.367209190474036,179.49999999999997,39.58827175621838,5004.430898220195,1816.4273900080061,73.06150288493252,27.87983787309301,10.119372646284159,89.5682303019149
glucagon_secretion_inhibition,Glucagon secretion suppression,inhibition,"u:0=none,1=max",ivitt,0.5,0.5,ok,840.3621045786351,0.0,3134.6180597697985,13065.381940230202,13.38412909163853,0.37019144503328594,89.3533073010577,44.75369807919112,180.0,39.60564709134366,4962.107226852435,1700.0309829188573,72.58545522350111,27.567262371402418,9.44461657177143,93.58463078848295
glucagon_secretion_inhibition,Glucagon secretion suppression,inhibition,"u:0=none,1=max",ivitt,0.55,0.44999999999999996,ok,886.6783943243618,0.0,3240.4836325879787,12959.516367412021,13.47163588132769,0.3702225128097895,88.96357283625213,44.07033388637003,180.0,39.65687802797931,4910.560479638212,1577.4026825515546,71.99731315228901,27.280891553545622,8.763348236397526,98.24319897955283
glucagon_secretion_inhibition,Glucagon secretion suppression,inhibition,"u:0=none,1=max",ivitt,0.6,0.4,ok,941.0863095004206,0.0,3360.8792454916943,12839.120754508303,13.573437833346194,0.3704966851941952,88.51641581018553,43.29033153924928,179.99999999999997,39.7654208561578,4854.225839539312,1451.4599354566128,71.32844863615725,26.967921330773958,8.063666308092294,103.7211953264072
glucagon_secretion_inhibition,Glucagon secretion suppression,inhibition,"u:0=none,1=max",ivitt,0.65,0.35,ok,1006.086795072166,0.0,3499.5451052056214,12700.454894794377,13.693283513949455,0.3710732747571589,87.99690649793547,42.40686821458963,180.0,39.934360230315285,4792.071672535442,1321.4276818914832,70.55808274885764,26.62262040297468,7.341264899397129,110.27019460289713
glucagon_secretion_inhibition,Glucagon secretion suppression,inhibition,"u:0=none,1=max",ivitt,0.7,0.30000000000000004,ok,1085.2646135552855,0.0,3661.8696028839563,12538.130397116043,13.83709276525506,0.37203188077569593,87.38400467875823,41.38518054058332,180.0,40.19426807972144,4722.666459502622,1186.2513206930062,69.65627998397802,26.23703588612568,6.590285114961145,118.25352504505005
glucagon_secretion_inhibition,Glucagon secretion suppression,inhibition,"u:0=none,1=max",ivitt,0.75,0.25,ok,1184.8633580575342,0.0,3856.2733367512187,12343.726663248783,14.013944791726479,0.3734507037590629,86.64662205778713,40.1972014404179,180.0,40.56847511760883,4644.049931276608,1044.481116765996,68.57625924027101,25.800277395981155,5.8026728709221995,128.30045675108923
glucagon_secretion_inhibition,Glucagon secretion suppression,inhibition,"u:0=none,1=max",ivitt,0.8,0.19999999999999996,ok,1315.397248385894,0.0,4094.715390460472,12060.284609539527,14.225635550842687,0.3759255509124632,85.6809381652355,38.790517814381914,179.5,41.10401133031836,4549.028646193894,892.418545047624,67.18821509492773,25.342777973225036,4.971691058761136,141.46784673263753
glucagon_secretion_inhibition,Glucagon secretion suppression,inhibition,"u:0=none,1=max",ivitt,0.85,0.15000000000000002,ok,1498.1050799460404,0.0,4410.339025336622,11789.660974663377,14.540382757745258,0.37797720445643984,84.56444890718534,37.080353955189665,180.0,41.87949465854561,4444.061235904635,731.2035041703505,65.49811652590765,24.689229088359085,4.062241689835281,159.9048375591953
glucagon_secretion_inhibition,Glucagon secretion suppression,inhibition,"u:0=none,1=max",ivitt,0.9,0.09999999999999998,ok,1783.5112154387164,0.0,4856.503293837601,11343.496706162396,14.96929341820471,0.38105079690281046,82.95370592970896,34.919616631804736,179.99999999999997,43.03491154196974,4306.193812101208,549.7307378749715,63.01942614534665,23.923298956117826,3.054059654860953,188.6801181150138
glucagon_secretion_inhibition,Glucagon secretion suppression,inhibition,"u:0=none,1=max",ivitt,0.95,0.050000000000000044,ok,2331.4404839915333,0.0,5613.384278871551,10586.615721128448,15.607222038083265,0.3842310418047116,80.3843424005841,31.948859005189938,137.0,44.92143813798078,4111.882774937788,333.5743964548934,58.814531784046935,22.843793194098822,1.8531910914160745,243.6542013715052
glucagon_secretion_inhibition,Glucagon secretion suppression,inhibition,"u:0=none,1=max",ivitt,1.0,0.0,ok,4006.864593251741,0.0,7565.15164489763,8634.848355102371,15.91669256496986,0.3882876434197213,75.6974435382929,26.519625263798122,169.0,49.17781827449478,3755.131593935183,12.768124304793826,47.97137975056873,20.861842188528794,0.07093402391552125,411.8482503094823
insulin_signal_peripheral,Insulin signalling (peripheral uptake),potentiation,"u:0=none,1=max",ivitt,0.0,1.0,ok,595.922459053628,0.0,2545.2953659824707,13647.418132919942,12.91819207951616,0.3764717649854403,91.59517122601228,48.816673139397054,122.5,40.284571373977855,5312.454819668295,2826.4191786404735,76.03018458451221,29.59584857753925,15.74606784757924,68.8790639783398
insulin_signal_peripheral,Insulin signalling (peripheral uptake),potentiation,"u:0=none,1=max",ivitt,0.05,1.1,ok,661.8070656460471,0.0,2636.786380845975,13556.210319311036,13.430809568896326,0.39640124177931146,91.62613283152132,47.05199501730011,122.49999999999999,42.051384183197875,5308.423697328848,2875.2995450037292,75.52206306022863,29.57339107146991,16.018381866316044,75.8521027226905
insulin_signal_peripheral,Insulin signalling (peripheral uptake),potentiation,"u:0=none,1=max",ivitt,0.1,1.2,ok,723.2077636498165,0.0,2719.8343527930156,13473.413630967412,13.904895236945794,0.4152127446972634,91.65342351733973,45.416200469001424,122.0,43.68929862875527,5304.675632352293,2920.319422375963,75.0608001725204,29.5525104866423,16.269188982595892,82.34767058009565
insulin_signal_peripheral,Insulin signalling (peripheral uptake),potentiation,"u:0=none,1=max",ivitt,0.15,1.3,ok,780.3508402104105,0.0,2795.396155210401,13398.092928297308,14.344693470780198,0.43300312479798336,91.67717510484754,43.91078763595871,122.0,45.1968161487048,5301.090707631913,2961.7108799560897,74.64118623006857,29.53253876118057,16.49978206103671,88.3938614914671
insulin_signal_peripheral,Insulin signalling (peripheral uptake),potentiation,"u:0=none,1=max",ivitt,0.2,1.4,ok,833.6594982999407,0.0,2865.183658070696,13375.299168823181,14.761955232271992,0.44923321490825296,91.72892810331456,42.51050154819843,122.0,46.59919320306553,5303.671137849026,3005.5956927329407,74.30721760457322,29.464839654716812,16.69775384851634,94.0342352240725
insulin_signal_peripheral,Insulin signalling (peripheral uptake),potentiation,"u:0=none,1=max",ivitt,0.25,1.5,ok,883.2606564788696,0.0,2928.247976113659,13312.570592376145,15.143655345340422,0.4651968429488505,91.7503118260892,41.21082295781343,121.5,47.90094896677699,5300.38712083927,3040.5435391781066,73.9587255132008,29.446595115773725,16.89190855098948,99.28173955596296
insulin_signal_peripheral,Insulin signalling (peripheral uptake),potentiation,"u:0=none,1=max",ivitt,0.3,1.6,ok,929.4818835136433,0.0,2985.2366501107845,13209.13430562034,15.492230740364752,0.4810385693067605,91.73958545652769,40.00805876119694,121.5,49.10577718288901,5291.27084194855,3066.8396401639357,73.58849195331666,29.477831988571307,17.085457605370117,104.17485513341548
insulin_signal_peripheral,Insulin signalling (peripheral uptake),potentiation,"u:0=none,1=max",ivitt,0.35,1.7,ok,972.6770761623692,0.0,3039.411328388329,13202.117822795826,15.834064222965319,0.4948065121996774,91.79017261660107,38.893256983583996,121.5,50.222630005622094,5294.337688163653,3102.324696309125,73.34509901553237,29.41298715646474,17.23513720171736,108.74661961317969
insulin_signal_peripheral,Insulin signalling (peripheral uptake),potentiation,"u:0=none,1=max",ivitt,0.4,1.8,ok,1013.0349859390361,0.0,3088.5728487214965,13153.380582555792,16.147547995574648,0.5085646273404387,91.80918365290003,37.84575703068349,120.99999999999999,51.27216826533926,5291.4996036443745,3129.6347415273976,73.07433656975441,29.39722002024653,17.386859675152213,113.01869701772792
insulin_signal_peripheral,Insulin signalling (peripheral uptake),potentiation,"u:0=none,1=max",ivitt,0.45,1.9,ok,1050.7808534487272,0.0,3133.1810779342486,13062.385663271803,16.434461054450804,0.5224097010349843,91.79651844473014,36.87082039710546,121.0,52.24913077932544,5282.889948094757,3149.0110920750685,72.77095077031646,29.431141772115637,17.543237281755257,117.01808427784879
insulin_signal_peripheral,Insulin signalling (peripheral uptake),potentiation,"u:0=none,1=max",ivitt,0.5,2.0,ok,1086.3110940347378,0.0,3176.3617553476975,13066.4706119808,16.719333463825798,0.5342285968051295,91.84611998310558,35.963050493303754,120.5,53.15891436415201,5286.3479837447585,3178.274206939052,72.59150339989333,29.368599909693103,17.657078927439176,120.77852347183806
insulin_signal_peripheral,Insulin signalling (peripheral uptake),potentiation,"u:0=none,1=max",ivitt,0.55,2.1,ok,1119.569996333425,0.0,3215.7083822590885,13027.629502187756,16.98096414214781,0.5462223655247691,91.86423259757744,35.11657696237598,120.49999999999999,54.007389571955706,5283.967816963788,3199.9694022369385,72.37571945659866,29.355376760909937,17.777607790205217,124.30265367007618
insulin_signal_peripheral,Insulin signalling (peripheral uptake),potentiation,"u:0=none,1=max",ivitt,0.6,2.2,ok,1150.874585445431,0.0,3252.4421896121303,12991.434384738126,17.22811437933649,0.5577097230722134,91.88218221576861,34.32628256628649,120.0,54.799673656174825,5281.695133017332,3220.145222899999,72.17463547076737,29.34275073898518,17.889695682777774,127.61800355103152
insulin_signal_peripheral,Insulin signalling (peripheral uptake),potentiation,"u:0=none,1=max",ivitt,0.65,2.3,ok,1180.5154086969505,0.0,3285.842631604559,12911.660710415119,17.45456362385524,0.5695124689499531,91.86782197716049,33.58252504897349,120.0,55.5454093190741,5273.623217962554,3233.07780211987,71.93125743963854,29.379516534610328,18.01157549927504,130.7604752150034
insulin_signal_peripheral,Insulin signalling (peripheral uptake),potentiation,"u:0=none,1=max",ivitt,0.7,2.4,ok,1208.4477955533087,0.0,3318.052404566756,12879.98678989282,17.676035777394837,0.5801009638515957,91.8849939318247,32.88174529252487,120.0,56.248155446529026,5271.575628290499,3250.6388391599226,71.75480105789872,29.368109349807792,18.10940857470709,133.72171814355485
insulin_signal_peripheral,Insulin signalling (peripheral uptake),potentiation,"u:0=none,1=max",ivitt,0.75,2.5,ok,1234.7788707515476,0.0,3348.3440214789744,12850.277321097215,17.8861947085036,0.590269559298995,91.90292414059144,32.225066996530614,119.5,56.90678881414392,5269.650141817554,3267.0672241244974,71.58928869692042,29.357382405668826,18.200931610721433,136.51182688265737
insulin_signal_peripheral,Insulin signalling (peripheral uptake),potentiation,"u:0=none,1=max",ivitt,0.8,2.6,ok,1259.7231369654944,0.0,3377.8324263124823,12868.273796281654,18.09246799457634,0.59923203592598,91.95291011253421,31.60838498156858,119.5,57.5254147203175,5273.790646054365,3288.366858366518,71.49040997934252,29.298836922524252,18.26870476870288,139.15555680346023
insulin_signal_peripheral,Insulin signalling (peripheral uptake),potentiation,"u:0=none,1=max",ivitt,0.85,2.7,ok,1283.5517528716257,0.0,3403.8137945679605,12795.948510450695,18.275093078386554,0.6094904806246643,91.93733102290483,31.02906966944756,119.0,58.10666256703754,5266.065778434688,3296.9871022256693,71.28662122813758,29.337413807435585,18.36761616838813,141.68114019225328
insulin_signal_peripheral,Insulin signalling (peripheral uptake),potentiation,"u:0=none,1=max",ivitt,0.9,2.8,ok,1306.1393523024446,0.0,3430.2747588353845,12817.074527082692,18.46243476239263,0.6177087169461482,91.98782811264695,30.48405085023399,119.0,58.653602864049155,5270.359301381244,3316.500903259975,71.20596959490385,29.279773896562467,18.425005018110973,144.07432412757038
insulin_signal_peripheral,Insulin signalling (peripheral uptake),potentiation,"u:0=none,1=max",ivitt,0.95,2.9,ok,1327.6010336325148,0.0,3454.419484623197,12793.577501700896,18.63441600299338,0.6264595017858121,92.00519887902317,29.970930810579375,119.0,59.168633292052974,5268.7960450827595,3329.3632291206154,71.07543056500498,29.271089139348664,18.49646238400342,146.34999920125793
insulin_signal_peripheral,Insulin signalling (peripheral uptake),potentiation,"u:0=none,1=max",ivitt,1.0,3.0,ok,1347.9939430688933,0.0,3477.334977910052,12771.294872275164,18.798299591977887,0.6349112706661224,92.02250619303236,29.486573630718617,119.0,59.654891475026425,5267.299555862565,3341.521785405645,70.95163817930647,29.262775310347585,18.56400991892025,148.51269904868627
insulin_signal_hepatic,Insulin signalling (hepatic: HGP + HGU),potentiation,"u:0=none,1=max",ivitt,0.0,1.0,ok,595.922459053628,0.0,2545.2953659824707,13647.418132919942,12.91819207951616,0.3764717649854403,91.59517122601228,48.816673139397054,122.5,40.284571373977855,5312.454819668295,2826.4191786404735,76.03018458451221,29.59584857753925,15.74606784757924,68.8790639783398
insulin_signal_hepatic,Insulin signalling (hepatic: HGP + HGU),potentiation,"u:0=none,1=max",ivitt,0.05,1.1,ok,608.9194020951446,0.0,2568.319426571902,13628.573243264975,13.028103876933132,0.3781056949689056,91.70391235701877,48.55119219949571,122.5,40.54975155076338,5312.534425787817,2842.683679339713,75.92519912682437,29.59629206567029,15.836677879329876,70.23930097167084
insulin_signal_hepatic,Insulin signalling (hepatic: HGP + HGU),potentiation,"u:0=none,1=max",ivitt,0.1,1.2,ok,614.2650905989794,0.0,2578.43337691529,13622.537916080355,13.083986049408418,0.3785775606227765,91.80163938844781,48.461317276468975,122.5,40.63935710973797,5313.826540451419,2848.99075377828,75.8915761341524,29.60349047605247,15.871814784280112,70.79869517263171
insulin_signal_hepatic,Insulin signalling (hepatic: HGP + HGU),potentiation,"u:0=none,1=max",ivitt,0.15,1.3,ok,618.4933692051083,0.0,2587.459430773623,13664.268918045307,13.139901669203741,0.37843631660197735,91.91678316313991,48.392629192741055,122.5,40.70780260404247,5321.4288134779035,2859.5576185928107,75.91260510025171,29.563493408210576,15.886431214404505,71.24180376066329
insulin_signal_hepatic,Insulin signalling (hepatic: HGP + HGU),potentiation,"u:0=none,1=max",ivitt,0.2,1.4,ok,622.0689529280846,0.0,2593.2745880007024,13615.179045613479,13.172717576693447,0.37929981263417545,91.97060392602368,48.3361207368421,122.49999999999999,40.76409151041576,5316.688025506974,2857.6191155750967,75.85057964130073,29.61943189697479,15.919883652228954,71.61663821068817
insulin_signal_hepatic,Insulin signalling (hepatic: HGP + HGU),potentiation,"u:0=none,1=max",ivitt,0.25,1.5,ok,625.1397871414816,0.0,2600.1791092418707,13658.742492131078,13.218881926083087,0.37907869462770294,92.07024005421651,48.28777933287186,122.0,40.81223336260182,5324.294376000494,2866.580064251974,75.88190273406154,29.579413200002744,15.925444801399856,71.93713028590143
insulin_signal_hepatic,Insulin signalling (hepatic: HGP + HGU),potentiation,"u:0=none,1=max",ivitt,0.3,1.6,ok,627.8677050350533,0.0,2605.3431231689997,13656.800912712933,13.252535529153906,0.37936484563288675,92.13719675883655,48.24535330791948,122.0,40.85447732605822,5325.724618941977,2869.3076199957004,75.87111618173851,29.58735899412209,15.940597888865002,72.22370915524907
insulin_signal_hepatic,Insulin signalling (hepatic: HGP + HGU),potentiation,"u:0=none,1=max",ivitt,0.35,1.7,ok,630.2922938411896,0.0,2609.9807213932063,13655.27263661587,13.28357744657696,0.37963308123552164,92.1986838166776,48.20736709792415,122.0,40.8922968090194,5327.179346018576,2871.667669521404,75.86262575897705,29.595440811214313,15.953709275118912,72.47878788874561
insulin_signal_hepatic,Insulin signalling (hepatic: HGP + HGU),potentiation,"u:0=none,1=max",ivitt,0.4,1.8,ok,632.5029013207055,0.0,2614.1536103041185,13653.967065069479,13.312108559683939,0.37989377125998885,92.2553259493301,48.17294393184869,122.0,40.92656685254991,5328.410470668599,2873.7362869339086,75.85537258371933,29.60228039260333,15.96520159407727,72.71145502075245
insulin_signal_hepatic,Insulin signalling (hepatic: HGP + HGU),potentiation,"u:0=none,1=max",ivitt,0.45,1.9,ok,634.5307053546913,0.0,2617.9552917830542,13652.844246863027,13.338408856089767,0.38014298375013583,92.30767507966397,48.14135883582913,122.0,40.95801084493856,5329.680721677535,2875.598608837621,75.8491347047946,29.60933734265297,15.975547826875673,72.9249555295019
insulin_signal_hepatic,Insulin signalling (hepatic: HGP + HGU),potentiation,"u:0=none,1=max",ivitt,0.5,2.0,ok,636.3532579367255,0.0,2620.2061312048822,13605.819916614519,13.353194761818399,0.38091127424304466,92.32999493721735,48.11215958335341,122.0,40.98707968128719,5324.772537415588,2871.519552813703,75.79843964687754,29.664470960532523,15.997323414003915,73.11687477400476
insulin_signal_hepatic,Insulin signalling (hepatic: HGP + HGU),potentiation,"u:0=none,1=max",ivitt,0.55,2.1,ok,637.8721460308552,0.0,2622.9982795273245,13605.416174008507,13.375261991182885,0.38116043850852377,92.37500777147866,48.08497629558063,122.0,41.014142082385604,5326.11913097457,2872.5897847165656,75.79619038444851,29.67197287451014,16.003285708727386,73.27798669460567
insulin_signal_hepatic,Insulin signalling (hepatic: HGP + HGU),potentiation,"u:0=none,1=max",ivitt,0.6,2.2,ok,639.1936596161588,0.0,2625.418371802487,13605.249249157647,13.395496765758326,0.381409524154836,92.41588407063105,48.05926525871546,121.5,41.03974076911455,5327.457582855298,2873.3642464455356,75.79526044098968,29.679429430948733,16.007600258749502,73.41667281791626
insulin_signal_hepatic,Insulin signalling (hepatic: HGP + HGU),potentiation,"u:0=none,1=max",ivitt,0.65,2.3,ok,640.3697219447158,0.0,2627.5288599086957,13605.291746105027,13.414272442518081,0.381658584117007,92.45531886898442,48.03520611675535,121.5,41.063695251010486,5328.872540129876,2873.909056968602,75.79549719278567,29.687312201280648,16.01063541486686,73.54236785112175
insulin_signal_hepatic,Insulin signalling (hepatic: HGP + HGU),potentiation,"u:0=none,1=max",ivitt,0.7,2.4,ok,641.4222865528543,0.0,2630.6232668339744,13651.72212160477,13.441819929697429,0.38137416334395036,92.51813828578103,48.011566436105646,121.5,41.087237148730175,5336.533099100521,2879.939499975592,75.84290067558206,29.64740610611401,15.999663888753288,73.65574703182345
insulin_signal_hepatic,Insulin signalling (hepatic: HGP + HGU),potentiation,"u:0=none,1=max",ivitt,0.75,2.5,ok,642.3715939022753,0.0,2631.084176185457,13605.713755051627,13.448108633405623,0.3821434711925402,92.52617516075802,47.986592503993066,121.5,41.11211958129725,5331.643517234853,2874.544384026948,75.79784821755781,29.702749399637064,16.014174841375755,73.75780204143598
insulin_signal_hepatic,Insulin signalling (hepatic: HGP + HGU),potentiation,"u:0=none,1=max",ivitt,0.8,2.6,ok,643.2382006508202,0.0,2633.855113116114,13652.346256017696,13.473686858021809,0.38185266894914294,92.58408203713276,47.962620138867116,121.5,41.13600597656811,5339.2607391453275,2880.324130850784,75.8463680889872,29.662559661918486,16.0018007269488,73.85210179060638
insulin_signal_hepatic,Insulin signalling (hepatic: HGP + HGU),potentiation,"u:0=none,1=max",ivitt,0.85,2.7,ok,644.0324288307138,0.0,2633.9315858901705,13606.415798599894,13.477945921961515,0.38261985452766906,92.58777837212978,47.939202550177015,121.49999999999999,41.15934272192109,5334.250839438783,2874.7545838510346,75.8017593236763,29.71727487152526,16.015345871036406,73.93797805859931
insulin_signal_hepatic,Insulin signalling (hepatic: HGP + HGU),potentiation,"u:0=none,1=max",ivitt,0.9,2.8,ok,644.7657737120887,0.0,2635.197325294463,13606.844137594462,13.491762371446512,0.38285542019269353,92.61626325479958,47.916635910106855,121.49999999999999,41.18183285134722,5335.522451703363,2874.7495513779763,75.80414561333963,29.724359062414283,16.0153178349748,74.01796047458032
insulin_signal_hepatic,Insulin signalling (hepatic: HGP + HGU),potentiation,"u:0=none,1=max",ivitt,0.95,2.9,ok,645.4475871536695,0.0,2637.669151702574,13653.609318281884,13.514960843244028,0.38256006713696855,92.66893764127832,47.89474157945253,121.0,41.2036524923177,5343.103503628063,2880.3153459199802,75.85338510156602,29.683908353489237,16.001751921777668,74.09087752786212
insulin_signal_hepatic,Insulin signalling (hepatic: HGP + HGU),potentiation,"u:0=none,1=max",ivitt,1.0,3.0,ok,646.0863661052949,0.0,2638.7524794463834,13654.079523806315,13.527415546666269,0.3827931124070347,92.69409729437014,47.873418067863284,121.0,41.22490382627669,5344.309377801737,2880.2094550273446,75.85599735447953,29.690607654454098,16.001163639040804,74.16092875451082
insulin_signal_global,Insulin signalling (global),potentiation,"u:0=none,1=max",civii,0.0,1.0,ok,0.0,0.0,2543.3605144263897,27557.69352805906,7.4047180692065115,0.08220494566822609,92.95350913670309,73.94080175507986,325.0,15.160442884096625,6180.828301814416,3811.376652957142,83.63488172400321,18.758204254368486,11.567152209278126,5.065112829423128
insulin_signal_global,Insulin signalling (global),potentiation,"u:0=none,1=max",civii,0.05,1.1,ok,0.0,0.0,2611.1355063544343,27512.800350533154,7.626623662572038,0.08557667838782637,93.11808896610724,73.47366617042714,323.0,15.629378755125273,6171.619076942903,3826.9619209709563,83.49863535821898,18.73025516522884,11.614451960458137,5.172628384141375
insulin_signal_global,Insulin signalling (global),potentiation,"u:0=none,1=max",civii,0.1,1.2,ok,0.0,0.0,2674.1666968751833,27470.249722442226,7.8330672948675835,0.08879330211852403,93.2704168768289,73.03497593912752,321.0,16.069827507771166,6163.565213330718,3841.8579927153432,83.36949839891419,18.70581248355301,11.659660068938827,5.272811152056581
insulin_signal_global,Insulin signalling (global),potentiation,"u:0=none,1=max",civii,0.15,1.3,ok,0.0,0.0,2733.25210000882,27429.75913307135,8.026628912810969,0.09187674062440666,93.41212495275308,72.62104891940295,319.0,16.485475099404482,6156.443210843076,3856.15052741312,83.2466134539343,18.68419790847671,11.703036502012504,5.366762020747444
insulin_signal_global,Insulin signalling (global),potentiation,"u:0=none,1=max",civii,0.2,1.4,ok,0.0,0.0,2788.918293881805,27391.06632185982,8.208987360239067,0.09483746130534748,93.54452304001313,72.22838632513559,317.5,16.879828270531064,6150.090859030684,3869.9340512701656,83.12918458834544,18.66491914728584,11.744868137390487,5.457376316753171
insulin_signal_global,Insulin signalling (global),potentiation,"u:0=none,1=max",civii,0.25,1.5,ok,0.0,0.0,2841.7159760036543,27353.976595502474,8.381907873140008,0.09769433496869129,93.66867936275366,71.85428283222666,316.0,17.255597169252496,6144.358929968337,3883.253682982071,83.01662092716988,18.647523307946393,11.785291905863645,5.543358245400275
insulin_signal_global,Insulin signalling (global),potentiation,"u:0=none,1=max",civii,0.3,1.6,ok,0.0,0.0,2889.9828745936197,27319.72396004212,8.54038422520006,0.10029235232602197,93.78248801263685,71.50945864436528,314.5,17.60206424444813,6139.67381252861,3895.441696076145,82.91266755703224,18.633304438630077,11.822281323448088,5.6217648654713575
insulin_signal_global,Insulin signalling (global),potentiation,"u:0=none,1=max",civii,0.35,1.7,ok,0.0,0.0,2931.7366226204867,27290.014188598157,8.67829514774215,0.10245455334029065,93.88291275369302,71.21042486685471,313.0,17.9027221381985,6136.3854463723455,3905.5546756550675,82.82250133110215,18.623324571691487,11.852973218983513,5.688707354793065
insulin_signal_global,Insulin signalling (global),potentiation,"u:0=none,1=max",civii,0.4,1.8,ok,0.0,0.0,2969.5919377533064,27262.985227704863,8.803428512987857,0.10438085404683807,93.97410956782112,70.93924904743261,312.0,18.175505761090875,6133.7707613372,3914.487259368838,82.74047110077349,18.61538926050744,11.880082729495713,5.75080832023899
insulin_signal_global,Insulin signalling (global),potentiation,"u:0=none,1=max",civii,0.45,1.9,ok,0.0,0.0,3004.4606563070497,27237.908250997192,8.91861051732093,0.10614394919227856,94.0577013992408,70.68958638220722,310.99999999999994,18.426762348355837,6131.601240837228,3922.546330523136,82.66436494991562,18.608804979779148,11.904541215548214,5.807616227636954
insulin_signal_global,Insulin signalling (global),potentiation,"u:0=none,1=max",civii,0.5,2.0,ok,0.0,0.0,3036.9335224838064,27214.414896284863,9.025665307003592,0.1077747900406087,94.13494064454898,70.45769454032582,309.99999999999994,18.66023484675094,6129.738532027661,3929.899448794138,82.59306493561417,18.60315184226908,11.926857204231073,5.860085048285011
insulin_signal_global,Insulin signalling (global),potentiation,"u:0=none,1=max",civii,0.55,2.1,ok,0.0,0.0,3067.3955179410727,27192.23898380842,9.125921122808318,0.10930328826625106,94.20659581861514,70.24104636531607,309.0,18.878454057268684,6128.131255053536,3936.668024943576,82.52576322855363,18.59827391518524,11.947399165230882,5.908919547354022
insulin_signal_global,Insulin signalling (global),potentiation,"u:0=none,1=max",civii,0.6,2.2,ok,0.0,0.0,3096.132544484038,27171.17111674166,9.220218110121566,0.11073980379206956,94.27336144135865,70.03697172129009,308.49999999999994,19.084088016803406,6126.712232179948,3942.937268604229,82.46182433002024,18.593967320728222,11.966425701378542,5.956721260355773
insulin_signal_global,Insulin signalling (global),potentiation,"u:0=none,1=max",civii,0.65,2.3,ok,1.5191064659209346,0.0,3123.490862196414,27151.118078540094,9.309788982991803,0.11211036323325976,94.3358113278899,69.84456166694297,307.5,19.278049594321715,6125.456183630626,3948.7686301891426,82.40096533699574,18.590155337270488,11.984123308616518,6.151737729492642
insulin_signal_global,Insulin signalling (global),potentiation,"u:0=none,1=max",civii,0.7,2.4,ok,4.89206119993117,0.0,3149.46819835136,27131.850533830417,9.394637798581048,0.11341495313888579,94.39433466994045,69.66164503713496,306.99999999999994,19.46250554974739,6124.36047181097,3954.229940002845,82.34249023924255,18.586829959972597,12.000697845228666,6.531827478072285
insulin_signal_global,Insulin signalling (global),potentiation,"u:0=none,1=max",civii,0.75,2.5,ok,9.053187798698666,0.0,3174.4092931393325,27113.385284490883,9.475842829789281,0.11466557343875157,94.44945634253855,69.48786783491009,306.5,19.6378035081446,6123.359019028167,3959.348881003464,82.2864500288039,18.583790649554373,12.01623332626241,6.988691749178712
insulin_signal_global,Insulin signalling (global),potentiation,"u:0=none,1=max",civii,0.8,2.6,ok,13.738657157969627,0.0,3198.2983905162228,27095.550261895005,9.553430753425108,0.1158649486588293,94.50154014582212,69.32147344595649,306.0,19.805705478606683,6122.45786557061,3964.1768193672297,82.23232249437028,18.581055737695326,12.030885642996145,7.49614144692661
insulin_signal_global,Insulin signalling (global),potentiation,"u:0=none,1=max",civii,0.85,2.7,ok,18.81166151096551,0.0,3221.3471375878094,27078.33354199578,9.62804706050202,0.11702316163799609,94.55061484325046,69.16256953107336,305.5,19.966104905170212,6121.639433936138,3968.7352355006115,82.18007144763514,18.57857187841013,12.0447199863448,8.040686822315934
insulin_signal_global,Insulin signalling (global),potentiation,"u:0=none,1=max",civii,0.9,2.8,ok,24.198435819176552,0.0,3243.5097965339332,27061.573382443858,9.699649431722193,0.11814294883184659,94.59726866260316,69.00938039867356,305.0,20.12077863245797,6120.889303732611,3973.0670133321923,82.12920601652156,18.57629530723099,12.057866504801797,8.615129421704408
insulin_signal_global,Insulin signalling (global),potentiation,"u:0=none,1=max",civii,0.95,2.9,ok,29.831353810084845,0.0,3265.0044872226745,27045.336596552323,9.768894173063524,0.11923214750745181,94.64146345986144,68.86241453533763,304.49999999999994,20.269217750760674,6120.204789955925,3977.1727808230703,82.0799289728447,18.574217875435284,12.070327104167134,9.2128511474807
insulin_signal_global,Insulin signalling (global),potentiation,"u:0=none,1=max",civii,1.0,3.0,ok,35.669066851541665,0.0,3285.8007339390683,27029.46465600204,9.835702667936113,0.12029244823224997,94.68352750388517,68.72010843207018,304.0,20.41298635330861,6119.56575748022,3981.092277740525,82.03175919879223,18.57227847490203,12.082222390714795,9.829860640098175
glucagon_signal_hepatic,Glucagon signalling (hepatic HGP),potentiation,"u:0=none,1=max",civii,0.0,1.0,ok,0.0,0.0,2543.3605144263897,27557.69352805906,7.4047180692065115,0.08220494566822609,92.95350913670309,73.94080175507986,325.0,15.160442884096625,6180.828301814416,3811.376652957142,83.63488172400321,18.758204254368486,11.567152209278126,5.065112829423128
glucagon_signal_hepatic,Glucagon signalling (hepatic HGP),potentiation,"u:0=none,1=max",civii,0.05,1.1,ok,0.0,0.0,2537.1671105351124,27559.26704272002,7.385179249067258,0.08235719335214112,92.92637369881656,73.99156723817211,324.5,15.109579209716088,6179.954432220764,3809.4321511503085,83.63965718579672,18.755552146345263,11.561250838088949,5.053664370278863
glucagon_signal_hepatic,Glucagon signalling (hepatic HGP),potentiation,"u:0=none,1=max",civii,0.1,1.2,ok,0.0,0.0,2531.414389853088,27560.677035224908,7.366961004433593,0.08251541781390946,92.9012022755084,74.03950811785718,324.0,15.061543830675063,6179.082816631158,3807.6488547969598,83.64393637397544,18.752906879001994,11.555838709550713,5.04285290363467
glucagon_signal_hepatic,Glucagon signalling (hepatic HGP),potentiation,"u:0=none,1=max",civii,0.15,1.3,ok,0.0,0.0,2526.1049908181,27561.83046521758,7.349977136574151,0.0826856862111444,92.8778166912292,74.08515602894299,324.0,15.015804880317134,6178.178903646516,3806.0331921008706,83.64743692023545,18.750163592250427,11.550935332627832,5.034711230288523
glucagon_signal_hepatic,Glucagon signalling (hepatic HGP),potentiation,"u:0=none,1=max",civii,0.2,1.4,ok,0.0,0.0,2521.27851973614,27562.893131555735,7.334512720971221,0.08286898593799255,92.85604790468524,74.12858971458003,323.5,14.972283395029407,6177.274404616937,3804.536215097782,83.65066200775641,18.74741852691028,11.54639215507673,5.025140036450348
glucagon_signal_hepatic,Glucagon signalling (hepatic HGP),potentiation,"u:0=none,1=max",civii,0.25,1.5,ok,0.0,0.0,2516.8477362229014,27563.791647787515,7.32019721590082,0.08306294720090011,92.83576479074955,74.1700648603228,323.0,14.93072350966439,6176.353224485312,3803.1678635627522,83.65338891589535,18.74462283607075,11.542239343134302,5.016094928769924
glucagon_signal_hepatic,Glucagon signalling (hepatic HGP),potentiation,"u:0=none,1=max",civii,0.3,1.6,ok,0.0,0.0,2512.701484166294,27564.55310030024,7.306683034254085,0.08325731061888278,92.81685653600998,74.20948391555272,322.5,14.89122259026091,6175.439662940277,3801.922133936247,83.65569984916613,18.74185026689007,11.53845867658952,5.007457754146981
glucagon_signal_hepatic,Glucagon signalling (hepatic HGP),potentiation,"u:0=none,1=max",civii,0.35,1.7,ok,0.0,0.0,2508.920482511823,27565.19137067008,7.29428486082386,0.08346463475327527,92.7992589439294,74.2470405060979,322.49999999999994,14.853586848255105,6174.526260556733,3800.7742226890277,83.65763693678326,18.739078180748812,11.534974879177629,5.001421341047483
glucagon_signal_hepatic,Glucagon signalling (hepatic HGP),potentiation,"u:0=none,1=max",civii,0.4,1.8,ok,0.0,0.0,2505.42463658782,27565.720860716756,7.282790004740946,0.08367892518451275,92.78279499851145,74.28294415003613,322.0,14.817606617705735,6173.624780624914,3799.7200815799615,83.65924388684903,18.736342278072577,11.531775664886075,4.993720926642831
glucagon_signal_hepatic,Glucagon signalling (hepatic HGP),potentiation,"u:0=none,1=max",civii,0.45,1.9,ok,0.0,0.0,2502.2026387636224,27566.13682259483,7.2720862804062625,0.08389964869021516,92.76737655759727,74.31729853058066,322.0,14.783178081175436,6172.740829861671,3798.7482934645645,83.66050629012089,18.733659574693995,11.52882638380748,4.98848262016867
glucagon_signal_hepatic,Glucagon signalling (hepatic HGP),potentiation,"u:0=none,1=max",civii,0.5,2.0,ok,0.0,0.0,2499.214786528668,27566.48939435427,7.262132544950798,0.08412306033160322,92.75300104250064,74.35006366451844,321.49999999999994,14.750341096192514,6171.862212060101,3797.8631232540565,83.66157631063513,18.73099305632808,11.526139979526729,4.981518453689653
glucagon_signal_hepatic,Glucagon signalling (hepatic HGP),potentiation,"u:0=none,1=max",civii,0.55,2.1,ok,0.0,0.0,2496.4833777160434,27566.746501001282,7.252912556479523,0.08435229461330152,92.739558035606,74.38144077955528,321.49999999999994,14.718894322581022,6171.003816768834,3797.04502811999,83.66235660394928,18.728387911286298,11.523657141487073,4.97698345415014
glucagon_signal_hepatic,Glucagon signalling (hepatic HGP),potentiation,"u:0=none,1=max",civii,0.6,2.2,ok,0.0,0.0,2493.966953409571,27566.91536413454,7.244406570509142,0.08459083205474194,92.72687302127036,74.41137909963129,320.99999999999994,14.688888439674258,6170.167616539447,3796.2900163100876,83.66286908690302,18.725850126068128,11.521365755114077,4.970725010057631
glucagon_signal_hepatic,Glucagon signalling (hepatic HGP),potentiation,"u:0=none,1=max",civii,0.65,2.3,ok,0.0,0.0,2491.6476708472387,27567.03591226571,7.2364779554407335,0.08482952811130136,92.71506341154247,74.43994546000539,321.0,14.660256502818058,6169.349864857599,3795.596803816579,83.66323493859093,18.723368330372075,11.5192619235708,4.96683234918612
glucagon_signal_hepatic,Glucagon signalling (hepatic HGP),potentiation,"u:0=none,1=max",civii,0.7,2.4,ok,0.0,0.0,2489.5098032946216,27567.08618522223,7.229138926373762,0.08507322426787287,92.70397364733194,74.46733103745444,320.49999999999994,14.632807269329092,6168.546351616356,3794.963121482091,83.66338751205534,18.720929746938868,11.517338760188442,4.961142090382063
glucagon_signal_hepatic,Glucagon signalling (hepatic HGP),potentiation,"u:0=none,1=max",civii,0.75,2.5,ok,0.0,0.0,2487.5323421399735,27567.073637354733,7.222301155057804,0.08531941534978273,92.69350012485522,74.49343671334601,320.5,14.606639748843762,6167.762274801244,3794.3872305984446,83.66334943051513,18.718550151141862,11.515590988159165,4.957798707751293
glucagon_signal_hepatic,Glucagon signalling (hepatic HGP),potentiation,"u:0=none,1=max",civii,0.8,2.6,ok,0.0,0.0,2485.7304740330887,27567.003216556022,7.21597990469709,0.08557069391958735,92.6837429408299,74.51829351854914,320.49999999999994,14.581722853560777,6167.007535762127,3793.8504495059556,83.66313571033696,18.7162595926013,11.513961910488486,4.9547299525798945
glucagon_signal_hepatic,Glucagon signalling (hepatic HGP),potentiation,"u:0=none,1=max",civii,0.85,2.7,ok,0.0,0.0,2484.075958406199,27566.91895794803,7.210178422915379,0.08582270382912979,92.67451641744168,74.54195321655925,320.0,14.55800476417329,6166.278370534226,3793.354988934546,83.66287999377248,18.714046648055316,11.51245823652366,4.949830690863051
glucagon_signal_hepatic,Glucagon signalling (hepatic HGP),potentiation,"u:0=none,1=max",civii,0.9,2.8,ok,0.0,0.0,2482.5334182237375,27566.747399127424,7.204693085571544,0.08607741534565881,92.66585380717977,74.5644830412304,320.0,14.535418161792606,6165.567070475378,3792.9092299226395,83.66235932967352,18.71188792253529,11.51110540188965,4.947217822582347
glucagon_signal_hepatic,Glucagon signalling (hepatic HGP),potentiation,"u:0=none,1=max",civii,0.95,2.9,ok,0.0,0.0,2481.149264742081,27566.561130356262,7.199741122146479,0.08633693206885922,92.6577291239393,74.5857815599875,319.99999999999994,14.514064430870008,6164.884274134043,3792.492734557117,83.66179402232554,18.70981570298648,11.509841379536017,4.944880882270363
glucagon_signal_hepatic,Glucagon signalling (hepatic HGP),potentiation,"u:0=none,1=max",civii,1.0,3.0,ok,0.0,0.0,2479.8782345363115,27566.34240498713,7.195135408880114,0.08659488855111588,92.65000697093087,74.6059000363726,319.5,14.493892254969026,6164.218409171318,3792.1174528963193,83.66113021240403,18.707794868501722,11.508702436711136,4.940659147041668
insulin_secretion,Beta-cell insulin secretion capacity,potentiation,"u:0=none,1=max",civii,0.0,1.0,ok,0.0,0.0,2543.3605144263897,27557.69352805906,7.4047180692065115,0.08220494566822609,92.95350913670309,73.94080175507986,325.0,15.160442884096625,6180.828301814416,3811.376652957142,83.63488172400321,18.758204254368486,11.567152209278126,5.065112829423128
insulin_secretion,Beta-cell insulin secretion capacity,potentiation,"u:0=none,1=max",civii,0.05,1.1,ok,0.0,0.0,2626.4292893184083,27258.389639128483,7.215881307891096,0.07855615234931018,91.88098774078568,73.36273420735915,329.5,14.370594216729259,6214.834052312477,3867.4480416066262,82.72652394272681,18.861408352996897,11.737323343267455,4.943178991508637
insulin_secretion,Beta-cell insulin secretion capacity,potentiation,"u:0=none,1=max",civii,0.1,1.2,ok,0.0,0.0,2745.0393432514293,26991.376562819383,7.047465675556257,0.07515834856604099,90.92490678805218,72.85654312625816,329.5,13.611164484694342,6244.683101234247,3921.6081124527554,81.91616559277506,18.95199727233459,11.901693816245086,4.8116366999001
insulin_secretion,Beta-cell insulin secretion capacity,potentiation,"u:0=none,1=max",civii,0.15,1.3,ok,0.0,0.0,2905.7055709878978,26750.902345816932,6.897354508109436,0.07206072025214313,90.06422189218438,72.40533953177194,329.49999999999994,12.906617668232968,6271.600624756096,3973.908184961328,81.18635006317734,19.033689301232464,12.060419377727857,4.691352414898715
insulin_secretion,Beta-cell insulin secretion capacity,potentiation,"u:0=none,1=max",civii,0.2,1.4,ok,0.0,0.0,3122.6913712743126,26532.308628725685,6.762256346598682,0.06926538533697267,89.28331123239919,71.99767506543459,329.49999999999994,12.263989064238487,6296.317214450504,4024.454704012037,80.52293969264245,19.10870171305161,12.213823077426518,4.582216805319652
insulin_secretion,Beta-cell insulin secretion capacity,potentiation,"u:0=none,1=max",civii,0.25,1.5,ok,0.0,0.0,3322.8797472298565,26332.12025277014,6.640390768826937,0.06677905651120819,88.56988880813154,71.62428447968658,329.5,11.686452815895763,6319.356672891293,4073.331569721332,79.91538771705656,19.178624196938674,12.362159543919065,4.484130134233407
insulin_secretion,Beta-cell insulin secretion capacity,potentiation,"u:0=none,1=max",civii,0.3,1.6,ok,0.0,0.0,3507.5718807015483,26147.428119298456,6.529623834846305,0.06459466591802673,87.91445361694666,71.27792638516081,329.5,11.174123956844014,6341.107700388322,4120.671430880426,79.35486530894828,19.244636419994908,12.505831353203114,4.396543014422782
insulin_secretion,Beta-cell insulin secretion capacity,potentiation,"u:0=none,1=max",civii,0.35,1.7,ok,0.0,0.0,3678.952064763712,25976.04793523629,6.42921153309827,0.06271703408679132,87.30917836470442,70.95311858039852,329.5,10.724827058514876,6361.813847406674,4166.577699044481,78.83474335428312,19.307477533859405,12.645152349148653,4.31907173830073
insulin_secretion,Beta-cell insulin secretion capacity,potentiation,"u:0=none,1=max",civii,0.4,1.8,ok,0.0,0.0,3838.960273980938,25816.03972601906,6.33786808664059,0.06113519054679144,86.74793476536034,70.64544631867986,329.49999999999994,10.335159903087302,6381.686950427877,4211.190389672727,78.34913422160565,19.367790441359265,12.78054746486412,4.251011274983348
insulin_secretion,Beta-cell insulin secretion capacity,potentiation,"u:0=none,1=max",civii,0.45,1.9,ok,0.0,0.0,3989.1618477894685,25665.83815221053,6.254687829576283,0.05983768772832304,86.22544925446176,70.35136596037958,329.5,10.000966742842053,6400.869054386307,4254.66215994206,77.893287260123,19.42600623485981,12.912479999824157,4.191674228806969
insulin_secretion,Beta-cell insulin secretion capacity,potentiation,"u:0=none,1=max",civii,0.5,2.0,ok,0.0,0.0,4130.831739075738,25524.168260924263,6.179188812133983,0.05881052958217204,85.73752279683626,70.0675119145246,329.5,9.71821899187826,6419.487420525451,4297.118280144512,77.46333311357895,19.482511139682703,13.04133013700914,4.140481607577823
insulin_secretion,Beta-cell insulin secretion capacity,potentiation,"u:0=none,1=max",civii,0.55,2.1,ok,4.153313244768299,0.0,4265.099768516485,25389.90023148351,6.110959859229384,0.058038665163301244,85.28043735625747,69.79090399413215,329.49999999999994,9.482920366738725,6437.640133549761,4338.7018606670035,77.05584288765861,19.53760283323145,13.167532202327783,4.5122024014521305
insulin_secretion,Beta-cell insulin secretion capacity,potentiation,"u:0=none,1=max",civii,0.6,2.2,ok,15.026881567898448,0.0,4392.926095904713,25262.073904095283,6.049662356406747,0.057502984852626414,84.8511636666537,69.51900952505743,329.49999999999994,9.291134768627401,6455.404518065212,4379.558408701003,76.66790259209496,19.59151598805831,13.291527795754185,5.562976343473375
insulin_secretion,Beta-cell insulin secretion capacity,potentiation,"u:0=none,1=max",civii,0.65,2.3,ok,30.545463054135706,0.0,4515.131454454515,25139.868545545487,5.995096225412308,0.05718174451746164,84.44704001412079,69.24924269482578,329.5,9.139496724386703,6472.84460258362,4419.820347183037,76.29702138253562,19.644444924381244,13.413718807839262,7.084805915045121
insulin_secretion,Beta-cell insulin secretion capacity,potentiation,"u:0=none,1=max",civii,0.7,2.4,ok,50.31470992014066,0.0,4632.43850630816,25022.561493691843,5.94693477415058,0.0570507610739713,84.06579108423965,68.97989050116034,329.5,9.024333239891831,6490.0266003765455,4459.620368799984,75.9410060506581,19.696590592948546,13.534507947799648,9.037710853950063
insulin_secretion,Beta-cell insulin secretion capacity,potentiation,"u:0=none,1=max",civii,0.75,2.5,ok,74.09006717313397,0.0,4745.438414682293,24909.5615853177,5.905015674002145,0.057086722533891146,83.70533920264738,68.70922875760935,329.49999999999994,8.942497334391518,6506.993270824061,4499.065670941529,75.59806247440882,19.74808276426119,13.654220549139696,11.396787289710925
insulin_secretion,Beta-cell insulin secretion capacity,potentiation,"u:0=none,1=max",civii,0.8,2.6,ok,101.59773147914484,0.0,4854.627079136896,24800.372920863105,5.869011532635502,0.0572638900809142,83.36389675499741,68.43649778330044,329.5,8.890401786288095,6523.776047551121,4538.244424860792,75.26668564753598,19.799016836270475,13.773124202915907,14.134111485070836
insulin_secretion,Beta-cell insulin secretion capacity,potentiation,"u:0=none,1=max",civii,0.85,2.7,ok,132.5651262053936,0.0,4960.425436815026,24694.57456318497,5.838481066062292,0.057558990205568254,83.03982428303425,68.16122285121298,329.5,8.864653846421206,6540.412212031867,4577.221908006213,74.9455980673292,19.849505954573193,13.891417019745715,17.221883204882065
insulin_secretion,Beta-cell insulin secretion capacity,potentiation,"u:0=none,1=max",civii,0.9,2.8,ok,166.67386771179298,0.0,5063.122255492719,24591.877744507285,5.8130044023387075,0.05794950989722908,82.73160396532575,67.88376234013066,329.5,8.861484015691019,6556.897351667405,4616.027909099734,74.63392335207067,19.899536727366936,14.009189405462015,20.62769212623139
insulin_secretion,Beta-cell insulin secretion capacity,potentiation,"u:0=none,1=max",civii,0.95,2.9,ok,203.34342516086332,0.0,5162.968131295089,24492.03186870491,5.791894899548628,0.05841246025001855,82.43787944471552,67.60473551050069,329.5,8.877255363044995,6573.255205782419,4654.6737651561325,74.33090096723797,19.949181201160602,14.126475766786442,24.29285791119973
insulin_secretion,Beta-cell insulin secretion capacity,potentiation,"u:0=none,1=max",civii,1.0,3.0,ok,241.03367886790176,0.0,5260.123813882871,24394.87618611713,5.774610826260485,0.058929512000619196,82.1574192660636,67.32511467245993,329.49999999999994,8.908359430291142,6589.474577788394,4693.142967675709,74.03604305346626,19.998405395412426,14.243226002050712,28.06279896218758
glucagon_secretion,Alpha-cell glucagon secretion capacity,potentiation,"u:0=none,1=max",civii,0.0,1.0,ok,0.0,0.0,2543.3605144263897,27557.69352805906,7.4047180692065115,0.08220494566822609,92.95350913670309,73.94080175507986,325.0,15.160442884096625,6180.828301814416,3811.376652957142,83.63488172400321,18.758204254368486,11.567152209278126,5.065112829423128
glucagon_secretion,Alpha-cell glucagon secretion capacity,potentiation,"u:0=none,1=max",civii,0.05,1.1,ok,0.0,0.0,2479.7376926593724,27655.022749839205,7.295658153271087,0.08160577618295631,93.10060670833339,74.35478170437901,322.0,15.004897309691813,6260.042579598987,4131.379583884767,83.93026631210684,18.998611774200263,12.538329541380174,5.0077683789005665
glucagon_secretion,Alpha-cell glucagon secretion capacity,potentiation,"u:0=none,1=max",civii,0.1,1.2,ok,0.0,0.0,2423.9018177950247,27741.699643781845,7.198382852755471,0.08106759008566854,93.23203468713987,74.72375120599209,319.0,14.872309331313375,6332.428118806585,4448.754447563793,84.19332213590849,19.21829474599874,13.501530948600283,4.955894365865535
glucagon_secretion,Alpha-cell glucagon secretion capacity,potentiation,"u:0=none,1=max",civii,0.15,1.3,ok,0.0,0.0,2374.609998280889,27819.489465753824,7.111607514332086,0.08059080170313597,93.35024310268807,75.05403777832358,316.5,14.76040006882414,6398.880551056613,4763.9412009371945,84.42940657284925,19.419971323388808,14.458091656865538,4.911028814180717
glucagon_secretion,Alpha-cell glucagon secretion capacity,potentiation,"u:0=none,1=max",civii,0.2,1.4,ok,0.0,0.0,2330.875920143825,27889.701656941997,7.033615188893288,0.08016561174199727,93.45725408756428,75.35159347485275,314.0,14.666160173509212,6460.148725660019,5077.321476516712,84.64249364777541,19.605914190166978,15.409169883207017,4.870320773311231
glucagon_secretion,Alpha-cell glucagon secretion capacity,potentiation,"u:0=none,1=max",civii,0.25,1.5,ok,0.0,0.0,2293.5672517650555,27953.332955042035,6.963445821047874,0.07979295390399785,93.55455996736129,75.62028714731173,312.0,14.588029668011586,6516.798518655304,5389.21614960063,84.83560836128083,19.77784072429531,16.355739452505706,4.835462645482829
glucagon_secretion,Alpha-cell glucagon secretion capacity,potentiation,"u:0=none,1=max",civii,0.3,1.6,ok,0.0,0.0,2260.7471567528946,28011.254130702808,6.900200655223479,0.07946805892586048,93.64352707979705,75.8636989320648,309.99999999999994,14.524266675503696,6569.328269491232,5699.880071326774,85.011393416397,19.937263336847447,17.298573812827843,4.803954310312881
glucagon_secretion,Alpha-cell glucagon secretion capacity,potentiation,"u:0=none,1=max",civii,0.35,1.7,ok,0.0,0.0,2231.651372907995,28064.186877133143,6.8431025738591895,0.07918530689769454,93.7251084647866,76.08492401438829,307.99999999999994,14.473266314452474,6618.185545128467,6009.523318818683,85.17203908082898,20.085540349403548,18.23831052752256,4.775419555803626
glucagon_secretion,Alpha-cell glucagon secretion capacity,potentiation,"u:0=none,1=max",civii,0.4,1.8,ok,0.0,0.0,2205.710863408757,28112.700573278446,6.791504016032052,0.07894042694860792,93.80024123289961,76.28613710492363,305.99999999999994,14.434070403364245,6663.700952075895,6318.3478303087,85.31927336351578,20.22367512010894,19.175562459206986,4.749584385929893
glucagon_secretion,Alpha-cell glucagon secretion capacity,potentiation,"u:0=none,1=max",civii,0.45,1.9,ok,0.0,0.0,2182.569781868979,28157.24900396548,6.745025181624193,0.07873809248508291,93.8697052870887,76.46932140885548,304.5,14.405701548079747,6706.166904117579,6626.5218707403765,85.45447345664789,20.352555095956234,20.110840275388092,4.728358835209749
glucagon_secretion,Alpha-cell glucagon secretion capacity,potentiation,"u:0=none,1=max",civii,0.5,2.0,ok,0.0,0.0,2161.8027438860345,28198.270630158546,6.702902770228099,0.07856492387119672,93.93400209896093,76.63629101334982,303.0,14.38718240294321,6745.87369569979,6934.179829210857,85.57897004600468,20.473061291956874,21.044551833720355,4.709318162280339
glucagon_secretion,Alpha-cell glucagon secretion capacity,potentiation,"u:0=none,1=max",civii,0.55,2.1,ok,0.0,0.0,2143.1803057781435,28236.026133046144,6.664958915218707,0.07843019747895996,93.99374208250482,76.78861512685681,300.99999999999994,14.377643343440184,6783.026192876593,7241.461472532798,85.69355427328118,20.585815456378132,21.977121312694383,4.690285213098643
glucagon_secretion,Alpha-cell glucagon secretion capacity,potentiation,"u:0=none,1=max",civii,0.6,2.2,ok,0.0,0.0,2126.437666233774,28270.936320648227,6.630692536283623,0.07832088018560952,94.04933752071906,76.92750534099073,299.49999999999994,14.37646126053265,6817.849235978678,7548.466550350969,85.79950324931178,20.691499957446673,22.908851442643307,4.675187457038801
glucagon_secretion,Alpha-cell glucagon secretion capacity,potentiation,"u:0=none,1=max",civii,0.65,2.3,ok,0.0,0.0,2111.4823899511425,28303.253447126866,6.600106667188078,0.07824113766981336,94.10125342134769,77.05414776131833,298.0,14.382946473398377,6850.507653584721,7855.269529483123,85.89758254059747,20.790615033641036,23.83996822301403,4.661890393142935
glucagon_secretion,Alpha-cell glucagon secretion capacity,potentiation,"u:0=none,1=max",civii,0.7,2.4,ok,0.0,0.0,2098.0444922979814,28333.116029839224,6.572620646282551,0.07819289492547876,94.1497534154368,77.16953800969453,296.5,14.396523939861098,6881.169694803961,8161.9936775652495,85.9882125336547,20.883671304412626,24.770845758923368,4.650199470433313
glucagon_secretion,Alpha-cell glucagon secretion capacity,potentiation,"u:0=none,1=max",civii,0.75,2.5,ok,0.0,0.0,2085.988734181029,28360.77455994862,6.548029335976275,0.07816607235578306,94.19513371428802,77.27464828531524,294.99999999999994,14.416575633185985,6909.968750164992,8468.703564093043,86.07215344445713,20.971073596858858,25.701680012421985,4.6399615932788585
glucagon_secretion,Alpha-cell glucagon secretion capacity,potentiation,"u:0=none,1=max",civii,0.8,2.6,ok,0.0,0.0,2075.2306734368326,28386.441174387997,6.526258109903247,0.078164660285636,94.23771789910553,77.37018122400953,293.49999999999994,14.44270319494774,6937.045274615715,8775.446188213624,86.15004908767224,21.053248177892918,26.63261362128566,4.631134542787837
glucagon_secretion,Alpha-cell glucagon secretion capacity,potentiation,"u:0=none,1=max",civii,0.85,2.7,ok,0.0,0.0,2065.57313032686,28410.21906855883,6.506840696648533,0.07818204152482544,94.27776476178947,77.4569818382666,292.0,14.474316671532463,6962.496323806931,9082.326625619991,86.22221265116488,21.130489601841976,27.56396547987858,4.623516551146042
glucagon_secretion,Alpha-cell glucagon secretion capacity,potentiation,"u:0=none,1=max",civii,0.9,2.8,ok,0.0,0.0,2056.9848552210296,28432.30629640053,6.4898199646692,0.07821966767053756,94.31536826445037,77.53570088967614,290.49999999999994,14.510983253104271,6986.4652881605125,9389.341643926868,86.28924520910633,21.203233044493214,28.495725778230256,4.617081145498816
glucagon_secretion,Alpha-cell glucagon secretion capacity,potentiation,"u:0=none,1=max",civii,0.95,2.9,ok,0.0,0.0,2049.338315882714,28452.794186944906,6.474884232671941,0.07827595885780587,94.35081314704462,77.60685921324604,288.99999999999994,14.552367970322209,7009.030362100768,9696.563729093841,86.35142393609988,21.271715818211742,29.42811450407843,4.611710793841694
glucagon_secretion,Alpha-cell glucagon secretion capacity,potentiation,"u:0=none,1=max",civii,1.0,3.0,ok,0.0,0.0,2042.5835609849005,28471.79069039795,6.461991872754035,0.07835235249691758,94.38421548174499,77.67114020157035,287.5,14.597946072629256,7030.2701722297015,10004.038111740942,86.40907645037314,21.336176546979367,30.3612689278936,4.607348551191392
insulin_signal_global_inhibition,Insulin signalling inhibition,inhibition,"u:0=none,1=max",civii,0.0,1.0,ok,0.0,0.0,2543.3605144263897,27557.69352805906,7.4047180692065115,0.08220494566822609,92.95350913670309,73.94080175507986,325.0,15.160442884096625,6180.828301814416,3811.376652957142,83.63488172400321,18.758204254368486,11.567152209278126,5.065112829423128
insulin_signal_global_inhibition,Insulin signalling inhibition,inhibition,"u:0=none,1=max",civii,0.05,0.95,ok,0.0,0.0,2507.5031148000317,27581.172061391997,7.287356361808732,0.08045929748001704,92.8661487943453,74.18660056694223,326.0,14.913724620122764,6185.931397029614,3803.284463813413,83.70613675688011,18.773691645006416,11.542593213394273,5.008289461487796
insulin_signal_global_inhibition,Insulin signalling inhibition,inhibition,"u:0=none,1=max",civii,0.1,0.9,ok,0.0,0.0,2470.070486439693,27605.41860469604,7.1648862368770985,0.07866512286827562,92.77494554990518,74.44133434386117,326.99999999999994,14.658058049421214,6191.469841929214,3794.957443898079,83.77972262426721,18.790500278996102,11.51732152928097,4.9491007669476215
insulin_signal_global_inhibition,Insulin signalling inhibition,inhibition,"u:0=none,1=max",civii,0.15,0.85,ok,0.0,0.0,2431.0317472654056,27630.5544224763,7.037257582307668,0.07682485450265028,92.67959492295988,74.70577859858892,328.5,14.392665470933352,6197.46688556385,3786.368092278404,83.85600735197663,18.80870071491305,11.49125369431989,4.889549539846834
insulin_signal_global_inhibition,Insulin signalling inhibition,inhibition,"u:0=none,1=max",civii,0.2,0.8,ok,0.0,0.0,2390.132575072808,27656.589464686334,6.903547298553522,0.07493205775601318,92.57989876986312,74.98098712856233,329.49999999999994,14.116490340595249,6203.998860899708,3777.502513662524,83.93502113713608,18.828524615780605,11.464347537670788,4.825107089119532
insulin_signal_global_inhibition,Insulin signalling inhibition,inhibition,"u:0=none,1=max",civii,0.25,0.75,ok,0.0,0.0,2347.1804618896385,27683.69263105098,6.763227666323377,0.0729824670854122,92.47530145845622,75.26784008616512,329.5,13.828653125917285,6211.167889364165,3768.3069752452284,84.01727657375108,18.850281910058165,11.436439985569738,4.7534533046097796
insulin_signal_global_inhibition,Insulin signalling inhibition,inhibition,"u:0=none,1=max",civii,0.3,0.7,ok,0.0,0.0,2301.9802619719353,27711.972683147324,6.615648077091352,0.07097422715288364,92.36556584844635,75.56763349795432,329.5,13.527852866553673,6219.069461788298,3758.744103814118,84.1031037424805,18.87426240299939,11.407417614003393,4.6784548495325256
insulin_signal_global_inhibition,Insulin signalling inhibition,inhibition,"u:0=none,1=max",civii,0.35,0.65,ok,0.0,0.0,2254.305149026803,27741.683832462288,6.460145844397856,0.06890046599983117,92.25013062838659,75.8814840195192,329.49999999999994,13.212972097832775,6227.830200455006,3748.750263437688,84.19327415011318,18.900850380743574,11.377087294196324,4.599807028791934
insulin_signal_global_inhibition,Insulin signalling inhibition,inhibition,"u:0=none,1=max",civii,0.4,0.6,ok,0.0,0.0,2203.7940201308716,27772.951613749166,6.295508021231387,0.06675488022284262,92.12846597954476,76.21111493560522,329.5,12.88228358405847,6237.643371905094,3738.258563988862,84.2881687822433,18.930632388179344,11.345246021210507,4.517009010391534
insulin_signal_global_inhibition,Insulin signalling inhibition,inhibition,"u:0=none,1=max",civii,0.45,0.55,ok,0.0,0.0,2150.139974599306,27806.066621814454,6.120837217817092,0.06453253518620967,92.0000949772796,76.55850949640923,329.49999999999994,12.533801335533354,6248.679359615536,3727.1887358534877,84.38866956544601,18.96412552235368,11.311650184684336,4.429618396628913
insulin_signal_global_inhibition,Insulin signalling inhibition,inhibition,"u:0=none,1=max",civii,0.5,0.5,ok,0.0,0.0,2092.927113579751,27841.35558722893,5.9348552671519235,0.06222521862932548,91.86442779838019,76.92567650536262,329.49999999999994,12.165511340675877,6261.219689961979,3715.427844629366,84.49576809477674,19.0021841880485,11.275957039846332,4.3370818833158795
insulin_signal_global_inhibition,Insulin signalling inhibition,inhibition,"u:0=none,1=max",civii,0.55,0.44999999999999996,ok,0.0,0.0,2031.6888639208155,27879.237538705216,5.736157686016686,0.05982428180723525,91.72079765458565,77.31543933824761,329.5,11.774585170755373,6275.594400556323,3702.834702140003,84.61073608104769,19.045810016862895,11.237738094506838,4.238731477744522
insulin_signal_global_inhibition,Insulin signalling inhibition,inhibition,"u:0=none,1=max",civii,0.6,0.4,ok,0.0,0.0,1965.750976292301,27920.247668283664,5.522724044751869,0.05731548904938616,91.56862940887156,77.73109136287367,329.5,11.357723268738539,6292.27194490627,3689.233208409656,84.7351977793131,19.096424718987162,11.196458902608972,4.133675993621452
insulin_signal_global_inhibition,Insulin signalling inhibition,inhibition,"u:0=none,1=max",civii,0.65,0.35,ok,0.0,0.0,1894.5261244871858,27964.993043916766,5.292834733143726,0.054690788853599945,91.40732505199395,78.17660872112364,329.5,10.910938764093103,6311.769464594307,3674.4058226047405,84.87099558093101,19.155597768116255,11.151459249179789,4.021055524587233
insulin_signal_global_inhibition,Insulin signalling inhibition,inhibition,"u:0=none,1=max",civii,0.7,0.30000000000000004,ok,0.0,0.0,1817.0537965359404,28014.51045559145,5.0438969838739665,0.05192841004404923,91.23647670035456,78.6572113125086,329.5,10.429004643681267,6334.892462837366,3658.0324165435977,85.02127604124871,19.225773787063325,11.101767576763574,3.8996134903828525
insulin_signal_global_inhibition,Insulin signalling inhibition,inhibition,"u:0=none,1=max",civii,0.75,0.25,ok,0.0,0.0,1732.3295042961302,28069.883070813026,4.7732130950718945,0.04901267333286582,91.05601936780636,79.1792976340195,329.5,9.905504441838517,6362.660585081589,3639.704958285697,85.18932646680736,19.3100472991854,11.04614554866676,3.7679728690923087
insulin_signal_global_inhibition,Insulin signalling inhibition,inhibition,"u:0=none,1=max",civii,0.8,0.19999999999999996,ok,0.0,0.0,1639.043374051927,28132.801892337546,4.4777979655229245,0.04591926254137128,90.86666921320901,79.75143046768645,329.5,9.33184869082163,6396.45356595028,3618.864574432001,85.38027888418071,19.412605662975054,10.982897039247348,3.624433560809901
insulin_signal_global_inhibition,Insulin signalling inhibition,inhibition,"u:0=none,1=max",civii,0.85,0.15000000000000002,ok,0.0,0.0,1535.5569277358015,28205.454734052422,4.154245635802739,0.04261957153262831,90.67069668991124,80.38472919840984,329.5,8.696879588145507,6438.236293396161,3594.73855713481,85.60077309272359,19.539412119563465,10.909676956403064,3.4669172855206307
insulin_signal_global_inhibition,Insulin signalling inhibition,inhibition,"u:0=none,1=max",civii,0.9,0.09999999999999998,ok,0.0,0.0,1419.7938329923868,28290.89995205462,3.7993229670776363,0.039080385703622454,90.47354893404207,81.09367640850235,329.5,7.9860494264456605,6490.8048349411965,3566.2224866848555,85.86009090153148,19.698952458091643,10.823133495249941,3.2930329852228035
insulin_signal_global_inhibition,Insulin signalling inhibition,inhibition,"u:0=none,1=max",civii,0.95,0.050000000000000044,ok,0.0,0.0,1289.7744107637914,28393.401839716782,3.411354139274732,0.035270993627830476,90.28735557392768,81.89600699738565,329.5,7.18164059333067,6558.210819639684,3531.736678195838,86.17117402038477,19.903522973109816,10.718472467969159,3.1004741480878146
insulin_signal_global_inhibition,Insulin signalling inhibition,inhibition,"u:0=none,1=max",civii,1.0,0.0,ok,0.0,0.0,1145.9717532409234,28518.896413565344,2.9927429196245927,0.031174740967111814,90.13835620755704,82.80772158612548,329.5,6.267793262024611,6646.799419692055,3488.927672277636,86.55203767394642,20.172380636394706,10.588551357443508,2.8882002372646256
glucagon_signal_inhibition,Glucagon signalling inhibition,inhibition,"u:0=none,1=max",civii,0.0,1.0,ok,0.0,0.0,2543.3605144263897,27557.69352805906,7.4047180692065115,0.08220494566822609,92.95350913670309,73.94080175507986,325.0,15.160442884096625,6180.828301814416,3811.376652957142,83.63488172400321,18.758204254368486,11.567152209278126,5.065112829423128
glucagon_signal_inhibition,Glucagon signalling inhibition,inhibition,"u:0=none,1=max",civii,0.05,0.95,ok,0.0,0.0,2546.6708446021994,27556.80998309057,7.4150840459952425,0.08213448824371221,92.96793390152273,73.91454248937661,325.0,15.186752708805145,6181.24247358482,3812.4230976379204,83.63220025217169,18.75946122484012,11.570328065668955,5.070055002366436
glucagon_signal_inhibition,Glucagon signalling inhibition,inhibition,"u:0=none,1=max",civii,0.1,0.9,ok,0.0,0.0,2550.1747875286737,27555.868554298464,7.4260184843143575,0.08207061038926232,92.98284190313082,73.88756839811728,325.5,15.213778380048069,6181.636433360861,3813.5149087088666,83.6293431086448,18.76065685390246,11.573641604579262,5.07732051677964
glucagon_signal_inhibition,Glucagon signalling inhibition,inhibition,"u:0=none,1=max",civii,0.15,0.85,ok,0.0,0.0,2553.7912990757764,27554.87053877473,7.437288615266376,0.08200707368233394,92.9983920021866,73.85968466949323,325.49999999999994,15.241714722954072,6182.033499633161,3814.6611620971016,83.62631422996884,18.761861910874543,11.577120370552663,5.082679095282002
glucagon_signal_inhibition,Glucagon signalling inhibition,inhibition,"u:0=none,1=max",civii,0.2,0.8,ok,0.0,0.0,2557.562833948931,27553.82257758294,7.448997615971664,0.08194656732301486,93.01456676127908,73.83111883459978,326.0,15.27033428680403,6182.425561098944,3815.8574207184993,83.62313377111667,18.763051778752484,11.580750897476477,5.090311191368056
glucagon_signal_inhibition,Glucagon signalling inhibition,inhibition,"u:0=none,1=max",civii,0.25,0.75,ok,0.0,0.0,2561.463438899827,27552.64242097446,7.461032365890731,0.08188984380499517,93.031365769687,73.80170822109748,325.99999999999994,15.299799760585444,6182.79301247484,3817.1292094911632,83.61955211221385,18.764166957435027,11.584610650959526,5.096041114915819
glucagon_signal_inhibition,Glucagon signalling inhibition,inhibition,"u:0=none,1=max",civii,0.3,0.7,ok,0.0,0.0,2565.586505779577,27551.429893046312,7.473734410749664,0.08183744742256732,93.04890561626867,73.77158163128514,326.5,15.329982382521948,6183.1374998574665,3818.4556044656883,83.61587220954874,18.765212442663024,11.588636128879175,5.104110209365905
glucagon_signal_inhibition,Glucagon signalling inhibition,inhibition,"u:0=none,1=max",civii,0.35,0.65,ok,0.0,0.0,2569.903274458692,27550.151093048895,7.487012541250509,0.08178997537754255,93.06709397108796,73.7404024542884,326.5,15.361218805357339,6183.480847001982,3819.839809147472,83.61199117769011,18.766254467380826,11.592837053558336,5.110365105591966
glucagon_signal_inhibition,Glucagon signalling inhibition,inhibition,"u:0=none,1=max",civii,0.4,0.6,ok,0.0,0.0,2574.446689143824,27548.76816956983,7.5008491082373245,0.0817473445518722,93.08615080910052,73.70827756052222,326.5,15.393402203200921,6183.782696468112,3821.3017413583166,83.60779414133484,18.76717055073782,11.597273873621598,5.116873642140754
glucagon_signal_inhibition,Glucagon signalling inhibition,inhibition,"u:0=none,1=max",civii,0.45,0.55,ok,0.0,0.0,2579.176947858639,27547.314473717957,7.515302418869222,0.08170960703745676,93.10591868508153,73.67522398534079,327.0,15.426515586306522,6184.0798891343675,3822.8318845811227,83.60338231780867,18.768072501166518,11.601917707378218,5.125732305865774
glucagon_signal_inhibition,Glucagon signalling inhibition,inhibition,"u:0=none,1=max",civii,0.5,0.5,ok,0.0,0.0,2584.108552164328,27545.717663407748,7.530270902694774,0.0816766332837605,93.12662336572369,73.64116566617727,327.0,15.46063506546622,6184.336512537891,3824.4561173747984,83.59853615601745,18.768851327884345,11.606847093701967,5.132756075792017
glucagon_signal_inhibition,Glucagon signalling inhibition,inhibition,"u:0=none,1=max",civii,0.55,0.44999999999999996,ok,0.0,0.0,2589.2896460134357,27544.037889525964,7.545890853979909,0.08164689285562607,93.14817438943426,73.60610289372461,327.5,15.49576047882077,6184.5617709073385,3826.164418412813,83.59343820796954,18.769534964817417,11.612031618855275,5.142139565953649
glucagon_signal_inhibition,Glucagon signalling inhibition,inhibition,"u:0=none,1=max",civii,0.6,0.4,ok,0.0,0.0,2594.668813312184,27542.197637149875,7.562055436837774,0.08162345492079637,93.17071581518256,73.56992977959838,327.5,15.531997611658184,6184.768748212066,3827.9691602921953,83.5878532235201,18.770163120522206,11.617508832449758,5.1497122903284
glucagon_signal_inhibition,Glucagon signalling inhibition,inhibition,"u:0=none,1=max",civii,0.65,0.35,ok,0.0,0.0,2600.4217266391065,27540.310157435324,7.579328851253321,0.0816079848017432,93.19427390227419,73.53249153159928,328.0,15.569501387003186,6184.917743688084,3829.864120987091,83.58212490875667,18.770615307095852,11.623259851250657,5.159804035621989
glucagon_signal_inhibition,Glucagon signalling inhibition,inhibition,"u:0=none,1=max",civii,0.7,0.30000000000000004,ok,0.0,0.0,2606.3735822693698,27538.23683695763,7.597012300043085,0.08159491749370155,93.21889520712662,73.49376831425609,328.5,15.608291697183901,6185.051575756572,3831.869641988606,83.57583258560737,18.771021474223282,11.629346409677105,5.170136597616806
glucagon_signal_inhibition,Glucagon signalling inhibition,inhibition,"u:0=none,1=max",civii,0.75,0.25,ok,0.0,0.0,2612.6822734502794,27536.049568262628,7.615734816969255,0.08159106182670718,93.24469476928809,73.45376249649979,328.5,15.64836623130472,6185.127082843657,3833.9870956525974,83.56919444085774,18.771250630784998,11.63577267269377,5.178810820242403
glucagon_signal_inhibition,Glucagon signalling inhibition,inhibition,"u:0=none,1=max",civii,0.8,0.19999999999999996,ok,0.0,0.0,2619.280054267805,27533.707908578814,7.635225238968698,0.08159203423231882,93.27168876391201,73.41241522269414,329.0,15.689783909675725,6185.142325099174,3836.23816852863,83.56208773468532,18.771296889527083,11.642604456839544,5.189913947734906
glucagon_signal_inhibition,Glucagon signalling inhibition,inhibition,"u:0=none,1=max",civii,0.85,0.15000000000000002,ok,0.0,0.0,2626.2567150960485,27531.20750541763,7.655693683039617,0.0816004913190078,93.30000671037925,73.36959475771266,328.99999999999994,15.73267652888903,6185.117267134208,3838.618771777133,83.55449925771664,18.77122084107499,11.649829352889633,5.199355685973624
glucagon_signal_inhibition,Glucagon signalling inhibition,inhibition,"u:0=none,1=max",civii,0.9,0.09999999999999998,ok,0.0,0.0,2633.5574305821115,27528.486560954654,7.677056371484749,0.08161764756657032,93.32970055893253,73.32526364201782,329.5,15.777081613524729,6185.004502711036,3841.1565539064213,83.54624145964993,18.7708786121731,11.65753127133967,5.211290291197968
glucagon_signal_inhibition,Glucagon signalling inhibition,inhibition,"u:0=none,1=max",civii,0.95,0.050000000000000044,ok,0.0,0.0,2641.344713420255,27525.64783516147,7.699643657715612,0.08164178566620556,93.36093990754043,73.27924952291171,329.49999999999994,15.823171591749656,6184.847720846508,3843.8348692781674,83.53762620686335,18.77040279467833,11.665659694319174,5.221644134956569
glucagon_signal_inhibition,Glucagon signalling inhibition,inhibition,"u:0=none,1=max",civii,1.0,0.0,ok,0.0,0.0,2649.505003919574,27522.500650650305,7.723238235341422,0.08167702690184186,93.3937403994088,73.23149300949957,329.5,15.87100592352597,6184.581624474988,3846.7098773694192,83.52807481229227,18.769595218436987,11.674385060301727,5.232468561962516
insulin_secretion_inhibition,Beta-cell secretion impairment,inhibition,"u:0=none,1=max",civii,0.0,1.0,ok,0.0,0.0,2543.3605144263897,27557.69352805906,7.4047180692065115,0.08220494566822609,92.95350913670309,73.94080175507986,325.0,15.160442884096625,6180.828301814416,3811.376652957142,83.63488172400321,18.758204254368486,11.567152209278126,5.065112829423128
insulin_secretion_inhibition,Beta-cell secretion impairment,inhibition,"u:0=none,1=max",civii,0.05,0.95,ok,0.0,0.0,2511.7422060111267,27720.033918354704,7.46806382471112,0.08223998838794888,93.5482856492324,74.37014674092177,329.0,15.03123805960891,6153.296232905249,3780.8297882315132,84.12756879622064,18.674647140835354,11.474445487804289,5.084760194681765
insulin_secretion_inhibition,Beta-cell secretion impairment,inhibition,"u:0=none,1=max",civii,0.1,0.9,ok,0.0,0.0,2484.8884791403552,27892.49792834186,7.538469194394212,0.08235046190422946,94.18564150802656,74.82279262933211,329.5,14.903876341373135,6124.3862958249465,3749.959371701212,84.65098005566574,18.58690833330788,11.380756818516577,5.092072192525568
insulin_secretion_inhibition,Beta-cell secretion impairment,inhibition,"u:0=none,1=max",civii,0.15,0.85,ok,0.0,0.0,2464.2728804319913,28076.439034321756,7.617318447898381,0.08255755304473929,94.871133667058,75.30200260704342,329.49999999999994,14.778369910376028,6093.894234508566,3718.7636720709734,85.20922316941353,18.49436793477562,11.286080947104626,5.099980446108219
insulin_secretion_inhibition,Beta-cell secretion impairment,inhibition,"u:0=none,1=max",civii,0.2,0.8,ok,0.0,0.0,2454.3936659112333,28273.524053740708,7.705833792822715,0.08287218575714289,95.61144653858206,75.81081093767818,329.5,14.655440078807473,6061.564656167682,3687.2794657820164,85.80735676400822,18.396250853316182,11.190529486440111,5.110989181404521
insulin_secretion_inhibition,Beta-cell secretion impairment,inhibition,"u:0=none,1=max",civii,0.25,0.75,ok,0.0,0.0,2453.788133717312,28485.607165849746,7.805639112431971,0.08331787517195187,96.41463554513184,76.35321080826456,329.5,14.535479939713028,6027.138496227673,3655.5358048469448,86.45100809059103,18.29177085349825,11.094190606515765,5.125637240296123
insulin_secretion_inhibition,Beta-cell secretion impairment,inhibition,"u:0=none,1=max",civii,0.3,0.7,ok,0.0,0.0,2463.3388737185114,28714.972610821285,7.918657183870235,0.08392015018226699,97.290419983843,76.93366743862727,329.49999999999994,14.419159608987584,5990.243743629695,3623.598470477353,87.14710959278085,18.17979891845128,10.997263946820498,5.144573744062963
insulin_secretion_inhibition,Beta-cell secretion impairment,inhibition,"u:0=none,1=max",civii,0.35,0.65,ok,0.0,0.0,2484.577307733704,28964.718993402348,8.047635952180622,0.08470510212651833,98.25104056138085,77.55807051334558,329.49999999999994,14.306598422119066,5950.455390703786,3591.5338008463514,87.90506523035616,18.059045191817262,10.89995083716647,5.168601172078439
insulin_secretion_inhibition,Beta-cell secretion impairment,inhibition,"u:0=none,1=max",civii,0.4,0.6,ok,0.0,0.0,2519.4494974091504,29238.30280197796,8.195250756050866,0.08570864383611655,99.31148960973609,78.23355988562145,329.49999999999994,14.197663865739614,5907.1866549173865,3559.493323233839,88.73536510463722,17.92772884648676,10.802711147902397,5.1985176864564675
insulin_secretion_inhibition,Beta-cell secretion impairment,inhibition,"u:0=none,1=max",civii,0.45,0.55,ok,0.0,0.0,2570.8893111451343,29540.406952530906,8.365682344158099,0.08698066701310367,100.4911816331302,78.96880143439938,329.5,14.091802715424535,5859.715484922841,3527.6354160890587,89.65222140373568,17.783658527838668,10.706025542000178,5.235511380214965
insulin_secretion_inhibition,Beta-cell secretion impairment,inhibition,"u:0=none,1=max",civii,0.5,0.5,ok,0.0,0.0,2642.7682548328066,29877.05587992333,8.564126465502696,0.08857677827218152,101.8148207566475,79.77492761560309,329.5,13.98714524834925,5807.004334021951,3496.2512487602826,90.67391769324227,17.62368538398164,10.610777689712542,5.280914763799876
insulin_secretion_inhibition,Beta-cell secretion impairment,inhibition,"u:0=none,1=max",civii,0.55,0.44999999999999996,ok,0.0,0.0,2740.42390427974,30256.151543982345,8.796875577538653,0.09056462120051602,103.31536559268594,80.66689810329642,329.5,13.879035363799048,5747.706084128617,3465.735405246565,91.82443564182806,17.44372104439641,10.518165114557101,5.33610348467172
insulin_secretion_inhibition,Beta-cell secretion impairment,inhibition,"u:0=none,1=max",civii,0.6,0.4,ok,0.0,0.0,2871.748718012668,30688.47782324676,9.07361475599902,0.09304517848077587,105.03744202966057,81.66411568739127,329.5,13.759018779641437,5679.839690163819,3436.6986528752823,93.13650325719806,17.237753232667128,10.43004143512984,5.4030537593692465
insulin_secretion_inhibition,Beta-cell secretion impairment,inhibition,"u:0=none,1=max",civii,0.65,0.35,ok,0.0,0.0,3048.279030705513,31188.978732612486,9.406997517582147,0.0961379783761042,107.043479951629,82.79348713242034,329.5,13.61084609431552,5600.536377187824,3410.081836848497,94.655474150569,16.997075499811302,10.349262023819414,5.48377702964378
insulin_secretion_inhibition,Beta-cell secretion impairment,inhibition,"u:0=none,1=max",civii,0.7,0.30000000000000004,ok,0.0,0.0,3288.0622218615445,31779.042383782908,9.815906942803869,0.10000519057215847,109.42464131667798,84.09292760638546,329.5,13.405147477558174,5505.383369737199,3387.3971318231124,96.44625913135935,16.708295507548403,10.280416181557246,5.580697943906108
insulin_secretion_inhibition,Beta-cell secretion impairment,inhibition,"u:0=none,1=max",civii,0.75,0.25,ok,0.0,0.0,3621.272980985869,32490.915870927223,10.329650050184949,0.10485879690290996,112.32087533673817,85.61909273852758,329.5,13.088644397754791,5387.388580740135,3371.132050823556,98.60672494970326,16.350192961275066,10.231053265018378,5.696651005128719
insulin_secretion_inhibition,Beta-cell secretion impairment,inhibition,"u:0=none,1=max",civii,0.8,0.19999999999999996,ok,0.0,0.0,4104.561464708228,33375.480661601425,10.99951403058575,0.11099522458672396,115.96335594878612,87.46241799049426,329.5,12.564832205793493,5234.732319177438,3365.6273729150853,101.29129184097549,15.886896264574924,10.214347110516192,5.835972509459648
insulin_secretion_inhibition,Beta-cell secretion impairment,inhibition,"u:0=none,1=max",civii,0.85,0.15000000000000002,ok,0.0,0.0,4877.953434118985,34520.03982106391,11.929130740438836,0.11885161223488533,120.77461823011348,89.78101618448294,329.5,11.655703884156452,5026.039098976245,3379.0080288353015,104.76491599715906,15.253532925572824,10.254956081442494,6.008480939348738
insulin_secretion_inhibition,Beta-cell secretion impairment,inhibition,"u:0=none,1=max",civii,0.9,0.09999999999999998,ok,0.0,0.0,6438.97561220356,36093.97561220356,13.378168964439118,0.12918364181692202,127.66385981226016,92.89272278423444,329.5,10.008141096543454,4718.064424610791,3428.4075889167793,109.54165587922174,14.318860165738364,10.404878873799026,6.246729318606979
insulin_secretion_inhibition,Beta-cell secretion impairment,inhibition,"u:0=none,1=max",civii,0.95,0.050000000000000044,ok,0.0,0.0,8854.437785730857,38509.43778573086,16.25860860821227,0.14411066489923544,139.30889075335494,97.6109733973249,329.5,6.76262190251623,4204.654160316279,3556.6726785788464,116.87234532846998,12.760710653463669,10.794150769586787,6.7010540920079835
insulin_secretion_inhibition,Beta-cell secretion impairment,inhibition,"u:0=none,1=max",civii,1.0,0.0,ok,0.0,2776.4335158423137,13610.918108000205,43265.9181080002,25.66901505345532,0.1811339818829766,175.05801417600154,105.79997509176776,329.49999999999994,0.0,3049.259834446149,3912.737630299579,131.30779395447712,9.254202835951896,11.874772777843944,15.46449715859061
glucagon_secretion_inhibition,Glucagon secretion suppression,inhibition,"u:0=none,1=max",civii,0.0,1.0,ok,0.0,0.0,2543.3605144263897,27557.69352805906,7.4047180692065115,0.08220494566822609,92.95350913670309,73.94080175507986,325.0,15.160442884096625,6180.828301814416,3811.376652957142,83.63488172400321,18.758204254368486,11.567152209278126,5.065112829423128
glucagon_secretion_inhibition,Glucagon secretion suppression,inhibition,"u:0=none,1=max",civii,0.05,0.95,ok,0.0,0.0,2578.29253603977,27505.161866954528,7.444621336539929,0.08163477192379248,92.87505894963384,73.76483379407934,329.49999999999994,14.968516085426174,6134.5854159722085,3649.389573169974,83.4754533139743,18.617861656971805,11.075537399605386,5.072164794253493
glucagon_secretion_inhibition,Glucagon secretion suppression,inhibition,"u:0=none,1=max",civii,0.1,0.9,ok,0.0,0.0,2615.9722996342334,27449.026693643562,7.4872416551451595,0.0810060106353468,92.791783882529,73.5777776211735,329.49999999999994,14.76081315351658,6085.854371230385,3486.5476151658913,83.30508859982874,18.469967742732585,10.581328118864619,5.059328512165239
glucagon_secretion_inhibition,Glucagon secretion suppression,inhibition,"u:0=none,1=max",civii,0.15,0.85,ok,0.0,0.0,2656.845048565828,27388.74906818054,7.534086406523716,0.08036424068425847,92.70303901314016,73.37641114081366,329.49999999999994,14.548676674175525,6034.532053361139,3322.7982024850007,83.12215195198951,18.314209570140033,10.084364802685892,5.0470471613605605
glucagon_secretion_inhibition,Glucagon secretion suppression,inhibition,"u:0=none,1=max",civii,0.2,0.8,ok,0.0,0.0,2701.3932778157755,27323.92042729089,7.585900530562597,0.07970876169023411,92.60822768426446,73.15841198048402,329.5,14.332935150664852,5980.385650172253,3158.0292141078453,82.92540342121666,18.14988057715403,9.584307174834128,5.035586485244488
glucagon_secretion_inhibition,Glucagon secretion suppression,inhibition,"u:0=none,1=max",civii,0.25,0.75,ok,0.0,0.0,2750.2082808543055,27253.89247093595,7.643388508946031,0.07903989753787502,92.50677829326699,72.92193953577257,329.49999999999994,14.113794820366294,5923.130131269124,2992.12142803756,82.7128754808375,17.976115724640742,9.080793408308226,5.025143873972533
glucagon_secretion_inhibition,Glucagon secretion suppression,inhibition,"u:0=none,1=max",civii,0.3,0.7,ok,0.0,0.0,2803.946909067273,27177.74396496746,7.707239849930241,0.0783619953593832,92.39779383800848,72.6638390661714,329.49999999999994,13.892592384910927,5862.427823042433,2824.976790117081,82.48177227607728,17.791890206502078,8.573525918412994,5.016042022584014
glucagon_secretion_inhibition,Glucagon secretion suppression,inhibition,"u:0=none,1=max",civii,0.35,0.65,ok,0.0,0.0,2863.7399261532582,27094.587313186734,7.77934842436522,0.07768464001851512,92.28058412505004,72.37993542640544,329.5,13.671528466844421,5797.92449245255,2656.4413716932895,82.22940004002044,17.596128960402275,8.06203754686886,5.009011989415842
glucagon_secretion_inhibition,Glucagon secretion suppression,inhibition,"u:0=none,1=max",civii,0.4,0.6,ok,0.0,0.0,2930.5927698859186,27003.110358071764,7.860488869638861,0.07701750652371013,92.15385547853116,72.06572099721203,329.5,13.452904673508698,5729.161777784486,2486.3448344250264,81.95177650401142,17.387440903746544,7.545811333611613,5.00451526430061
glucagon_secretion_inhibition,Glucagon secretion suppression,inhibition,"u:0=none,1=max",civii,0.45,0.55,ok,0.0,0.0,3006.170124092185,26901.874838142947,7.9533686357360125,0.07638751385355783,92.01622135786958,71.71476927082222,329.5,13.240713387993495,5655.589401144057,2314.452100250791,81.64453668632154,17.164155997402297,7.024133839911353,5.003734366683371
glucagon_secretion_inhibition,Glucagon secretion suppression,inhibition,"u:0=none,1=max",civii,0.5,0.5,ok,0.0,0.0,3092.1627573466308,26788.932749412925,8.060109175774842,0.07581193424341671,91.86609607414267,71.3184387747426,329.49999999999994,13.040905534892673,5576.57590643295,2140.51366227689,81.30176858698917,16.92435783439439,6.4962478369556615,5.0078624119943616
glucagon_secretion_inhibition,Glucagon secretion suppression,inhibition,"u:0=none,1=max",civii,0.55,0.44999999999999996,ok,0.0,0.0,3191.2183571450205,26661.47475211731,8.184295175594501,0.07534022454488604,91.70140491672414,70.86507254419467,329.49999999999994,12.862136949078945,5491.321279373631,1964.212239762823,80.9149461369266,16.665618450299338,5.961190408991876,5.018857171037986
glucagon_secretion_inhibition,Glucagon secretion suppression,inhibition,"u:0=none,1=max",civii,0.6,0.4,ok,0.0,0.0,3306.938878729894,26516.042653029363,8.331300492798102,0.07503472837942629,91.519799977875,70.33828769540578,329.5,12.717463975452617,5398.8284053779535,1785.12553654954,80.47357406078714,16.384911700691816,5.417679928830166,5.039614841430948
glucagon_secretion_inhibition,Glucagon secretion suppression,inhibition,"u:0=none,1=max",civii,0.65,0.35,ok,5.0247002446362075,0.0,3444.402334999667,26347.40279484562,8.507457771836126,0.07498436603579459,91.31802679507378,69.71429369727333,329.5,12.626934529702737,5297.87527713172,1602.7173604313946,79.9617687248729,16.07852891390507,4.8640891060133375,5.576546279997322
glucagon_secretion_inhibition,Glucagon secretion suppression,inhibition,"u:0=none,1=max",civii,0.7,0.30000000000000004,ok,40.034090638903706,0.0,3611.317288262907,26147.97570120311,8.72260999150525,0.07532749791914307,91.0922008136668,68.95776977295796,329.5,12.621678238155695,5186.84181450898,1416.243519274276,79.35652716601855,15.74155330655229,4.298159390817226,9.131773889900693
glucagon_secretion_inhibition,Glucagon secretion suppression,inhibition,"u:0=none,1=max",civii,0.75,0.25,ok,116.40709210230877,0.0,3819.6052586127025,25906.364538707105,8.991451844662517,0.07626595449938561,90.83715941868965,68.01392079568411,329.49999999999994,12.751755812597125,5063.614558549881,1224.5931341888477,78.6232611189897,15.367570739149869,3.7165193753834536,16.85267186186032
glucagon_secretion_inhibition,Glucagon secretion suppression,inhibition,"u:0=none,1=max",civii,0.8,0.19999999999999996,ok,253.77017436074567,0.0,4089.206329833394,25603.87739237902,9.336202168323375,0.07810744500219845,90.5458465974788,66.79438240701553,329.5,13.100146377074608,4925.2903672962,1026.040460232568,77.7052424654902,14.947770462203946,3.113931594029038,30.716963670246415
glucagon_secretion_inhibition,Glucagon secretion suppression,inhibition,"u:0=none,1=max",civii,0.85,0.15000000000000002,ok,461.1896261800344,0.0,4456.283621706601,25208.013089143453,9.792759098946801,0.08133318057135705,90.20920038743304,65.14928780161989,329.5,13.810561680502289,4767.770746565964,817.5779649213807,76.50383335096647,14.469713950124323,2.4812684823107154,51.656538543212214
glucagon_secretion_inhibition,Glucagon secretion suppression,inhibition,"u:0=none,1=max",civii,0.9,0.09999999999999998,ok,779.8989086838446,0.0,4998.733262742162,24656.266737257833,10.42355308718388,0.08674912034297283,89.81572450512458,62.80330096266434,329.49999999999994,15.151227261636208,4584.781308528578,593.3214777766466,74.82933759410572,13.914359054714959,1.8006721632068186,83.84038012465153
glucagon_secretion_inhibition,Glucagon secretion suppression,inhibition,"u:0=none,1=max",civii,0.95,0.050000000000000044,ok,1313.3827054273643,0.0,5848.771254700803,23806.2287452992,11.35420848959956,0.0959250314709168,89.36016881394394,59.17128654341872,329.5,17.69901065222841,4365.514866991065,339.56368055756707,72.2495561314088,13.248907031839348,1.0305422778681854,137.71229792843056
glucagon_secretion_inhibition,Glucagon secretion suppression,inhibition,"u:0=none,1=max",civii,1.0,0.0,ok,2397.0272177313177,0.0,7443.10442932843,22211.895570671564,12.893404052438934,0.11289806511604399,88.79290475781362,52.60569885641747,329.49999999999994,23.091744581584017,4079.4377507201766,12.769102008802038,67.41091220234163,12.380691200971707,0.03875296512534762,247.06792355976683
insulin_signal_peripheral,Insulin signalling (peripheral uptake),potentiation,"u:0=none,1=max",civii,0.0,1.0,ok,0.0,0.0,2543.3605144263897,27557.69352805906,7.4047180692065115,0.08220494566822609,92.95350913670309,73.94080175507986,325.0,15.160442884096625,6180.828301814416,3811.376652957142,83.63488172400321,18.758204254368486,11.567152209278126,5.065112829423128
insulin_signal_peripheral,Insulin signalling (peripheral uptake),potentiation,"u:0=none,1=max",civii,0.05,1.1,ok,0.0,0.0,2571.32690837006,27535.639028112382,7.490270039869474,0.08336633641357115,92.98982676002576,73.75982902843798,324.5,15.343550412291805,6175.793778090345,3817.131985280371,83.5679484919951,18.742924971442626,11.584619075205982,5.107367572397201
insulin_signal_peripheral,Insulin signalling (peripheral uptake),potentiation,"u:0=none,1=max",civii,0.1,1.2,ok,0.0,0.0,2598.8772720447464,27513.83142797826,7.574554561320665,0.08451237326540065,93.02582126003016,73.58110301064012,324.0,15.524396963981943,6170.874884109271,3822.851012627467,83.50176457656528,18.727996613381702,11.601975759112191,5.149018146899933
insulin_signal_peripheral,Insulin signalling (peripheral uptake),potentiation,"u:0=none,1=max",civii,0.15,1.3,ok,0.0,0.0,2626.159683883199,27492.309351591408,7.6580103326844,0.08564953277748542,93.06153106940137,73.40429121027773,323.99999999999994,15.703312938217948,6166.052044399525,3828.5336815423198,83.43644719754602,18.713359770560018,11.619222098762732,5.19231646797933
insulin_signal_peripheral,Insulin signalling (peripheral uptake),potentiation,"u:0=none,1=max",civii,0.2,1.4,ok,0.0,0.0,2653.15338928254,27471.033621482406,7.74053331513489,0.08677607552469653,93.0969933327255,73.22945491555816,323.5,15.880239706977804,6161.307392474214,3834.183151780957,83.3718774551818,18.69896021995209,11.636367683705483,5.233057005133092
insulin_signal_peripheral,Insulin signalling (peripheral uptake),potentiation,"u:0=none,1=max",civii,0.25,1.5,ok,0.0,0.0,2679.8174653953106,27449.979015276374,7.822037037755827,0.0878930505823389,93.13220727271585,73.05682925394132,323.5,16.05494291201454,6156.670143764699,3839.804566974277,83.30797880205273,18.684886627510465,11.653428124352889,5.275365629635279
insulin_signal_peripheral,Insulin signalling (peripheral uptake),potentiation,"u:0=none,1=max",civii,0.3,1.6,ok,0.0,0.0,2706.4717813963775,27474.421162309103,7.901781662131579,0.08893809584461897,93.167151316776,72.88600893012901,323.0,16.227827131233056,6158.682003586246,3850.970425593139,83.25582170396697,18.662672738140138,11.66960735028224,5.314698522992243
insulin_signal_peripheral,Insulin signalling (peripheral uptake),potentiation,"u:0=none,1=max",civii,0.35,1.7,ok,0.0,0.0,2732.3711183870037,27408.645645813114,7.982650732848515,0.0900987155718523,93.20182374272599,72.71695150937664,322.5,16.398935660550208,6147.624613360746,3850.939524976894,83.18253610261947,18.657434334933978,11.687221623602106,5.354563653797932
insulin_signal_peripheral,Insulin signalling (peripheral uptake),potentiation,"u:0=none,1=max",civii,0.4,1.8,ok,0.0,0.0,2758.190814300171,27388.296511641704,8.061512230331354,0.0911856934301075,93.23632258594499,72.5499608882067,322.5,16.567964749941055,6143.23474849802,3856.469174704412,83.12077848753172,18.64411152806683,11.704003565112025,5.395524755244173
insulin_signal_peripheral,Insulin signalling (peripheral uptake),potentiation,"u:0=none,1=max",civii,0.45,1.9,ok,0.0,0.0,2783.7778152630217,27368.181945333115,8.139639199512825,0.09226451829531924,93.27059157425204,72.38453663078953,321.99999999999994,16.735414783433228,6138.918969939787,3861.9627803749336,83.05973276277123,18.631013565826365,11.72067611646414,5.434028497862935
insulin_signal_peripheral,Insulin signalling (peripheral uptake),potentiation,"u:0=none,1=max",civii,0.5,2.0,ok,0.0,0.0,2809.116646778036,27348.320267156443,8.217047866730464,0.0933336996276042,93.30460276453331,72.22091920831598,322.0,16.90104620275497,6134.68204437193,3867.421262496191,82.99945452854763,18.618154914634083,11.737242071308623,5.474215697065605
insulin_signal_peripheral,Insulin signalling (peripheral uptake),potentiation,"u:0=none,1=max",civii,0.55,2.1,ok,0.0,0.0,2834.1537671429696,27328.625609634666,8.293453300721385,0.09439310385542189,93.33834702124554,72.05913955256003,321.49999999999994,17.06482853569659,6130.526724663039,3872.8593314113577,82.93968318553769,18.60554392917463,11.753746074086065,5.511844887175294
insulin_signal_peripheral,Insulin signalling (peripheral uptake),potentiation,"u:0=none,1=max",civii,0.6,2.2,ok,0.0,0.0,2858.962599417973,27309.16408962719,8.369174076782134,0.09544231472450318,93.37193934495849,71.89882424720368,320.99999999999994,17.227132794406018,6126.435573302192,3878.2667456237978,82.8806193918883,18.593127688322287,11.770157042864335,5.549114439844502
insulin_signal_peripheral,Insulin signalling (peripheral uptake),potentiation,"u:0=none,1=max",civii,0.65,2.3,ok,0.0,0.0,2883.538010429997,27289.87161761996,8.444155951862594,0.09648466699621938,93.40531575805299,71.74042553411046,321.0,17.38750971131907,6122.404666121208,3883.6490848259846,82.82206864224571,18.58089428261368,11.786491911459741,5.588062535804559
insulin_signal_peripheral,Insulin signalling (peripheral uptake),potentiation,"u:0=none,1=max",civii,0.7,2.4,ok,0.0,0.0,2907.8849272146563,27270.76894093339,8.518419843276487,0.09752041508497158,93.43846975217387,71.58325374608124,320.49999999999994,17.546648166447255,6118.446176084626,3889.00306467218,82.76409390268101,18.56888065579553,11.802740712206921,5.624597665532351
insulin_signal_peripheral,Insulin signalling (peripheral uptake),potentiation,"u:0=none,1=max",civii,0.75,2.5,ok,0.0,0.0,2932.0031447243746,27251.8934812888,8.591970401020511,0.0985460740185949,93.47141689016662,71.42803043129625,320.5,17.703826556718084,6114.556447193374,3894.329320248675,82.70680874442732,18.557075712271242,11.818905372530121,5.662801551109203
insulin_signal_peripheral,Insulin signalling (peripheral uptake),potentiation,"u:0=none,1=max",civii,0.8,2.6,ok,0.0,0.0,2955.847202364915,27233.139086498144,8.664627656865644,0.09956188109889808,93.50414957324507,71.27393657370305,319.99999999999994,17.859864373650083,6110.730200133854,3899.636917184624,82.64989100606418,18.54546342984478,11.83501340571965,5.698545427655402
insulin_signal_peripheral,Insulin signalling (peripheral uptake),potentiation,"u:0=none,1=max",civii,0.85,2.7,ok,0.0,0.0,2979.5224694037393,27214.63006661371,8.736809705404271,0.100571177620023,93.5367305432058,71.12171675789824,319.99999999999994,18.01401689572917,6106.968264191239,3904.912209434954,82.59371795633905,18.53404632531484,11.851023397374673,5.736039371072083
insulin_signal_peripheral,Insulin signalling (peripheral uptake),potentiation,"u:0=none,1=max",civii,0.9,2.8,ok,0.0,0.0,3002.98601711335,27196.317179672486,8.808379263814212,0.1015747399429952,93.56909565607239,70.97055249124617,319.5,18.167103031439524,6103.276065298296,3910.15791139076,82.53814015075109,18.52284086585219,11.866943585404432,5.77116740294101
insulin_signal_peripheral,Insulin signalling (peripheral uptake),potentiation,"u:0=none,1=max",civii,0.95,2.9,ok,0.0,0.0,3026.2031301119114,27178.154379016567,8.879121253646545,0.10256674998070905,93.60125376575327,70.82117676375671,319.5,18.318389446945318,6099.6421340835495,3915.3759153142623,82.48301784223541,18.511812243045675,11.882779712638126,5.807945792907381
insulin_signal_peripheral,Insulin signalling (peripheral uptake),potentiation,"u:0=none,1=max",civii,1.0,3.0,ok,0.0,0.0,3049.2087068941837,27160.136134055734,8.949188007848814,0.10355276178477457,93.63324598477324,70.67290009216684,319.0,18.468565953749092,6096.060455309729,3920.5820583941454,82.42833424599615,18.500942201243486,11.898579843381322,5.842337153425759
insulin_signal_hepatic,Insulin signalling (hepatic: HGP + HGU),potentiation,"u:0=none,1=max",civii,0.0,1.0,ok,0.0,0.0,2543.3605144263897,27557.69352805906,7.4047180692065115,0.08220494566822609,92.95350913670309,73.94080175507986,325.0,15.160442884096625,6180.828301814416,3811.376652957142,83.63488172400321,18.758204254368486,11.567152209278126,5.065112829423128
insulin_signal_hepatic,Insulin signalling (hepatic: HGP + HGU),potentiation,"u:0=none,1=max",civii,0.05,1.1,ok,0.0,0.0,2584.060284632144,27534.23737941443,7.543704519612671,0.08444044226259334,93.08302728303033,73.64951733110367,323.0,15.451426550048822,6176.245584757704,3821.430858451349,83.56369462644743,18.744296160114427,11.597665731263579,5.129563999033573
insulin_signal_hepatic,Insulin signalling (hepatic: HGP + HGU),potentiation,"u:0=none,1=max",civii,0.1,1.2,ok,0.0,0.0,2621.9298008734527,27511.837503477524,7.673004939333304,0.08658262816703542,93.202789701424,73.37537491554323,321.5,15.725299592635622,6172.046934036659,3831.189511479356,83.49571321237488,18.731553669307008,11.627282280665725,5.191593260307423
insulin_signal_hepatic,Insulin signalling (hepatic: HGP + HGU),potentiation,"u:0=none,1=max",civii,0.15,1.3,ok,0.0,0.0,2657.3568524203965,27490.3944623462,7.793971722117699,0.08863737436690866,93.31408563518832,73.11625845923537,319.99999999999994,15.984173456827179,6168.175043196854,3840.6927693665516,83.43063569756056,18.71980286250942,11.656123731006229,5.24968991894575
insulin_signal_hepatic,Insulin signalling (hepatic: HGP + HGU),potentiation,"u:0=none,1=max",civii,0.2,1.4,ok,0.0,0.0,2690.6397826749353,27469.761003117343,7.907580377871181,0.0906153922202593,93.41806358671074,72.86980034745885,318.5,16.2304120269298,6164.58774745299,3849.968273056513,83.36801518396766,18.708915773757177,11.684273969822499,5.304377020385423
insulin_signal_hepatic,Insulin signalling (hepatic: HGP + HGU),potentiation,"u:0=none,1=max",civii,0.25,1.5,ok,0.0,0.0,2722.1433554771056,27449.972482585465,8.015078059889229,0.0925237683931481,93.51550607421657,72.63429657103019,317.0,16.465716258804406,6161.242764619833,3859.0199570839777,83.30795897598017,18.698764080788568,11.711744938039386,5.356164713259303
insulin_signal_hepatic,Insulin signalling (hepatic: HGP + HGU),potentiation,"u:0=none,1=max",civii,0.3,1.6,ok,0.0,0.0,2749.8287760456333,27432.656127353795,8.110426975244557,0.0941861337807238,93.60371218805572,72.42378700511172,316.0,16.676043733525304,6158.7221273293835,3867.0404679532603,83.25540554583853,18.691114195233332,11.73608639743023,5.403517790186526
insulin_signal_hepatic,Insulin signalling (hepatic: HGP + HGU),potentiation,"u:0=none,1=max",civii,0.35,1.7,ok,0.0,0.0,2771.6645775918187,27419.363333688667,8.187288938976161,0.09543267370497102,93.67975599755921,72.25479144328504,314.99999999999994,16.84487260421008,6157.4145341837,3873.2174918036253,83.2150632281902,18.687145779009715,11.7548330555497,5.440437164047836
insulin_signal_hepatic,Insulin signalling (hepatic: HGP + HGU),potentiation,"u:0=none,1=max",civii,0.4,1.8,ok,0.0,0.0,2790.18581687518,27408.216711508605,8.253189114970972,0.09646907741459934,93.74778711762221,72.11024255522126,313.99999999999994,16.989268333944736,6156.611027079404,3878.4037226448527,83.18123432931293,18.684707214201534,11.770572754612605,5.471332579664868
insulin_signal_hepatic,Insulin signalling (hepatic: HGP + HGU),potentiation,"u:0=none,1=max",civii,0.45,1.9,ok,0.0,0.0,2806.33693563377,27398.734526258195,8.311107725797408,0.09735535315687256,93.80929992847804,71.9842539674279,313.49999999999994,17.11511580413577,6156.092854320539,3882.8610288292593,83.15245683234659,18.68313461098798,11.784100239239029,5.4998606842182785
insulin_signal_hepatic,Insulin signalling (hepatic: HGP + HGU),potentiation,"u:0=none,1=max",civii,0.5,2.0,ok,0.0,0.0,2820.57702306623,27390.467423045586,8.36239355317018,0.09812873310285349,93.8653544887395,71.8733166754666,312.5,17.2259226706134,6155.766729081759,3886.7574196090222,83.12736698951619,18.682144853055416,11.795925400937852,5.522691626169869
insulin_signal_hepatic,Insulin signalling (hepatic: HGP + HGU),potentiation,"u:0=none,1=max",civii,0.55,2.1,ok,0.0,0.0,2833.2035459004937,27383.15061855436,8.408020599987514,0.0988087398264112,93.9167290568946,71.77509438970954,312.0,17.32402408714529,6155.556038091196,3890.2051968207934,83.10516120957317,18.681505426680413,11.806389064706504,5.544547100224449
insulin_signal_hepatic,Insulin signalling (hepatic: HGP + HGU),potentiation,"u:0=none,1=max",civii,0.6,2.2,ok,0.0,0.0,2844.5555255902455,27376.70991162158,8.449224118141299,0.09941812994223505,93.96392919644319,71.68752660779269,311.49999999999994,17.411479538573275,6155.445007512639,3893.2603103769516,83.08561429930678,18.68116845982592,11.815661033010477,5.563949566716869
insulin_signal_hepatic,Insulin signalling (hepatic: HGP + HGU),potentiation,"u:0=none,1=max",civii,0.65,2.3,ok,0.0,0.0,2854.8089838707883,27370.990183243404,8.486499695671952,0.0999649687070577,94.00743909440348,71.60931563446569,311.0,17.489585833641513,6155.419012105547,3895.98740210519,83.06825548784037,18.68108956632943,11.823937487420912,5.581184878402651
insulin_signal_hepatic,Insulin signalling (hepatic: HGP + HGU),potentiation,"u:0=none,1=max",civii,0.7,2.4,ok,0.0,0.0,2864.066505827641,27365.821276136558,8.520241441858275,0.100459779349226,94.04776022340033,71.53875041320485,310.5,17.560053271272835,6155.435397249559,3898.4456638298466,83.0525683646026,18.681139293625368,11.831398069286333,5.5965646395591415
insulin_signal_hepatic,Insulin signalling (hepatic: HGP + HGU),potentiation,"u:0=none,1=max",civii,0.75,2.5,ok,0.0,0.0,2872.5635103848113,27361.234236699478,8.551194431628067,0.10090837534673257,94.08521821949631,71.47525023531652,310.0,17.623461893106466,6155.502431420731,3900.652295756339,83.03864715235046,18.681342735723007,11.838094979533654,5.6103564049979395
insulin_signal_hepatic,Insulin signalling (hepatic: HGP + HGU),potentiation,"u:0=none,1=max",civii,0.8,2.6,ok,0.0,0.0,2880.315316862373,27357.089879900435,8.579503404360162,0.10131794124540222,94.12001431640411,71.41799720114639,310.0,17.680628999944176,6155.597297214828,3902.6462007850173,83.02606943824108,18.681630644051072,11.844146284628277,5.62479014146102
insulin_signal_hepatic,Insulin signalling (hepatic: HGP + HGU),potentiation,"u:0=none,1=max",civii,0.85,2.7,ok,0.0,0.0,2887.4529676093944,27353.346918941075,8.605606122800756,0.10169755168278725,94.15262885253595,71.36607807537376,309.5,17.73246730352308,6155.720611257656,3904.4506592999487,83.01470992091373,18.68200489000806,11.849622638239602,5.635936209445695
insulin_signal_hepatic,Insulin signalling (hepatic: HGP + HGU),potentiation,"u:0=none,1=max",civii,0.9,2.8,ok,0.0,0.0,2894.02338507355,27349.93031101281,8.629569328376814,0.10204562718163361,94.1829319923054,71.31884619340532,309.49999999999994,17.779622865880185,6155.870076979703,3906.0926438716115,83.00434085284617,18.682458503732033,11.85460589945861,5.648036262658629
insulin_signal_hepatic,Insulin signalling (hepatic: HGP + HGU),potentiation,"u:0=none,1=max",civii,0.95,2.9,ok,0.0,0.0,2900.1091957811645,27346.82755505226,8.651813086778914,0.10236956178226225,94.21152337963585,71.27599014468944,309.5,17.822404312351992,6156.01216447694,3907.589945955404,82.99492429454403,18.68288972527144,11.859150063597584,5.659172367685234
insulin_signal_hepatic,Insulin signalling (hepatic: HGP + HGU),potentiation,"u:0=none,1=max",civii,1.0,3.0,ok,0.0,0.0,2905.695424515379,27343.963679008404,8.672268344929927,0.10267045531702101,94.2382046706756,71.23708469226564,309.0,17.861237448098862,6156.1913452281715,3908.9581287827486,82.98623271322732,18.683433521178063,11.863302363528827,5.667291007086765
