intervention,label,intervention_type,direction_definition,challenge,modulation_fraction,native_parameter_value,simulation_status,hypo_burden_mgdl_min,hyper_burden_mgdl_min,abs_dev_from_target_mgdl_min,glucose_auc_mgdl_min,glucose_sd_mgdl,glucose_rmsd_mgdl,glucose_peak_mgdl,glucose_nadir_mgdl,recovery_time_min,undershoot_mgdl,insulin_auc_muL_min,glucagon_auc_pM_min,mean_glucose_mgdl,mean_insulin_muL,mean_glucagon_pM,composite_loss
insulin_signal_global,Insulin signalling (global),potentiation,"u:0=none,1=max",fasting,0.0,1.0,ok,0.0,0.0,537.6184041132356,53390.48674663699,0.0007720108398212252,5.605591832161598e-05,89.10452489166457,89.10137469122384,0.0,0.0,7857.036650774886,6876.233667428967,89.10277477328502,13.112518910001095,11.475667990533832,0.02071545546307752
insulin_signal_global,Insulin signalling (global),potentiation,"u:0=none,1=max",fasting,0.05,1.1,ok,0.0,0.0,537.1534767019944,53449.34450913628,0.0008677167691627866,5.456145024287857e-05,89.10639795639288,89.1030708532561,0.0,0.0,7865.721753521725,6883.579452340972,89.10452030217148,13.112814948705424,11.475501724027376,0.020755671468532976
insulin_signal_global,Insulin signalling (global),potentiation,"u:0=none,1=max",fasting,0.1,1.2,ok,0.0,0.0,535.703672349661,53410.443849416275,0.0008549179902650539,5.867026507143132e-05,89.10822410920254,89.10491005852458,0.0,0.0,7859.994404964307,6878.34508076022,89.10626925691002,13.113067919472275,11.475352471066595,0.020753962754954086
insulin_signal_global,Insulin signalling (global),potentiation,"u:0=none,1=max",fasting,0.15,1.3,ok,0.0,0.0,534.5113721853181,53393.55518168093,0.0007656330028247381,5.1816720950717264e-05,89.1100119394052,89.1066726952548,0.0,0.0,7857.493515611892,6875.964161970058,89.10795942501244,13.113290751833398,11.475226428879623,0.020697638273712876
insulin_signal_global,Insulin signalling (global),potentiation,"u:0=none,1=max",fasting,0.2,1.4,ok,0.0,0.0,533.7495097192725,53420.51188225673,0.000950624579223448,6.254234156727845e-05,89.11176793531666,89.1083138030822,0.0,0.0,7861.425258709567,6879.235481642783,89.10966335864104,13.113482698682324,11.47511201849066,0.020796833016255966
insulin_signal_global,Insulin signalling (global),potentiation,"u:0=none,1=max",fasting,0.25,1.5,ok,0.0,0.0,533.096222384311,53453.70781671537,0.0008833538455778979,5.905320871867186e-05,89.11349746783586,89.10990948803052,0.0,0.0,7866.271643979755,6883.3273647823935,89.11128912206325,13.11365731976722,11.475016420341275,0.0207784794940836
insulin_signal_global,Insulin signalling (global),potentiation,"u:0=none,1=max",fasting,0.3,1.6,ok,0.0,0.0,531.9468950734462,53439.88575935141,0.0009546309316184278,5.9405799691497935e-05,89.115204862149,89.11158966185937,0.0,0.0,7864.180522922356,6881.364065184275,89.11295914550189,13.113807930051554,11.47492563078289,0.020792218020971493
insulin_signal_global,Insulin signalling (global),potentiation,"u:0=none,1=max",fasting,0.35,1.7,ok,0.0,0.0,530.8130044668716,53422.74331086623,0.001037961739421637,6.412695576928475e-05,89.11689328103402,89.11326073199271,0.0,0.0,7861.601388813404,6878.9888780905185,89.1145501118998,13.113947871349655,11.474850617997197,0.02082519362095303
insulin_signal_global,Insulin signalling (global),potentiation,"u:0=none,1=max",fasting,0.4,1.8,ok,0.0,0.0,530.299811033535,53468.62431111754,0.0009700999474556069,6.576854076136136e-05,89.11856442559834,89.11475775788541,0.0,0.0,7868.289087464173,6884.730778902544,89.11614937206797,13.11407642622429,11.474779917828961,0.020831997844106057
insulin_signal_global,Insulin signalling (global),potentiation,"u:0=none,1=max",fasting,0.45,1.9,ok,0.0,0.0,528.839902540653,53420.04867270803,0.001096438375421182,7.631241866845682e-05,89.12022070268434,89.11647974698522,0.0,0.0,7861.063567158226,6878.312620518883,89.11776512017906,13.11418529146185,11.474715275797431,0.020887028149858166
insulin_signal_global,Insulin signalling (global),potentiation,"u:0=none,1=max",fasting,0.5,2.0,ok,0.0,0.0,527.5689925887186,53387.644839314926,0.001123675610368618,8.020413759514255e-05,89.12186488383094,89.11815151302683,0.0,0.0,7856.221424909816,6873.985064864696,89.11933560198757,13.11429331331873,11.474658298985345,0.020896835012702154
insulin_signal_global,Insulin signalling (global),potentiation,"u:0=none,1=max",fasting,0.55,2.1,ok,0.0,0.0,527.0873569492918,53435.86914749884,0.0011683617081529286,6.689386453861886e-05,89.12349804937251,89.11960086887005,0.0,0.0,7863.233449075914,6880.0409099087465,89.12091802973165,13.114385427686821,11.474606322593662,0.0208728267232837
insulin_signal_global,Insulin signalling (global),potentiation,"u:0=none,1=max",fasting,0.6,2.2,ok,0.0,0.0,525.8084441820062,53404.60682358438,0.0012283398199073097,7.062276560699184e-05,89.12512167901347,89.12125348450472,0.0,0.0,7858.5413987351085,6875.861126771335,89.12252186931214,13.114468382536016,11.474554726436283,0.02089056623272257
insulin_signal_global,Insulin signalling (global),potentiation,"u:0=none,1=max",fasting,0.65,2.3,ok,0.0,0.0,525.3900696267999,53458.4263951103,0.001057928907881914,7.08681461504025e-05,89.12673621880555,89.12265753484408,0.0,0.0,7866.37010425699,6882.6444612187715,89.12408737723649,13.114547205931357,11.474512957310347,0.02086912466089858
insulin_signal_global,Insulin signalling (global),potentiation,"u:0=none,1=max",fasting,0.7,2.4,ok,0.0,0.0,524.0494758686363,53419.53684303334,0.001126157042866786,7.062628191941653e-05,89.1283434811884,89.1243163457929,0.0,0.0,7860.552495807477,6877.4874982498295,89.12567079709251,13.114621642698989,11.474466513651032,0.020870141045509202
insulin_signal_global,Insulin signalling (global),potentiation,"u:0=none,1=max",fasting,0.75,2.5,ok,0.0,0.0,522.8324088357103,53390.712161031784,0.0011833948405742011,7.14622655082648e-05,89.12994389243391,89.1259300551444,0.0,0.0,7856.215387080153,6873.6365776415805,89.12721530052187,13.114689276660773,11.474431831987092,0.020876552931431307
insulin_signal_global,Insulin signalling (global),potentiation,"u:0=none,1=max",fasting,0.8,2.6,ok,0.0,0.0,521.8727317093302,53390.60360920732,0.0011117768681221296,6.772225239358193e-05,89.13153139662862,89.12744731279925,0.0,0.0,7856.0976603322615,6873.476306381617,89.12880006555748,13.114752603068462,11.47439163548219,0.02084334608485713
insulin_signal_global,Insulin signalling (global),potentiation,"u:0=none,1=max",fasting,0.85,2.7,ok,0.0,0.0,521.6878986304946,53462.53080425649,0.0010778268394007657,6.664664604153144e-05,89.13311443311669,89.12872484380487,0.0,0.0,7866.591877267156,6882.609490064737,89.13026599245322,13.114819218754052,11.474369158049889,0.020857633375260455
insulin_signal_global,Insulin signalling (global),potentiation,"u:0=none,1=max",fasting,0.9,2.8,ok,0.0,0.0,520.2689740753374,53414.58985537854,0.001244147645861729,7.028021276112363e-05,89.13469071865721,89.13037005643504,0.0,0.0,7859.431812779858,6876.296374454772,89.13183776349834,13.114873729193917,11.474335654754062,0.020895218971039492
insulin_signal_global,Insulin signalling (global),potentiation,"u:0=none,1=max",fasting,0.95,2.9,ok,0.0,0.0,519.3907181537419,53425.87318393133,0.001260511278685988,7.229502700820908e-05,89.13626348641684,89.13181415415879,0.0,0.0,7860.974050804082,6877.599724656036,89.13347046149069,13.114917110360485,11.47429691589883,0.020911322512416522
insulin_signal_global,Insulin signalling (global),potentiation,"u:0=none,1=max",fasting,1.0,3.0,ok,0.0,0.0,518.3385589743382,53412.93497279583,0.0012293312022028274,7.095994191994361e-05,89.13782975637169,89.13332885888923,0.0,0.0,7858.965051790896,6875.801112305939,89.13500150742391,13.114966666687668,11.474271968433953,0.020892970080016234
glucagon_signal_hepatic,Glucagon signalling (hepatic HGP),potentiation,"u:0=none,1=max",fasting,0.0,1.0,ok,0.0,0.0,537.6184041132356,53390.48674663699,0.0007720108398212252,5.605591832161598e-05,89.10452489166457,89.10137469122384,0.0,0.0,7857.036650774886,6876.233667428967,89.10277477328502,13.112518910001095,11.475667990533832,0.02071545546307752
glucagon_signal_hepatic,Glucagon signalling (hepatic HGP),potentiation,"u:0=none,1=max",fasting,0.05,1.1,ok,0.0,0.0,537.8361597297169,53404.54659693854,0.0007630087177603872,5.418196227643688e-05,89.10440294051463,89.1012500835074,0.0,0.0,7859.06627036885,6878.089064969892,89.10264893944287,13.112434567895676,11.475726214017996,0.020711005279263475
glucagon_signal_hepatic,Glucagon signalling (hepatic HGP),potentiation,"u:0=none,1=max",fasting,0.1,1.2,ok,0.0,0.0,537.6111603063586,53381.9294574798,0.0006023357215271418,4.3650464433373436e-05,89.10428565396458,89.1011942058826,0.0,0.0,7855.676229680572,6875.204218141034,89.10264434983684,13.11233093922231,11.475772466588545,0.020620007726237115
glucagon_signal_hepatic,Glucagon signalling (hepatic HGP),potentiation,"u:0=none,1=max",fasting,0.15,1.3,ok,0.0,0.0,537.7115947013867,53387.22298419759,0.0006102626240986707,4.1811440191792065e-05,89.10417406568168,89.10109254978883,0.0,0.0,7856.406653719894,6875.924196228634,89.10256648615275,13.112238417280754,11.475826210881094,0.02061657418838405
glucagon_signal_hepatic,Glucagon signalling (hepatic HGP),potentiation,"u:0=none,1=max",fasting,0.2,1.4,ok,0.0,0.0,537.7657848244869,53389.63055833799,0.0006802950290678425,4.715288303304304e-05,89.10406400790127,89.10099929376311,0.0,0.0,7856.710469143344,6876.267327978849,89.10251701516941,13.112146889556918,11.475875000157744,0.02065628444633839
glucagon_signal_hepatic,Glucagon signalling (hepatic HGP),potentiation,"u:0=none,1=max",fasting,0.25,1.5,ok,0.0,0.0,537.7431039046098,53383.504661665895,0.0006707278999418911,4.553482364735678e-05,89.10395869885815,89.10092364474589,0.0,0.0,7855.761774913164,6875.512905516761,89.10245253296388,13.112058586181796,11.475924373760853,0.020645020089745735
glucagon_signal_hepatic,Glucagon signalling (hepatic HGP),potentiation,"u:0=none,1=max",fasting,0.3,1.6,ok,0.0,0.0,538.1395267907371,53418.50986393221,0.0006004618516472388,4.489094360900838e-05,89.10385451243346,89.1007810746349,0.0,0.0,7860.869290296227,6880.05611359549,89.10238018931743,13.11197496722806,11.475972974890789,0.02063812189367062
glucagon_signal_hepatic,Glucagon signalling (hepatic HGP),potentiation,"u:0=none,1=max",fasting,0.35,1.7,ok,0.0,0.0,538.1660303118618,53418.02870218666,0.0006928454894931547,4.66192384205626e-05,89.1037539852792,89.10070197044215,0.0,0.0,7860.751768632146,6880.025868250908,89.10232841718741,13.111889425937894,11.476019226567661,0.020667875775487104
glucagon_signal_hepatic,Glucagon signalling (hepatic HGP),potentiation,"u:0=none,1=max",fasting,0.4,1.8,ok,0.0,0.0,538.3456644699008,53431.57493183529,0.0007261480764499873,5.5039796372663296e-05,89.1036564465354,89.10060170286611,0.0,0.0,7862.7043367714095,6881.803955603615,89.10225715978527,13.111810847427346,11.476065726261737,0.02071497418188171
glucagon_signal_hepatic,Glucagon signalling (hepatic HGP),potentiation,"u:0=none,1=max",fasting,0.45,1.9,ok,0.0,0.0,538.3024319130911,53424.28892630522,0.0005788045983774841,4.456745629668e-05,89.1035615284913,89.10053929361843,0.0,0.0,7861.588476028974,6880.895276991834,89.1022073319168,13.11173064587921,11.47610889955808,0.020633411444833598
glucagon_signal_hepatic,Glucagon signalling (hepatic HGP),potentiation,"u:0=none,1=max",fasting,0.5,2.0,ok,0.0,0.0,538.5440668636837,53443.70730132794,0.00035210141121631367,4.129504172919898e-05,89.10346629844243,89.10043431185849,0.0,0.0,7864.406870940574,6883.430036521744,89.10213144525699,13.111654302023277,11.476155358203433,0.020570972619283184
glucagon_signal_hepatic,Glucagon signalling (hepatic HGP),potentiation,"u:0=none,1=max",fasting,0.55,2.1,ok,0.0,0.0,537.8399757832207,53371.58723877982,0.00038906492648636967,3.5318124207147554e-05,89.10337996260047,89.10048192584425,0.0,0.0,7853.751230613052,6874.167887898238,89.10209400615902,13.111577089140917,11.476195201415775,0.020528819781608445
glucagon_signal_hepatic,Glucagon signalling (hepatic HGP),potentiation,"u:0=none,1=max",fasting,0.6,2.2,ok,0.0,0.0,538.2177774140848,53402.767844391514,0.0005828739509599,3.838204768785766e-05,89.10329305920641,89.10036337734175,0.0,0.0,7858.310763976173,6878.219213046438,89.1019889716719,13.111513640417261,11.476240599577272,0.020601347681808047
glucagon_signal_hepatic,Glucagon signalling (hepatic HGP),potentiation,"u:0=none,1=max",fasting,0.65,2.3,ok,0.0,0.0,538.5551536907114,53434.02389745079,0.0005159442725847768,3.633961180889948e-05,89.10320869670741,89.1002464931245,0.0,0.0,7862.865468903061,6882.272733960613,89.10195205261108,13.111433706563052,11.476282159307987,0.02058825727582832
glucagon_signal_hepatic,Glucagon signalling (hepatic HGP),potentiation,"u:0=none,1=max",fasting,0.7,2.4,ok,0.0,0.0,537.9311555660665,53369.43633880424,0.0005522520840730708,3.782890598613275e-05,89.10312579387288,89.10028495835948,0.0,0.0,7853.321621086578,6873.980788404166,89.10190747107059,13.111360816712203,11.47632132140348,0.020578675746072063
glucagon_signal_hepatic,Glucagon signalling (hepatic HGP),potentiation,"u:0=none,1=max",fasting,0.75,2.5,ok,0.0,0.0,538.8752600867759,53459.10217848508,0.0005971064544470285,4.136900381340242e-05,89.1030455673769,89.10007947628019,0.0,0.0,7866.481395953345,6885.559501861269,89.1018409261165,13.111293408002243,11.47636234843214,0.020638088422012903
glucagon_signal_hepatic,Glucagon signalling (hepatic HGP),potentiation,"u:0=none,1=max",fasting,0.8,2.6,ok,0.0,0.0,538.8483830317948,53454.766314229564,0.0006124751917416654,3.4284122588859724e-05,89.10296927776022,89.10002639900665,0.0,0.0,7865.801685407321,6885.025174034416,89.10181315430023,13.11121982952858,11.476398998982505,0.02061187544179511
glucagon_signal_hepatic,Glucagon signalling (hepatic HGP),potentiation,"u:0=none,1=max",fasting,0.85,2.7,ok,0.0,0.0,538.5812940413873,53424.250178545466,0.0005398731782337502,3.4174448166112655e-05,89.10289169521397,89.10001657302102,0.0,0.0,7861.278332828284,6881.123580486987,89.10174623641925,13.11115504222501,11.476438603086164,0.020581638473204118
glucagon_signal_hepatic,Glucagon signalling (hepatic HGP),potentiation,"u:0=none,1=max",fasting,0.9,2.8,ok,0.0,0.0,538.2466419961347,53388.32894313273,0.0004974285232642175,2.986001639608071e-05,89.10281734925243,89.10001516631915,0.0,0.0,7855.957646683907,6876.521890297386,89.10170083573765,13.111090042893961,11.476474510230776,0.020540060416633116
glucagon_signal_hepatic,Glucagon signalling (hepatic HGP),potentiation,"u:0=none,1=max",fasting,0.95,2.9,ok,0.0,0.0,538.4654674779836,53409.66491617252,0.0005374837764239645,3.59612939650624e-05,89.10274693559604,89.09992653730093,0.0,0.0,7859.056174075965,6879.289112911709,89.10169468842788,13.111020727442956,11.476505594523603,0.02058252121005931
glucagon_signal_hepatic,Glucagon signalling (hepatic HGP),potentiation,"u:0=none,1=max",fasting,1.0,3.0,ok,0.0,0.0,538.8175589632825,53437.841678502315,0.0005132770635942096,3.499429930992026e-05,89.10267619374305,89.09982855631627,0.0,0.0,7863.181634538121,6882.951912348881,89.10158240632582,13.110969761856262,11.476547101333454,0.02058329434044706
insulin_secretion,Beta-cell insulin secretion capacity,potentiation,"u:0=none,1=max",fasting,0.0,1.0,ok,0.0,0.0,537.6184041132356,53390.48674663699,0.0007720108398212252,5.605591832161598e-05,89.10452489166457,89.10137469122384,0.0,0.0,7857.036650774886,6876.233667428967,89.10277477328502,13.112518910001095,11.475667990533832,0.02071545546307752
insulin_secretion,Beta-cell insulin secretion capacity,potentiation,"u:0=none,1=max",fasting,0.05,1.1,ok,0.0,0.0,1120.8348262861946,52864.39222599621,0.37523153920536295,0.008994637851835156,88.30123214050482,87.42679841813508,599.8358561364712,0.2988671927516293,7939.082470865039,6956.487070378723,88.13143076590075,13.235424974426312,11.597317831556943,2.67950504570779
insulin_secretion,Beta-cell insulin secretion capacity,potentiation,"u:0=none,1=max",fasting,0.1,1.2,ok,0.0,0.0,1640.154069383764,52299.58101547466,0.7208294306332347,0.014184955135354487,87.58746035539757,85.92425549214536,599.3303898317602,0.48552622860952965,7998.27595915943,7023.673804553239,87.2633557429915,13.345353572684093,11.719201835443178,2.8033887598143683
insulin_secretion,Beta-cell insulin secretion capacity,potentiation,"u:0=none,1=max",fasting,0.15,1.3,ok,0.0,0.0,2112.5026298047833,51873.0569987674,1.0449529004062967,0.016636068097518754,86.94450711382251,84.57409399181077,599.8395514285797,0.7176857846023239,8065.373413390669,7101.910779471573,86.47822050951187,13.445884643955456,11.839684066443501,2.919747894250726
insulin_secretion,Beta-cell insulin secretion capacity,potentiation,"u:0=none,1=max",fasting,0.2,1.4,ok,0.0,0.0,2538.8721705716744,51414.2255039543,1.301112584643755,0.021888946780712754,86.3601295050225,83.35470346531523,599.4788630502886,0.8247645809171047,8115.521272720002,7169.4031547369705,85.7648679093483,13.537627050645844,11.959392726971842,3.014149632066968
insulin_secretion,Beta-cell insulin secretion capacity,potentiation,"u:0=none,1=max",fasting,0.25,1.5,ok,0.0,0.0,2930.764350838976,51014.04195841191,1.5515018395008853,0.025626549088369237,85.82488908290873,82.2482933556872,599.3867367694543,0.9468576468326688,8165.341700523775,7238.918474275189,85.1103950570627,13.62282679882598,12.077208303425534,3.1036687865019226
insulin_secretion,Beta-cell insulin secretion capacity,potentiation,"u:0=none,1=max",fasting,0.3,1.6,ok,0.0,0.0,3296.718629323519,50694.22936576055,1.7821063870976008,0.024575550309412025,85.33139725902222,81.23954787914107,599.8994221676007,1.190075688688026,8220.494161320854,7314.178852058605,84.50454775000188,13.703120652488645,12.192341885628888,3.183734400136535
insulin_secretion,Beta-cell insulin secretion capacity,potentiation,"u:0=none,1=max",fasting,0.35,1.7,ok,0.0,0.0,3629.7599505089843,50327.67666929422,1.9931919787172259,0.028134343634382622,84.87377385562004,80.31412668401937,599.527073553369,1.2465819158965843,8259.9036434326,7378.066233921669,83.94562796139368,13.777365539935566,12.30647715405447,3.254961552055012
insulin_secretion,Beta-cell insulin secretion capacity,potentiation,"u:0=none,1=max",fasting,0.4,1.8,ok,0.0,0.0,3942.091728070703,50009.53878233417,2.1654587608856786,0.03077979512575825,84.44729480245192,79.46072182979758,599.4625612267209,1.3724020959851515,8301.235290171657,7444.153709839247,83.42395675218859,13.847796054493003,12.418046082153605,3.321049991821208
insulin_secretion,Beta-cell insulin secretion capacity,potentiation,"u:0=none,1=max",fasting,0.45,1.9,ok,0.0,0.0,4233.820544528535,49708.89490626312,2.354694388581391,0.03442928452990951,84.04810251407446,78.6716551162398,599.3635050087962,1.4901378807257402,8339.802163262075,7508.508956705318,82.9361389054437,13.914431048216192,12.527471048800551,3.394437737838538
insulin_secretion,Beta-cell insulin secretion capacity,potentiation,"u:0=none,1=max",fasting,0.5,2.0,ok,0.0,0.0,4512.034648273947,49460.63525556358,2.3916735297313947,0.031443669847911485,83.6730140795109,77.9398632223311,599.6963322648614,1.7460063366541476,8382.99905899317,7576.472627071874,82.47613432746297,13.97873991880734,12.633848532069486,3.4188453931295326
insulin_secretion,Beta-cell insulin secretion capacity,potentiation,"u:0=none,1=max",fasting,0.55,2.1,ok,0.0,0.0,4773.677888847845,49220.80798361375,2.6649719647077674,0.039101555618286675,83.31937772518556,77.2591069442298,599.9387319162398,1.9928816245544994,8423.251871994744,7642.061892837171,82.0430576742388,14.040186812227274,12.738070550017621,3.543623304095752
insulin_secretion,Beta-cell insulin secretion capacity,potentiation,"u:0=none,1=max",fasting,0.6,2.2,ok,0.0,0.0,5017.218238881236,48967.084740898834,2.7673864563969017,0.03794305095644471,82.98495837594588,76.6237207726242,599.825588664223,2.120455259238909,8456.355159402889,7702.301650421565,81.63553817359761,14.098023357480804,12.840902082177164,3.5769852080355777
insulin_secretion,Beta-cell insulin secretion capacity,potentiation,"u:0=none,1=max",fasting,0.65,2.3,ok,0.0,0.0,5250.940310677772,48747.471970945146,2.8884999700213756,0.04103678814731196,82.66785907354807,76.02886608612668,599.9823586846991,2.352770855512702,8492.422569512195,7764.341066003848,81.24817549271106,14.154453787823964,12.94094893560719,3.6436367976818014
insulin_secretion,Beta-cell insulin secretion capacity,potentiation,"u:0=none,1=max",fasting,0.7,2.4,ok,0.0,0.0,5470.022239148388,48519.118257459995,2.9556416010080593,0.04109623646493566,82.36644407656875,75.47011588418637,599.8793388512042,2.4831442366323273,8522.955577543158,7822.229737304505,80.88146251273844,14.207783174971485,13.03967186515279,3.673367745968297
insulin_secretion,Beta-cell insulin secretion capacity,potentiation,"u:0=none,1=max",fasting,0.75,2.5,ok,0.0,0.0,5676.577993739111,48289.95894097686,3.072724369890451,0.04280149383164249,82.07931122105647,74.94375808028494,599.6281881635108,2.5447810125371433,8549.740892339338,7877.274490722875,80.53317021148581,14.258403892793536,13.13693159564214,3.714666951179353
insulin_secretion,Beta-cell insulin secretion capacity,potentiation,"u:0=none,1=max",fasting,0.8,2.6,ok,0.0,0.0,5880.8015935823,48115.89126382131,3.217621681966047,0.04274062457746328,81.80522621612546,74.44645366287864,599.9632539711512,2.8634510543384692,8585.480968854907,7937.793702985025,80.19806370697317,14.310011341574151,13.23046645014481,3.784022740188041
insulin_secretion,Beta-cell insulin secretion capacity,potentiation,"u:0=none,1=max",fasting,0.85,2.7,ok,0.0,0.0,6065.711890290297,47887.3562214944,3.167060397230436,0.03698466936879643,81.54311125257468,73.97520038405642,599.4785345753855,2.803694595257639,8605.924094723801,7988.036339021173,79.88168626490241,14.35568347884121,13.324974754399088,3.7404376694547934
insulin_secretion,Beta-cell insulin secretion capacity,potentiation,"u:0=none,1=max",fasting,0.9,2.8,ok,0.0,0.0,6255.349334075447,47742.42065127713,3.374632377594738,0.04442168879369944,81.29201546864599,73.52754178890703,599.975222059473,3.2053847830320734,8642.868415360264,8048.245450562986,79.57398721799984,14.405375584832957,13.414296382001584,3.8644313202555898
insulin_secretion,Beta-cell insulin secretion capacity,potentiation,"u:0=none,1=max",fasting,0.95,2.9,ok,0.0,0.0,6430.284458291706,47562.39851833877,3.4307640140902604,0.042825976901769425,81.05109789432629,73.10112263004507,599.9186997403386,3.339227646514999,8669.099028291406,8101.2822569509535,79.28140686217164,14.450456423584782,13.503966888275714,3.8853179775937705
insulin_secretion,Beta-cell insulin secretion capacity,potentiation,"u:0=none,1=max",fasting,1.0,3.0,ok,0.0,0.0,6593.845177183091,47364.790023164634,3.4968079539613255,0.04477868235262854,80.8196070794021,72.69405055767163,599.5403911149747,3.299479611861983,8688.438342636455,8149.811504009607,79.00183327945527,14.491831528612158,13.593431943514723,3.9041597264207177
glucagon_secretion,Alpha-cell glucagon secretion capacity,potentiation,"u:0=none,1=max",fasting,0.0,1.0,ok,0.0,0.0,537.6184041132356,53390.48674663699,0.0007720108398212252,5.605591832161598e-05,89.10452489166457,89.10137469122384,0.0,0.0,7857.036650774886,6876.233667428967,89.10277477328502,13.112518910001095,11.475667990533832,0.02071545546307752
glucagon_secretion,Alpha-cell glucagon secretion capacity,potentiation,"u:0=none,1=max",fasting,0.05,1.1,ok,0.0,0.0,427.76519416633806,53548.988826828434,0.06356122295218934,0.001694235490110779,89.4247382765787,89.25823037509979,0.0,0.10254300313428644,8010.032920828525,7479.60854773079,89.28675096950077,13.355804289271735,12.471382940773676,0.05392801955206334
glucagon_secretion,Alpha-cell glucagon secretion capacity,potentiation,"u:0=none,1=max",fasting,0.1,1.2,ok,0.0,0.0,328.2066609025887,53605.469329052255,0.12089919807194052,0.002848469381598651,89.71340318315188,89.39902937423217,0.0,0.20267482872107223,8136.406475163399,8065.172565082887,89.4523162210057,13.577353468380174,13.458484287120582,0.08353575457686901
glucagon_secretion,Alpha-cell glucagon secretion capacity,potentiation,"u:0=none,1=max",fasting,0.15,1.3,ok,0.0,0.0,238.34734388170233,53725.02723586353,0.17968020809567956,0.004498009047730081,89.97550936635477,89.52689104466984,0.0,0.291923889248352,8262.688262161075,8656.750200280874,89.60248481277513,13.780493703105392,14.437709355517422,0.1144010204641848
glucagon_secretion,Alpha-cell glucagon secretion capacity,potentiation,"u:0=none,1=max",fasting,0.2,1.4,ok,0.0,0.0,177.0548825139586,53787.082008560115,0.23253379757895734,0.005577217432339672,90.21519389086905,89.64347976198871,0.0,0.38263655864246005,8371.438942309349,9236.918070014395,89.73901990775099,13.967010253147054,15.410986125615938,0.14160679825297232
glucagon_secretion,Alpha-cell glucagon secretion capacity,potentiation,"u:0=none,1=max",fasting,0.25,1.5,ok,0.0,0.0,134.5457494487316,53867.401637907155,0.26762603524571493,0.005832965697415484,90.43570261848983,89.75016237948903,0.0,0.4670186286605116,8475.510577902578,9817.883540784154,89.86393567521993,14.139214334246002,16.37861913047911,0.1604365113168031
glucagon_secretion,Alpha-cell glucagon secretion capacity,potentiation,"u:0=none,1=max",fasting,0.3,1.6,ok,0.0,0.0,102.09462750821069,53958.00292069618,0.321948454650166,0.00693976849818826,90.63965651517888,89.84808422902714,0.0,0.5456371036590184,8574.572401002206,10399.183547979383,89.97866623002895,14.298686874474134,17.341350955921786,0.18689183185518704
glucagon_secretion,Alpha-cell glucagon secretion capacity,potentiation,"u:0=none,1=max",fasting,0.35,1.7,ok,0.0,0.0,78.03989555216276,54037.68490838997,0.3643988623652541,0.007746616698699864,90.82918551800059,89.93818930189987,0.0,0.6227940331430375,8665.87768714767,10977.498615666273,90.08423070968051,14.446564951743092,18.300182910969617,0.20901567348515626
glucagon_secretion,Alpha-cell glucagon secretion capacity,potentiation,"u:0=none,1=max",fasting,0.4,1.8,ok,0.0,0.0,108.80290859211505,54088.83235032825,0.4006268669193482,0.008554607061983696,91.00610630115867,90.02128320201592,0.0,0.7035948319542342,8747.002228821311,11549.451636564823,90.1814052692183,14.583730478391503,19.256207490823527,0.2299282670552144
glucagon_secretion,Alpha-cell glucagon secretion capacity,potentiation,"u:0=none,1=max",fasting,0.45,1.9,ok,0.0,0.0,162.5138464865982,54122.940012888204,0.44541361183203126,0.009246558741900593,91.17184638787795,90.09805928638265,0.0,0.7867333018474056,8820.263759682062,12117.035868149238,90.27105505317343,14.711220699469923,20.209870559036666,0.2527315195418144
glucagon_secretion,Alpha-cell glucagon secretion capacity,potentiation,"u:0=none,1=max",fasting,0.5,2.0,ok,0.0,0.0,212.6878302259192,54198.56159650011,0.4816123566368381,0.009616051055651656,91.32775098827585,90.16910983917977,0.0,0.85805363874411,8896.035685520234,12692.678200085062,90.35457247211012,14.83060578334096,21.159999057407006,0.270926514093991
glucagon_secretion,Alpha-cell glucagon secretion capacity,potentiation,"u:0=none,1=max",fasting,0.55,2.1,ok,0.0,0.0,259.0901185656056,54252.70945138783,0.5154683005432483,0.01083908350707041,91.47484374666242,90.23495530956903,0.0,0.9330408780824797,8964.044820471874,13263.633917323921,90.4318678940037,14.941840236148868,22.10866890031758,0.2922980092248347
glucagon_secretion,Alpha-cell glucagon secretion capacity,potentiation,"u:0=none,1=max",fasting,0.6,2.2,ok,0.0,0.0,302.1006997845964,54295.75958946209,0.5491264291142363,0.011134147103122813,91.61405736330161,90.29604405136354,0.0,1.0097049037114516,9026.33644550964,13832.007010752079,90.50356029837073,15.045660857245155,23.056052443330216,0.3100626969603828
glucagon_secretion,Alpha-cell glucagon secretion capacity,potentiation,"u:0=none,1=max",fasting,0.65,2.3,ok,0.0,0.0,341.56412557595934,54302.543476320774,0.5821270847103036,0.011980797395101715,91.74621501179757,90.35278507339301,0.0,1.0954314850805957,9078.778101968124,14391.717752171851,90.56968519978155,15.142238688183726,24.003541323376457,0.33075014397142644
glucagon_secretion,Alpha-cell glucagon secretion capacity,potentiation,"u:0=none,1=max",fasting,0.7,2.4,ok,0.0,0.0,379.04523701340895,54357.992328748966,0.597029784996789,0.011311970413996042,91.87204814376979,90.40552967556478,0.0,1.1666856537387957,9136.457682810264,14963.022004903833,90.6319884541881,15.233368484484927,24.948096489409426,0.3394221566479507
glucagon_secretion,Alpha-cell glucagon secretion capacity,potentiation,"u:0=none,1=max",fasting,0.75,2.5,ok,0.0,0.0,413.86980252969636,54402.55035249052,0.6273200163819456,0.011732681019981995,91.99211243593511,90.45459670323942,0.0,1.2399947967416978,9189.244139700466,15532.0760309168,90.68992762646245,15.318617979702454,25.89222089784016,0.3564934134829296
glucagon_secretion,Alpha-cell glucagon secretion capacity,potentiation,"u:0=none,1=max",fasting,0.8,2.6,ok,0.0,0.0,445.8649310636615,54419.89370792095,0.6645725339972438,0.012758406164016998,92.10703085532958,90.50027536420768,0.0,1.32036719450889,9234.41332622418,16094.482965560888,90.74346578725167,15.398094568707274,26.83704551477844,0.37841195956909024
glucagon_secretion,Alpha-cell glucagon secretion capacity,potentiation,"u:0=none,1=max",fasting,0.85,2.7,ok,0.0,0.0,476.502359226302,54475.77490461686,0.6937596407135721,0.013675044296290304,92.21717130960721,90.54281730126253,0.0,1.3887019516404564,9283.850994459131,16667.48560279788,90.79418129742984,15.473293437406591,27.77951689980418,0.39668964158505005
glucagon_secretion,Alpha-cell glucagon secretion capacity,potentiation,"u:0=none,1=max",fasting,0.9,2.8,ok,0.0,0.0,504.3448457231657,54492.195580941334,0.7199532325038595,0.013488031983348518,92.32309352378245,90.58245457880135,0.0,1.4679035824356816,9323.814363513675,17230.427387113177,90.84076390330304,15.543187611445846,28.72384145176916,0.41086537462136324
glucagon_secretion,Alpha-cell glucagon secretion capacity,potentiation,"u:0=none,1=max",fasting,0.95,2.9,ok,0.0,0.0,530.3579727061397,54510.05283419933,0.7469036633267574,0.014067570945915535,92.4250055171998,90.61941293249578,0.0,1.5459255756352803,9361.760594519488,17794.155512360372,90.88426245583695,15.608803563426575,29.668081678150738,0.4281750487094921
glucagon_secretion,Alpha-cell glucagon secretion capacity,potentiation,"u:0=none,1=max",fasting,1.0,3.0,ok,0.0,0.0,555.1003744674022,54546.52167308012,0.7735090778082211,0.014524569505442477,92.52336114612842,90.65387526943171,0.0,1.6177912730310027,9400.961750434148,18363.835846743958,90.9253142906862,15.670759116704582,30.61125613022939,0.4442991555089564
insulin_signal_global_inhibition,Insulin signalling inhibition,inhibition,"u:0=none,1=max",fasting,0.0,1.0,ok,0.0,0.0,537.6184041132356,53390.48674663699,0.0007720108398212252,5.605591832161598e-05,89.10452489166457,89.10137469122384,0.0,0.0,7857.036650774886,6876.233667428967,89.10277477328502,13.112518910001095,11.475667990533832,0.02071545546307752
insulin_signal_global_inhibition,Insulin signalling inhibition,inhibition,"u:0=none,1=max",fasting,0.05,0.95,ok,0.0,0.0,538.6671636497977,53441.093577029074,0.0008486739200029883,5.489681212573794e-05,89.10356795343483,89.1003618329943,0.0,0.0,7864.4639138882085,6882.876125684981,89.10188477934568,13.112354381306899,11.475761337430814,0.020749267640070103
insulin_signal_global_inhibition,Insulin signalling inhibition,inhibition,"u:0=none,1=max",fasting,0.1,0.9,ok,0.0,0.0,538.2119612021147,53342.044805191734,0.000773242280450734,5.229949646718262e-05,89.10259525309534,89.09959468580091,0.0,0.0,7849.8552315144925,6870.250562745734,89.10098653170482,13.112167855832375,11.475864959737454,0.02068238606084089
insulin_signal_global_inhibition,Insulin signalling inhibition,inhibition,"u:0=none,1=max",fasting,0.15,0.85,ok,0.0,0.0,539.1659792153239,53381.744065603954,0.0006284588174118022,3.756443369872542e-05,89.10160382760225,89.0985751355235,0.0,0.0,7855.658841415743,6875.501325933216,89.10007197413682,13.111968902968213,11.47597692286062,0.020602357672601483
insulin_signal_global_inhibition,Insulin signalling inhibition,inhibition,"u:0=none,1=max",fasting,0.2,0.8,ok,0.0,0.0,539.2566496318209,53335.49473570134,0.0005302653658883653,5.295842117868621e-05,89.1005896730723,89.0976754655484,0.0,0.0,7848.801760810664,6869.688947907427,89.09914946762841,13.111747902474173,11.476099460571923,0.02062179617974645
insulin_signal_global_inhibition,Insulin signalling inhibition,inhibition,"u:0=none,1=max",fasting,0.25,0.75,ok,0.0,0.0,540.020447628141,53354.5231777274,0.00037246692476457764,4.651633234936829e-05,89.09955402366943,89.09665416142668,0.0,0.0,7851.538318512954,6872.2945295913705,89.0982048085538,13.111502596224167,11.476236109590824,0.020563788384008772
insulin_signal_global_inhibition,Insulin signalling inhibition,inhibition,"u:0=none,1=max",fasting,0.3,0.7,ok,0.0,0.0,540.4896176967135,53342.36418135618,0.0006378050450903195,4.4495489891528704e-05,89.09849830520379,89.09565822749146,0.0,0.0,7849.678867444616,6870.893327650858,89.09722551492699,13.111241299591915,11.476385452684516,0.02061738650749517
insulin_signal_global_inhibition,Insulin signalling inhibition,inhibition,"u:0=none,1=max",fasting,0.35,0.65,ok,0.0,0.0,541.7112395543588,53402.25406220846,0.0005223276475084432,4.092381312491285e-05,89.09740504375023,89.09453616789534,0.0,0.0,7858.407169077479,6878.786733372086,89.09621008972623,13.110950247364572,11.47655354107342,0.020596949324779776
insulin_signal_global_inhibition,Insulin signalling inhibition,inhibition,"u:0=none,1=max",fasting,0.4,0.6,ok,0.0,0.0,542.8796588926978,53455.567754874486,0.000506583344677956,3.999846994194188e-05,89.09627892657248,89.09340058687943,0.0,0.0,7866.14673272687,6885.846633064767,89.09517455333565,13.110621505849478,11.476741029739802,0.020609497603434175
insulin_signal_global_inhibition,Insulin signalling inhibition,inhibition,"u:0=none,1=max",fasting,0.45,0.55,ok,0.0,0.0,543.3786903565126,53441.265979813135,0.0005523945929120569,4.60078971046638e-05,89.0951117843715,89.09233034573825,0.0,0.0,7863.912745147687,6884.212663250821,89.09411125272983,13.110249245641054,11.476951334551165,0.020639430835775924
insulin_signal_global_inhibition,Insulin signalling inhibition,inhibition,"u:0=none,1=max",fasting,0.5,0.5,ok,0.0,0.0,543.4196646708001,53379.57090261942,0.0005013030974838033,4.480999244447365e-05,89.0938962747979,89.09127954053125,0.0,0.0,7854.679829126315,6876.492635218004,89.09300709575186,13.109828983598472,11.477188684431695,0.020598253825880146
insulin_signal_global_inhibition,Insulin signalling inhibition,inhibition,"u:0=none,1=max",fasting,0.55,0.44999999999999996,ok,0.0,0.0,544.3451777654461,53400.01558478853,0.0004577752428696098,4.3035097735863284e-05,89.09262490421568,89.09008569441403,0.0,0.0,7857.509748595617,6879.381456530406,89.09182229047939,13.10935688878343,11.477461635202504,0.02058785800320569
insulin_signal_global_inhibition,Insulin signalling inhibition,inhibition,"u:0=none,1=max",fasting,0.6,0.4,ok,0.0,0.0,545.0603071852602,53399.27557713326,0.00039018208134929165,3.755186042355757e-05,89.09128457568613,89.08886981951763,0.0,0.0,7857.167847887095,6879.566035491797,89.09062875939615,13.108792512086591,11.477774877459382,0.020548466014800273
insulin_signal_global_inhibition,Insulin signalling inhibition,inhibition,"u:0=none,1=max",fasting,0.65,0.35,ok,0.0,0.0,545.0635949132266,53322.975685188125,0.0002870914462585097,2.528622349668102e-05,89.08986552352128,89.08766477223318,0.0,0.0,7845.668074565541,6870.05399734652,89.08933526822626,13.108146057429142,11.478139320166166,0.02044428990291345
insulin_signal_global_inhibition,Insulin signalling inhibition,inhibition,"u:0=none,1=max",fasting,0.7,0.30000000000000004,ok,0.0,0.0,546.9546564573275,53424.33893047794,0.0003491547174687337,2.8564208048486326e-05,89.08834374780022,89.08623963249116,0.0,0.0,7860.249890422099,6883.482267039725,89.08792404610668,13.107384372740572,11.478572456961448,0.02051103347043181
insulin_signal_global_inhibition,Insulin signalling inhibition,inhibition,"u:0=none,1=max",fasting,0.75,0.25,ok,0.0,0.0,547.5138160015402,53389.045315057585,0.00028177024331416215,2.280486491904064e-05,89.08669421281552,89.08484298485644,0.0,0.0,7854.641982630859,6879.361604333968,89.08640365210537,13.106467854559561,11.479088662026397,0.0204571870553224
insulin_signal_global_inhibition,Insulin signalling inhibition,inhibition,"u:0=none,1=max",fasting,0.8,0.19999999999999996,ok,0.0,0.0,548.2920004227282,53364.45383796616,0.000276787418512894,2.3772448392288165e-05,89.08488885950773,89.08332195135496,0.0,0.0,7850.510017054879,6876.700179054042,89.08470104294135,13.10535923458454,11.479716094782361,0.020449773468343164
insulin_signal_global_inhibition,Insulin signalling inhibition,inhibition,"u:0=none,1=max",fasting,0.85,0.15000000000000002,ok,0.0,0.0,550.3092463248037,53447.233132288085,0.00024206544202818746,1.6312950214022923e-05,89.08290115671028,89.08160959933706,0.0,0.0,7862.020046640946,6887.986677621993,89.08277617855349,13.103963125513305,11.480500290907948,0.020441799373059694
insulin_signal_global_inhibition,Insulin signalling inhibition,inhibition,"u:0=none,1=max",fasting,0.9,0.09999999999999998,ok,0.0,0.0,550.9713739556806,53378.340718649146,0.00022550375900740472,1.0995145774162226e-05,89.08061348801583,89.07973240535834,0.0,0.0,7851.030829840897,6879.878358684309,89.08051073281145,13.102202629107403,11.48149361182924,0.0203890037549865
insulin_signal_global_inhibition,Insulin signalling inhibition,inhibition,"u:0=none,1=max",fasting,0.95,0.050000000000000044,ok,0.0,0.0,551.5638748842662,53275.2749785613,0.00013744262177576652,4.903506472770956e-06,89.07785273090123,89.07746922011914,0.0,0.00012673256665607369,7834.722351941071,6867.5859820681635,89.07776957003286,13.099877806210047,11.482798387417652,0.020314483296594882
insulin_signal_global_inhibition,Insulin signalling inhibition,inhibition,"u:0=none,1=max",fasting,1.0,0.0,ok,0.0,0.0,553.5215950329386,53261.28143055733,0.0001789839306668174,1.8141071894245306e-05,89.07536736902908,89.07414887605776,0.0,0.0012184929713185966,7831.092593896038,6867.105831373219,89.07428921500882,13.096737214024445,11.484563541553737,0.020479415309416434
glucagon_signal_inhibition,Glucagon signalling inhibition,inhibition,"u:0=none,1=max",fasting,0.0,1.0,ok,0.0,0.0,537.6184041132356,53390.48674663699,0.0007720108398212252,5.605591832161598e-05,89.10452489166457,89.10137469122384,0.0,0.0,7857.036650774886,6876.233667428967,89.10277477328502,13.112518910001095,11.475667990533832,0.02071545546307752
glucagon_signal_inhibition,Glucagon signalling inhibition,inhibition,"u:0=none,1=max",fasting,0.05,0.95,ok,0.0,0.0,537.5026589867057,53382.83444779752,0.0008037001832814088,5.472276027056805e-05,89.10458736593867,89.10143966194286,0.0,0.0,7855.930835369558,6875.225200640992,89.10283870790718,13.112562219020358,11.475637973706883,0.020715161224735736
glucagon_signal_inhibition,Glucagon signalling inhibition,inhibition,"u:0=none,1=max",fasting,0.1,0.9,ok,0.0,0.0,537.4069970133082,53374.805869186646,0.0007428550659596722,4.593212469031945e-05,89.10465032177952,89.10150634994037,0.0,0.0,7854.778692407089,6874.172943856132,89.10286320742881,13.112614836847941,11.475610665110132,0.020661781612636133
glucagon_signal_inhibition,Glucagon signalling inhibition,inhibition,"u:0=none,1=max",fasting,0.15,0.85,ok,0.0,0.0,537.2920578078836,53366.34260261226,0.0008295866241998869,5.554805851868854e-05,89.10471439141308,89.10157496290479,0.0,0.0,7853.557625290459,6873.061761326693,89.10291234520005,13.112662823739763,11.475581608110078,0.020718745314923438
glucagon_signal_inhibition,Glucagon signalling inhibition,inhibition,"u:0=none,1=max",fasting,0.2,0.8,ok,0.0,0.0,537.1854001209338,53357.392234240775,0.0007345774478154518,5.975953344192127e-05,89.104778863752,89.10164558054618,0.0,0.0,7852.268564640506,6871.890641638949,89.10293969944651,13.112713780079247,11.475554404441343,0.020708480052761862
glucagon_signal_inhibition,Glucagon signalling inhibition,inhibition,"u:0=none,1=max",fasting,0.25,0.75,ok,0.0,0.0,538.1660155440095,53458.10887706432,0.0009392002902135364,7.06366953241934e-05,89.10484573869849,89.10151482567969,0.0,0.0,7867.113523023585,6884.839746531362,89.10299476222588,13.112760435424923,11.475524532390397,0.020841467064251572
glucagon_signal_inhibition,Glucagon signalling inhibition,inhibition,"u:0=none,1=max",fasting,0.3,0.7,ok,0.0,0.0,538.0568100349419,53449.08159151778,0.0008158710472483233,6.65269343611459e-05,89.10491272825948,89.10158827919787,0.0,0.0,7865.815292431839,6883.6573089340545,89.10302501045781,13.112815334892892,11.475495389217492,0.02079081095674305
glucagon_signal_inhibition,Glucagon signalling inhibition,inhibition,"u:0=none,1=max",fasting,0.35,0.65,ok,0.0,0.0,537.9403338729156,53439.421068521624,0.0008715382422031738,7.621549719490695e-05,89.10498173399041,89.1016642191798,0.0,0.0,7864.4226336324755,6882.393417150374,89.10305674840906,13.112868407004486,11.47546659285304,0.020839854094695624
glucagon_signal_inhibition,Glucagon signalling inhibition,inhibition,"u:0=none,1=max",fasting,0.4,0.6,ok,0.0,0.0,537.8208984368902,53429.38262681999,0.0009163022996525154,6.402215785540354e-05,89.1050515057523,89.10174219362567,0.0,0.0,7862.976092309979,6881.0804704002085,89.1030871029538,13.112924185087827,11.475436966938354,0.020798503371221508
glucagon_signal_inhibition,Glucagon signalling inhibition,inhibition,"u:0=none,1=max",fasting,0.45,0.55,ok,0.0,0.0,537.6808744359025,53418.756884868155,0.0007712168245731667,5.961104950729904e-05,89.10512251106621,89.10182267349771,0.0,0.0,7861.438314883942,6879.688647045342,89.10314170636875,13.112975535853478,11.47540504797897,0.0207405841319706
glucagon_signal_inhibition,Glucagon signalling inhibition,inhibition,"u:0=none,1=max",fasting,0.5,0.5,ok,0.0,0.0,537.4706803728872,53400.32493191122,0.0008344925879135217,5.499533600034991e-05,89.1051951062459,89.10191933175452,0.0,0.0,7858.755934885466,6877.2925910659715,89.10318245889636,13.11303189369886,11.47537318071213,0.020730978088128026
glucagon_signal_inhibition,Glucagon signalling inhibition,inhibition,"u:0=none,1=max",fasting,0.55,0.44999999999999996,ok,0.0,0.0,537.2217983471935,53376.7124398592,0.0009673181869796395,6.522017827902195e-05,89.10526845950855,89.10202696197773,0.0,0.0,7855.314252692595,6874.233148530011,89.10320100852547,13.113090200739418,11.475344771431455,0.020796160864266194
glucagon_signal_inhibition,Glucagon signalling inhibition,inhibition,"u:0=none,1=max",fasting,0.6,0.4,ok,0.0,0.0,537.0226215500022,53361.016860013246,0.0009600159480718211,6.0270491721647575e-05,89.1053434113821,89.10212117807484,0.0,0.0,7853.030716357722,6872.185034494136,89.10326912807221,13.11314421211849,11.475308917609881,0.020768604076282747
glucagon_signal_inhibition,Glucagon signalling inhibition,inhibition,"u:0=none,1=max",fasting,0.65,0.35,ok,0.0,0.0,536.8411790464097,53344.96372699274,0.0008749346957570636,6.265295195011397e-05,89.10541977207028,89.10221751338877,0.0,0.0,7850.69900459842,6870.097064131464,89.10330201079137,13.11320048847631,11.475278841346512,0.02075080820035754
glucagon_signal_inhibition,Glucagon signalling inhibition,inhibition,"u:0=none,1=max",fasting,0.7,0.30000000000000004,ok,0.0,0.0,536.6306329230363,53328.5431306003,0.000997657389236298,7.523470016937233e-05,89.10549751856935,89.1023161225338,0.0,0.0,7848.305372523859,6867.955756559121,89.10337693933555,13.113249882533097,11.475244112345173,0.020825601064073697
glucagon_signal_inhibition,Glucagon signalling inhibition,inhibition,"u:0=none,1=max",fasting,0.75,0.25,ok,0.0,0.0,537.8807612126615,53454.867188784585,0.0008315787038243994,6.112775239149743e-05,89.10557674992855,89.10214288651784,0.0,0.0,7866.931396413319,6884.201571615676,89.10341165532135,13.11331340892115,11.475210374904478,0.02077573619275918
glucagon_signal_inhibition,Glucagon signalling inhibition,inhibition,"u:0=none,1=max",fasting,0.8,0.19999999999999996,ok,0.0,0.0,536.6218435542684,53332.5987192877,0.0010277506437329795,7.920622565024621e-05,89.10565758906907,89.10245043082013,0.0,0.0,7848.966356394918,6868.432331082014,89.10345898055932,13.113369094536509,11.475178280633527,0.020850650163712073
glucagon_signal_inhibition,Glucagon signalling inhibition,inhibition,"u:0=none,1=max",fasting,0.85,0.15000000000000002,ok,0.0,0.0,537.895805325225,53459.71644852872,0.0011259741610319693,8.295504966534945e-05,89.10573998997268,89.10227587409508,0.0,0.0,7867.712651167693,6884.784258015243,89.10346734867309,13.113434262170621,11.475147832618234,0.02093859521326494
glucagon_signal_inhibition,Glucagon signalling inhibition,inhibition,"u:0=none,1=max",fasting,0.9,0.09999999999999998,ok,0.0,0.0,537.6930317618021,53443.316113498586,0.0009528511172193565,6.392967205849125e-05,89.10582397600162,89.1023833073834,0.0,0.0,7865.3290721894955,6882.645077158793,89.10352967414262,13.11349357312279,11.475110724169909,0.020813019663356996
glucagon_signal_inhibition,Glucagon signalling inhibition,inhibition,"u:0=none,1=max",fasting,0.95,0.050000000000000044,ok,0.0,0.0,537.4783677698301,53426.43976186262,0.0009409279350147236,7.065778261826174e-05,89.10590944968165,89.10249356568809,0.0,0.0,7862.875712170684,6880.441941172838,89.10360376385046,13.113555105383922,11.475070679968306,0.020830575832683322
glucagon_signal_inhibition,Glucagon signalling inhibition,inhibition,"u:0=none,1=max",fasting,1.0,0.0,ok,0.0,0.0,537.2841901302286,53409.016114978134,0.0010829121561266937,7.246224284619146e-05,89.10599693450015,89.102606790356,0.0,0.0,7860.345534223958,6878.176373329359,89.1036349696229,13.11361657943329,11.475038512344907,0.02086671899441726
insulin_secretion_inhibition,Beta-cell secretion impairment,inhibition,"u:0=none,1=max",fasting,0.0,1.0,ok,0.0,0.0,537.6184041132356,53390.48674663699,0.0007720108398212252,5.605591832161598e-05,89.10452489166457,89.10137469122384,0.0,0.0,7857.036650774886,6876.233667428967,89.10277477328502,13.112518910001095,11.475667990533832,0.02071545546307752
insulin_secretion_inhibition,Beta-cell secretion impairment,inhibition,"u:0=none,1=max",fasting,0.05,0.95,ok,0.0,0.0,240.80885932939447,53715.26786869489,0.07758912192748098,0.004015985203721933,89.74355625995562,89.4063357353137,0.0,0.0,7818.535274309274,6847.52748383459,89.5983251812601,13.04150000072848,11.421836258621529,0.055663310167932925
insulin_secretion_inhibition,Beta-cell secretion impairment,inhibition,"u:0=none,1=max",fasting,0.1,0.9,ok,0.0,0.0,81.11376747417964,54046.43076747511,0.16845464075506897,0.007390179188637445,90.43401092447515,89.73394215837268,599.6557292692935,0.0,7774.9962577451015,6816.718782286079,90.12909929724682,12.96576665284141,11.367720592935127,2.5903343872690536
insulin_secretion_inhibition,Beta-cell secretion impairment,inhibition,"u:0=none,1=max",fasting,0.15,0.85,ok,0.0,0.0,419.7273182093037,54386.408950194265,0.26926471199786867,0.012251770368986557,91.18315372986332,90.09266644845897,599.629795910944,0.0,7726.064992574858,6783.867931749079,90.69997742118812,12.884724950729964,11.313427014485129,2.634755451043996
insulin_secretion_inhibition,Beta-cell secretion impairment,inhibition,"u:0=none,1=max",fasting,0.2,0.8,ok,0.0,0.0,789.3803560721144,54743.41967714025,0.3793416542156643,0.015427285369690529,91.9998107236325,90.4900171067635,599.4893257896459,0.0,7672.05398023749,6749.727045220925,91.31675464785356,12.797649015905126,11.259127985857297,2.674260671813492
insulin_secretion_inhibition,Beta-cell secretion impairment,inhibition,"u:0=none,1=max",fasting,0.25,0.75,ok,0.0,0.0,1190.7354498348723,55162.5717214083,0.5007826868762901,0.020078596321090957,92.89474801282755,90.90794989735956,599.6870696841492,0.0,7618.076076000016,6719.698902103029,91.98559467100404,12.703418934832797,11.205342322358636,2.72392213210746
insulin_secretion_inhibition,Beta-cell secretion impairment,inhibition,"u:0=none,1=max",fasting,0.3,0.7,ok,0.0,0.0,1628.228705538947,55577.01652793179,0.6549899274997789,0.021423217323777433,93.88118500391612,91.39726619715071,599.430975804365,0.0,7553.587554584193,6684.859457614602,92.7162905676572,12.601263297159742,11.152008700658683,2.766633165102487
insulin_secretion_inhibition,Beta-cell secretion impairment,inhibition,"u:0=none,1=max",fasting,0.35,0.65,ok,0.0,0.0,2109.237609799458,56077.572294840495,0.769423389754706,0.02608435293904149,94.97556406242614,91.89884203782766,599.6481631671227,0.0,7489.106868198094,6656.263250869546,93.51745863550924,12.489168362733517,11.100281231103242,2.814642994961496
insulin_secretion_inhibition,Beta-cell secretion impairment,inhibition,"u:0=none,1=max",fasting,0.4,0.6,ok,0.0,0.0,2641.3200275566915,56630.38619603365,0.980764046841776,0.0400286030511952,96.19862919327497,92.44566204932757,599.8785129830773,0.0,7417.783718050756,6629.0351388382605,94.40309157669599,12.365476604860515,11.050629411400951,2.924054152206707
insulin_secretion_inhibition,Beta-cell secretion impairment,inhibition,"u:0=none,1=max",fasting,0.45,0.55,ok,0.0,0.0,3233.3170900262676,57201.206618996344,1.1817518304252668,0.041386888369843694,97.57672399538885,93.11171400514989,599.6432169885564,0.0,7332.627085148753,6598.154988812655,95.39206814722957,12.228316567931241,11.00346806547563,2.9785629393675164
insulin_secretion_inhibition,Beta-cell secretion impairment,inhibition,"u:0=none,1=max",fasting,0.5,0.5,ok,0.0,0.0,3900.886770245817,57883.45507796672,1.4362433137919497,0.05226074964361572,99.14392194614338,93.79539188875493,599.8063145302324,0.0,7241.70999984638,6574.605496134758,96.50357736447135,12.07341407453851,10.961214206762698,3.0861632945622013
insulin_secretion_inhibition,Beta-cell secretion impairment,inhibition,"u:0=none,1=max",fasting,0.55,0.44999999999999996,ok,0.0,0.0,4661.11155775399,58658.86723051305,1.718526099292246,0.04905908428626568,100.94486060533437,94.55106278802674,599.9750630306563,0.0,7137.67023292785,6555.0226170201495,97.76884214855413,11.896611497273419,10.925491776122726,3.144409313473061
insulin_secretion_inhibition,Beta-cell secretion impairment,inhibition,"u:0=none,1=max",fasting,0.6,0.4,ok,0.0,0.0,5536.340513233763,59512.74568771992,2.0258598617839483,0.06509526858625028,103.03887207152962,95.48724132704055,599.7378352720684,0.0,7012.344862196124,6536.274888594038,99.23126771003571,11.692350306721945,10.898553508182264,3.284135893074728
insulin_secretion_inhibition,Beta-cell secretion impairment,inhibition,"u:0=none,1=max",fasting,0.65,0.35,ok,0.0,0.0,6564.093755029477,60531.88443041679,2.6002224993330025,0.07622798516770402,105.50614759457176,96.5084082015683,599.6421186154146,0.0,6865.976969519113,6527.609130074983,100.94668561672435,11.45012459327038,10.8858416169087,3.4715600864273823
insulin_secretion_inhibition,Beta-cell secretion impairment,inhibition,"u:0=none,1=max",fasting,0.7,0.30000000000000004,ok,0.0,0.0,7798.44250562448,61793.530053090595,2.9797747199659677,0.09011997704100302,108.45716500152238,97.5170036571191,599.9454171940679,0.0,6691.887181238487,6536.609490436692,102.99858667493059,11.154160010982837,10.895340314471069,3.6229376738202212
insulin_secretion_inhibition,Beta-cell secretion impairment,inhibition,"u:0=none,1=max",fasting,0.75,0.25,ok,0.0,0.0,9315.343858092294,63310.38141484649,3.7086228848909184,0.12596557649284862,112.0482447388394,98.73046237782566,599.9448617417132,0.0,6468.921337063616,6561.754383855663,105.52699998304631,10.782526444652843,10.93726240909221,3.9481006300479606
insulin_secretion_inhibition,Beta-cell secretion impairment,inhibition,"u:0=none,1=max",fasting,0.8,0.19999999999999996,ok,0.0,0.0,11250.364071415861,65236.1473693985,4.437248509317861,0.14693866852183,116.51085968239563,100.10436131445803,599.8420366442515,0.0,6174.2289997161815,6617.889892847154,108.7555446002997,10.293091551664515,11.032721097491253,4.213169005362498
insulin_secretion_inhibition,Beta-cell secretion impairment,inhibition,"u:0=none,1=max",fasting,0.85,0.15000000000000002,ok,0.0,0.0,13851.821798045446,67820.18340621478,5.112262852721003,0.1827351082481876,122.22166024350436,101.63869707987786,599.6484623129927,0.0,5760.40057648964,6728.873449281188,113.09990380800032,9.606295919229655,11.221363635831327,4.523548122596305
insulin_secretion_inhibition,Beta-cell secretion impairment,inhibition,"u:0=none,1=max",fasting,0.9,0.09999999999999998,ok,0.0,0.0,17663.09025302146,71643.13053609121,6.381266578122761,0.21253384459375313,129.924598080414,103.04948904927907,599.7782253674419,0.0,5124.438116386114,6952.7820935564605,119.44936896000269,8.543888223429137,11.59225493605904,4.959412026231854
insulin_secretion_inhibition,Beta-cell secretion impairment,inhibition,"u:0=none,1=max",fasting,0.95,0.050000000000000044,ok,0.0,63.05974660506814,24266.863164720253,78238.71086475276,9.369701299789329,0.24946174018549344,141.75929339060053,104.61441452045372,599.6871966670279,0.0,3962.5552958916137,7429.932484723347,130.46586837203105,6.607703679376358,12.389680029885255,6.0094967038961915
insulin_secretion_inhibition,Beta-cell secretion impairment,inhibition,"u:0=none,1=max",fasting,1.0,0.0,ok,0.0,19603.212593657358,48867.90286762554,102859.77652820386,21.90815737700172,0.30608363453992193,180.5277767164216,105.87828618665583,599.9097073397592,0.0,7.303402626772801,9105.761210727725,171.45876332677707,0.012174169774913335,15.178552871075102,58.21511426141491
glucagon_secretion_inhibition,Glucagon secretion suppression,inhibition,"u:0=none,1=max",fasting,0.0,1.0,ok,0.0,0.0,537.6184041132356,53390.48674663699,0.0007720108398212252,5.605591832161598e-05,89.10452489166457,89.10137469122384,0.0,0.0,7857.036650774886,6876.233667428967,89.10277477328502,13.112518910001095,11.475667990533832,0.02071545546307752
glucagon_secretion_inhibition,Glucagon secretion suppression,inhibition,"u:0=none,1=max",fasting,0.05,0.95,ok,0.0,0.0,607.1779234385026,53385.12187738443,0.10858730228134625,0.0024470912106795326,89.03832843352896,88.73041122299963,0.0,0.002734519112394196,7786.97042747372,6585.432395575042,88.98789247149956,12.980134964763124,10.977285979448503,0.05717287144295825
glucagon_secretion_inhibition,Glucagon secretion suppression,inhibition,"u:0=none,1=max",fasting,0.1,0.9,ok,0.0,0.0,680.8424963997332,53316.11088890999,0.25752412742385755,0.005264915351588913,88.97095344621628,88.33042234452418,599.9661487256635,0.007970128427899681,7703.993035250314,6285.379178802588,88.86519848187127,12.84071284957277,10.476223020503443,2.605694897985077
glucagon_secretion_inhibition,Glucagon secretion suppression,inhibition,"u:0=none,1=max",fasting,0.15,0.85,ok,0.0,0.0,759.059926832747,53230.581285577384,0.3872719398918139,0.007779592653697318,88.89937464631195,87.90892207588881,599.8849023601125,0.014994559917539618,7614.7977263324265,5982.05590200044,88.73465739203239,12.693764581128336,9.972006093944662,2.6481738708006306
glucagon_secretion_inhibition,Glucagon secretion suppression,inhibition,"u:0=none,1=max",fasting,0.2,0.8,ok,0.0,0.0,843.0486421031069,53156.14116078055,0.551002932780388,0.01012060360248344,88.82320952508715,87.46333784809725,599.9909978098184,0.027864545369098437,7522.904076436128,5678.595838583112,88.59489784816684,12.538361581919423,9.464468399212683,2.6998136317281123
glucagon_secretion_inhibition,Glucagon secretion suppression,inhibition,"u:0=none,1=max",fasting,0.25,0.75,ok,0.0,0.0,932.8238542600911,53066.66238935506,0.7246483564993436,0.012455304555452235,88.74201953805348,86.9905658216401,599.9942915957239,0.0450362286485273,7424.231393374142,5371.814763273249,88.44527878460445,12.373836713727583,8.95310978540572,2.753892817822611
glucagon_secretion_inhibition,Glucagon secretion suppression,inhibition,"u:0=none,1=max",fasting,0.3,0.7,ok,0.0,0.0,1029.1714080012423,52964.16350666325,0.9146963204093972,0.015916132875756137,88.6553038176683,86.48697401004796,599.9259434962722,0.06712067780260611,7318.623823901628,5061.885922029606,88.2845025804295,12.199212091495596,8.437517958516256,2.816753948882592
glucagon_secretion_inhibition,Glucagon secretion suppression,inhibition,"u:0=none,1=max",fasting,0.35,0.65,ok,0.0,0.0,1131.4998647687585,52817.18083680166,1.1067575139763899,0.01752015397531388,88.5624897949752,85.94808224482809,599.4297855730047,0.080735666179379,7201.488247820514,4745.585555253279,88.11237297177827,12.013897909554984,7.916833079485526,2.87003436776662
glucagon_secretion_inhibition,Glucagon secretion suppression,inhibition,"u:0=none,1=max",fasting,0.4,0.6,ok,0.0,0.0,1243.507033578393,52687.046336980464,1.2881467225274987,0.018428811411269803,88.46291244139543,85.36824954480291,599.2283707839873,0.11112526890289587,7080.182350983011,4428.993055700529,87.92481949419137,11.81549922564549,7.391160485118475,2.920762358172957
glucagon_secretion_inhibition,Glucagon secretion suppression,inhibition,"u:0=none,1=max",fasting,0.45,0.55,ok,0.0,0.0,1368.7055442130302,52597.21612597995,1.5205542077049725,0.023935033488797226,88.35582208909932,84.74049594995492,599.6213518910331,0.18934004594163412,6956.504640011459,4113.610975978501,87.71738357899277,11.601495874142318,6.860347722784315,3.0098904066189087
glucagon_secretion_inhibition,Glucagon secretion suppression,inhibition,"u:0=none,1=max",fasting,0.5,0.5,ok,0.0,0.0,1503.1022206357586,52444.2994207295,1.7697787554126088,0.02630387396243776,88.24032835413134,84.0559415514989,599.4155737929474,0.25434836909954583,6816.578676397878,3789.6233656041823,87.49238710778813,11.3720413256271,6.322197038732947,3.0868194853466706
glucagon_secretion_inhibition,Glucagon secretion suppression,inhibition,"u:0=none,1=max",fasting,0.55,0.44999999999999996,ok,0.0,0.0,1653.3937751030703,52298.23146730535,1.9985427267577376,0.028802180037707428,88.11542230128117,83.30296536334795,599.4625026934268,0.36784352526645137,6667.737428505809,3462.980100133711,87.24187289834768,11.122859892899388,5.776808531933691,3.165033310513288
glucagon_secretion_inhibition,Glucagon secretion suppression,inhibition,"u:0=none,1=max",fasting,0.6,0.4,ok,0.0,0.0,1822.4756398043232,52147.2386691843,2.28620904433694,0.029555602092923957,87.97994408943114,82.46600784062763,599.6634923220957,0.5456991704330534,6506.817748957443,3131.9979322346126,86.9608360970132,10.85078186727841,5.222925811452151,3.258044105294039
glucagon_secretion_inhibition,Glucagon secretion suppression,inhibition,"u:0=none,1=max",fasting,0.65,0.35,ok,0.0,0.0,2012.1401647731268,51956.60786412681,2.7346293095998417,0.03454145447006715,87.83260695603876,81.52364526174004,599.6527558766661,0.7621715446916966,6327.809879218659,2793.5050373328404,86.64449109079557,10.552456929790438,4.658537812018988,3.4111114056855
glucagon_secretion_inhibition,Glucagon secretion suppression,inhibition,"u:0=none,1=max",fasting,0.7,0.30000000000000004,ok,0.0,0.0,2231.1588208228163,51754.212745834986,3.026035382134301,0.03835605750226977,87.67205092019209,80.44572468000175,599.8374618517535,1.1020554944236522,6131.069494087926,2448.7073341342243,86.28039433560046,10.22121805323854,4.082284768568537,3.5333559932449243
glucagon_secretion_inhibition,Glucagon secretion suppression,inhibition,"u:0=none,1=max",fasting,0.75,0.25,ok,0.0,0.0,2481.9340504488914,51471.187390649546,3.523863668523728,0.048086484988327134,87.49706912163542,79.18691917552258,599.479127123316,1.4583205053450286,5905.723161764292,2092.4292335205637,85.85984909539921,9.851424169017738,3.490412157569817,3.730180003111769
glucagon_secretion_inhibition,Glucagon secretion suppression,inhibition,"u:0=none,1=max",fasting,0.8,0.19999999999999996,ok,0.0,0.0,2784.884957450559,51161.89752480967,4.00433192617669,0.053924798935354075,87.30720684089611,77.67593805007854,599.4086942473358,2.054959355338994,5652.309887923402,1726.5860450795578,85.35394634048899,9.429809647691018,2.880482151243391,3.9322700159892867
glucagon_secretion_inhibition,Glucagon secretion suppression,inhibition,"u:0=none,1=max",fasting,0.85,0.15000000000000002,ok,0.0,0.0,3162.447329707293,50795.02654169311,4.718297548670449,0.0670390680676701,87.10457221438656,75.79035310526646,599.5274874600044,3.01278373373556,5359.874101067942,1346.9517873087952,84.72510035677344,8.940164067832685,2.246688960026462,4.2586579466222085
glucagon_secretion_inhibition,Glucagon secretion suppression,inhibition,"u:0=none,1=max",fasting,0.9,0.09999999999999998,ok,0.0,0.0,3658.1466285083116,50327.33707093305,5.554470044791475,0.07404076367061514,86.89963916090211,73.29314600088145,599.8387077715706,4.59734528992324,5012.194677319063,947.3911570275011,83.9014495378291,8.355904032835102,1.5794098392667995,4.6544990273801865
glucagon_secretion_inhibition,Glucagon secretion suppression,inhibition,"u:0=none,1=max",fasting,0.95,0.050000000000000044,ok,4.192424713651489,0.0,4361.839544565447,49592.035191286894,7.093019745482969,0.09343638324727892,86.73417009890734,69.62222603168341,599.4874970650259,7.007889187322391,4573.681128670099,514.1364466762475,82.72405251832582,7.629318628098086,0.857626638075622,5.774386550449978
glucagon_secretion_inhibition,Glucagon secretion suppression,inhibition,"u:0=none,1=max",fasting,1.0,0.0,ok,416.4442673114704,0.0,5655.103036472689,48302.898819807,9.707721108250976,0.12318523990501423,86.82038779929972,62.753228623737535,599.5333539586632,12.68473316240648,3974.6211727279338,12.301129418731414,80.56749220183904,6.629524690301013,0.02051783997922417,48.33858436866333
insulin_signal_global,Insulin signalling (global),potentiation,"u:0=none,1=max",ivgtt,0.0,1.0,ok,1760.7402919109327,2155.750602902497,8154.438093765866,15051.502456527513,118.16522203336439,1.2562203520636275,412.77613365697516,40.2194973993506,25.5216273405872,48.881747114038404,22273.913559752065,3750.523759563916,83.61945810057203,123.74396423379719,20.83624311086937,221.07115561656065
insulin_signal_global,Insulin signalling (global),potentiation,"u:0=none,1=max",ivgtt,0.05,1.1,ok,1920.7207040295357,2058.169377289979,8185.9740913509395,14687.640283963356,114.77330299152045,1.174953283219187,412.3265985158076,37.58347329361646,24.306037074141894,51.5195713999364,21807.23918930395,3909.5663097437982,81.5980015781396,121.15132883030587,21.71981283206049,235.91008587732307
insulin_signal_global,Insulin signalling (global),potentiation,"u:0=none,1=max",ivgtt,0.1,1.2,ok,2039.677308281524,1973.186134464644,8193.349540216597,14392.425425418714,118.0503264587752,1.1690255332432677,411.8726779305884,35.49359030387262,23.396697955547477,53.61121219122818,21414.78959418321,4026.6687544350452,79.95791903477006,118.97105330796059,22.370381970389047,248.5935013976098
insulin_signal_global,Insulin signalling (global),potentiation,"u:0=none,1=max",ivgtt,0.15,1.3,ok,2142.6850730152014,1898.2583742146712,8197.86330754596,14134.716240550348,116.52729374513049,1.1523122471131078,411.43153529322433,33.59802766272375,22.415512306563905,55.508495995825015,21076.345327855663,4125.7918761965375,78.52620133874876,117.09080738049185,22.921065979557916,258.44437644789156
insulin_signal_global,Insulin signalling (global),potentiation,"u:0=none,1=max",ivgtt,0.2,1.4,ok,2231.255475712078,1831.6297087208097,8199.283677266867,13909.242649827553,116.0565336898608,1.1209827160619568,410.9870289704614,31.874346501704473,21.58826372113413,57.233868198145,20782.234811473216,4208.097901448514,77.27357028451877,115.45686007524345,23.37832167704323,267.0603939165993
insulin_signal_global,Insulin signalling (global),potentiation,"u:0=none,1=max",ivgtt,0.25,1.5,ok,2307.267752545699,1771.9516860094805,8197.240138097955,13711.008546648889,118.79758270209167,1.2032395061796521,410.5377108950172,30.305965199702772,20.75010407093051,58.80391454764178,20524.36360220659,4275.871622807308,76.17226970512073,114.02424223675008,23.7548423494022,275.6797576998478
insulin_signal_global,Insulin signalling (global),potentiation,"u:0=none,1=max",ivgtt,0.3,1.6,ok,2372.787365900551,1718.2422729675714,8192.437510238175,13535.817809083725,121.3259642069532,1.353552634696815,410.1101857962612,28.87791409737089,20.11307218474086,60.23360866114051,20296.76037338218,4331.403991878867,75.19898782936613,112.75977985380747,24.06335551079757,283.47069031995807
insulin_signal_global,Insulin signalling (global),potentiation,"u:0=none,1=max",ivgtt,0.35,1.7,ok,2429.16064145434,1669.4361581158023,8185.078204088486,13380.296297744582,123.72279345493608,1.3209769980241572,409.67698641938534,27.576875332401666,19.357325038269217,61.53627146138521,20093.984820716465,4376.404326776696,74.33497943264076,111.63324900507126,24.313357371219237,289.58164913621135
insulin_signal_global,Insulin signalling (global),potentiation,"u:0=none,1=max",ivgtt,0.4,1.8,ok,2477.6732382323744,1624.8740356671774,8175.62894316367,13241.695566154784,116.13946173791474,1.1742562394585465,409.2470662458719,26.39051886886778,18.990675037584406,62.72423557819484,19912.304765500314,4412.410447196463,73.5649753716323,110.62391537006465,24.5133913746818,291.95571689169014
insulin_signal_global,Insulin signalling (global),potentiation,"u:0=none,1=max",ivgtt,0.45,1.9,ok,2519.4228438951286,1584.0799496187478,8164.318364448965,13117.701636176607,110.46432635946405,1.0301926492446292,408.8068190599044,25.30696928829301,18.435753738489442,63.80937853125574,19749.007286929307,4440.827325697075,72.87612020197892,109.71670715110942,24.671262920877087,294.1395485102312
insulin_signal_global,Insulin signalling (global),potentiation,"u:0=none,1=max",ivgtt,0.5,2.0,ok,2555.446854067348,1546.610892694161,8151.631438000016,13006.33769477604,114.97902072525126,1.153435427279726,408.38867300106205,24.316393559058312,17.84536627442314,64.80153521540413,19601.636305397973,4462.915391035803,72.25743163911892,108.897979476655,24.793974395149213,299.3663972927906
insulin_signal_global,Insulin signalling (global),potentiation,"u:0=none,1=max",ivgtt,0.55,2.1,ok,2586.6073445392226,1512.0304480730654,8137.894039829235,12905.79119260296,104.16342692829366,1.0900896476331052,407.9720592024709,23.409298215699618,17.416072324257943,65.71020055969574,19467.439615646013,4479.807551883224,71.6988399618512,108.15244231358815,24.887819733707136,299.5275343382973
insulin_signal_global,Insulin signalling (global),potentiation,"u:0=none,1=max",ivgtt,0.6,2.2,ok,2613.681289488323,1479.9010645098879,8123.321722825204,12814.62905559307,101.81371367937881,1.059645509644681,407.5450257273497,22.577398545337456,17.24760777363899,66.54366029955149,19344.85960228954,4492.483845757095,71.19238364743772,107.4714422428733,24.95824358938134,301.52780783931087
insulin_signal_global,Insulin signalling (global),potentiation,"u:0=none,1=max",ivgtt,0.65,2.3,ok,2637.258751378341,1450.0611617354166,8108.146237969526,12731.546605684827,94.5519153976359,0.8610748083795917,407.13354435548376,21.813101055862983,16.87682204348241,67.3095093057288,19232.235701247726,4501.76222923662,70.73081448316908,106.84575390660977,25.00979016495111,301.2760427937427
insulin_signal_global,Insulin signalling (global),potentiation,"u:0=none,1=max",ivgtt,0.7,2.4,ok,2658.0195936929185,1422.2537667207187,8092.823820166986,12655.609085437534,103.04679927724413,0.9784873634653759,406.7108296335296,21.109792503033965,16.515625447646876,68.01435640653804,19128.87027034061,4508.348878297277,70.30893936652464,106.27150150640072,25.046382658269664,305.9447571124114
insulin_signal_global,Insulin signalling (global),potentiation,"u:0=none,1=max",ivgtt,0.75,2.5,ok,2676.2414453546694,1396.259796727008,8077.41667634454,12585.769918521739,94.509086713054,0.88619579092253,406.31377836463196,20.461027816040986,16.23905390379806,68.6646422951507,19032.97997870336,4512.786003812007,69.92094399486194,105.73877766411255,25.07103335561355,305.2620503073123
insulin_signal_global,Insulin signalling (global),potentiation,"u:0=none,1=max",ivgtt,0.8,2.6,ok,2692.4762528950832,1371.8696845342442,8062.101844863365,12521.360022449762,101.80261787955126,0.9558826607575213,405.90839137538563,19.862100248645323,15.95175729607305,69.26507785569275,18944.097422867937,4515.548593749599,69.56311123649998,105.24498568361024,25.086381076627546,308.98535661530633
insulin_signal_global,Insulin signalling (global),potentiation,"u:0=none,1=max",ivgtt,0.85,2.7,ok,2706.9874298183504,1348.9643111211305,8047.00654351964,12461.68018393049,92.59286934826993,0.8607943031783585,405.5030258900824,19.307641794283708,15.680672802768932,69.82103174367339,18861.19339914028,4516.992306288611,69.2315565829366,104.78440778139411,25.094401703613293,307.7507213354668
insulin_signal_global,Insulin signalling (global),potentiation,"u:0=none,1=max",ivgtt,0.9,2.8,ok,2720.0660325682325,1327.4977815832408,8032.164792942554,12406.26466193651,99.13073089356574,0.9996976729231785,405.09639304792057,18.793937257384826,15.436669206905595,70.33622030715551,18783.952840429214,4517.392698467027,68.92369257098528,104.35529356501281,25.09662610429553,311.24534211242303
insulin_signal_global,Insulin signalling (global),potentiation,"u:0=none,1=max",ivgtt,0.95,2.9,ok,2731.8906727524827,1307.0703765658889,8017.584573486087,12354.52456075263,82.16727267517562,0.8027380044495313,404.69826204269344,18.316499498661788,15.180576011817548,70.81513129152411,18711.111156497926,4516.904048676245,68.6362475662301,103.95061754593374,25.09391138390868,307.3947124241355
insulin_signal_global,Insulin signalling (global),potentiation,"u:0=none,1=max",ivgtt,1.0,3.0,ok,2742.757389976862,1287.833073731727,8003.411579208862,12306.186371205826,93.8872454923191,0.8847332850380891,404.2968099679554,17.87273213711628,14.967526162329492,71.26036217457082,18642.927148408307,4515.784482233971,68.36770206584971,103.57181749660361,25.08769156928575,311.7347634823328
glucagon_signal_hepatic,Glucagon signalling (hepatic HGP),potentiation,"u:0=none,1=max",ivgtt,0.0,1.0,ok,1760.7402919109327,2155.750602902497,8154.438093765866,15051.502456527513,118.16522203336439,1.2562203520636275,412.77613365697516,40.2194973993506,25.5216273405872,48.881747114038404,22273.913559752065,3750.523759563916,83.61945810057203,123.74396423379719,20.83624311086937,221.07115561656065
glucagon_signal_hepatic,Glucagon signalling (hepatic HGP),potentiation,"u:0=none,1=max",ivgtt,0.05,1.1,ok,1733.9692257423578,2155.312151294185,8127.155118606488,15076.532717454396,118.90737983534207,1.3563747728320574,412.77618352652024,40.36805538191551,25.666567346410126,48.73309093819276,22289.75072071218,3712.1047035082383,83.75851510134726,123.8319484548742,20.62280390945714,218.96485436497474
glucagon_signal_hepatic,Glucagon signalling (hepatic HGP),potentiation,"u:0=none,1=max",ivgtt,0.1,1.2,ok,1708.82147347038,2154.933570762855,8101.684362274858,15100.021019922246,125.51287440903475,1.379845392889159,412.7690725254192,40.508456654201844,25.63697762104354,48.59259516548072,22304.08417625966,3676.468065900873,83.88900566668127,123.91157875765775,20.424822588446915,218.18022085145932
glucagon_signal_hepatic,Glucagon signalling (hepatic HGP),potentiation,"u:0=none,1=max",ivgtt,0.15,1.3,ok,1684.9750092969236,2154.646088058468,8077.228706704773,15122.164791871171,121.99025279471304,1.2321911686217428,412.76489994187506,40.64153959230817,25.590224794636708,48.45942118827245,22317.785209548187,3643.267414124642,84.01202662558636,123.98769561462223,20.240374523897607,214.31007649383722
glucagon_signal_hepatic,Glucagon signalling (hepatic HGP),potentiation,"u:0=none,1=max",ivgtt,0.2,1.4,ok,1662.3301938928005,2154.1689700823254,8054.380715289921,15143.061388813745,118.18302672168468,1.1662539265317569,412.76161834562043,40.76805864375581,25.509459884100377,48.33281434360475,22330.49033295734,3612.19836752837,84.12811883023384,124.05827963268847,20.067768709323637,210.81585416448925
glucagon_signal_hepatic,Glucagon signalling (hepatic HGP),potentiation,"u:0=none,1=max",ivgtt,0.25,1.5,ok,1640.8522464184257,2153.8084940241943,8032.256187250883,15162.89968553412,118.81404208491404,1.1946096394945576,412.75827585103184,40.88868907778263,25.585083829750786,48.212099167142284,22342.54722965773,3583.027894498219,84.23833159232461,124.12526239586369,19.90571052641358,208.9265831685036
glucagon_signal_hepatic,Glucagon signalling (hepatic HGP),potentiation,"u:0=none,1=max",ivgtt,0.3,1.6,ok,1620.2811536039314,2153.429340949923,8011.192663711514,15181.740811230424,122.13991062482283,1.2560815093323805,412.7547474761578,41.00406874225651,25.555287448402943,48.09663763973971,22353.83135410833,3555.550124196844,84.34300450957048,124.18795197129525,19.753056246178506,207.93421456410317
glucagon_signal_hepatic,Glucagon signalling (hepatic HGP),potentiation,"u:0=none,1=max",ivgtt,0.35,1.7,ok,1600.6826330746605,2153.14589898727,7991.36346689112,15199.74538291384,131.64078495030694,1.569986810355313,412.75115145169724,41.1144883706563,25.67269928084598,47.98613885992156,22364.821324834935,3529.5925289092156,84.44302990782865,124.24900736424301,19.608847383467975,209.5939377045968
glucagon_signal_hepatic,Glucagon signalling (hepatic HGP),potentiation,"u:0=none,1=max",ivgtt,0.4,1.8,ok,1582.0520598560797,2152.6924170733346,7971.992321723135,15216.866739727531,119.40272834834288,1.3722324147659117,412.75320748616684,41.22052644384804,25.581496025189146,47.88002421129023,22374.616638556072,3505.0050521735593,84.53814856060039,124.30342577939953,19.472250291363785,203.8682266656532
glucagon_signal_hepatic,Glucagon signalling (hepatic HGP),potentiation,"u:0=none,1=max",ivgtt,0.45,1.9,ok,1564.2270933253455,2152.3289008355287,7953.484746423472,15233.289422541977,119.56666044981003,1.3750572651063098,412.7413766372835,41.32264162435955,25.536570335863846,47.7778348900123,22384.211001666114,3481.6626914553854,84.62938568402434,124.35672779178842,19.342570508824988,202.12670115336607
glucagon_signal_hepatic,Glucagon signalling (hepatic HGP),potentiation,"u:0=none,1=max",ivgtt,0.5,2.0,ok,1547.1660821074297,2152.044905767766,7935.609684156069,15249.031362136935,121.60373593783643,1.2706819603888608,412.74432560326153,41.42083216987536,25.438482745883352,47.679572488085945,22393.32381831482,3459.4561531808286,84.7168409026036,124.40735454889969,19.21920085142268,200.5014261798321
glucagon_signal_hepatic,Glucagon signalling (hepatic HGP),potentiation,"u:0=none,1=max",ivgtt,0.55,2.1,ok,1530.821856857654,2151.643683748952,7918.363049412395,15264.134392877491,124.95350652487107,1.401574169122302,412.74062991993054,41.51578988885513,25.48953496950381,47.58454512600854,22401.937196558232,3438.2892514958826,84.8007466273862,124.45520664796993,19.10160695282001,200.21772517837934
glucagon_signal_hepatic,Glucagon signalling (hepatic HGP),potentiation,"u:0=none,1=max",ivgtt,0.6,2.2,ok,1515.1331725777388,2151.2777457503116,7901.698440458592,15278.624712701378,120.17313909033784,1.2223750801476438,412.73495770771433,41.60742586232808,25.331300565028368,47.49284157926973,22410.03516570855,3418.0731115695708,84.88124840410826,124.50019536535804,18.989295064322757,196.72622674467843
glucagon_signal_hepatic,Glucagon signalling (hepatic HGP),potentiation,"u:0=none,1=max",ivgtt,0.65,2.3,ok,1500.0519652034297,2150.8556552947034,7885.792534963261,15292.600835141422,116.57538948321381,1.219632902028971,412.7378759994914,41.69619627154183,25.564474698771864,47.40400553970908,22417.79565937787,3398.738376417618,84.95889353340736,124.54330922586675,18.88187987006331,194.29873525295127
glucagon_signal_hepatic,Glucagon signalling (hepatic HGP),potentiation,"u:0=none,1=max",ivgtt,0.7,2.4,ok,1485.559426438841,2150.5617736346676,7870.095172341647,15306.074631335605,120.46352016525564,1.3071664728970058,412.7328573094321,41.78228799028884,25.40900888870759,47.3178501685798,22425.26984273621,3380.2203456807733,85.03374795456253,124.58483246359857,18.779001921044582,194.16165291801624
glucagon_signal_hepatic,Glucagon signalling (hepatic HGP),potentiation,"u:0=none,1=max",ivgtt,0.75,2.5,ok,1471.567369776781,2150.1166197990524,7855.166087927502,15319.038846751639,111.07309519991955,1.150644788965989,412.72414950744087,41.865760410443805,25.556879061422823,47.234315908694036,22432.181550077603,3362.454408786991,85.1057713713002,124.62323083443476,18.68030227113931,189.77990606935094
glucagon_signal_hepatic,Glucagon signalling (hepatic HGP),potentiation,"u:0=none,1=max",ivgtt,0.8,2.6,ok,1458.0770888691218,2149.835077868259,7840.379274330438,15331.619156955567,121.30807340076132,1.3909171445168667,412.7276531604607,41.94692083639928,25.41274214389261,47.15309528951986,22439.18748671875,3345.390535714762,85.175661992095,124.66215271717782,18.585502978158797,191.94128809972278
glucagon_signal_hepatic,Glucagon signalling (hepatic HGP),potentiation,"u:0=none,1=max",ivgtt,0.85,2.7,ok,1445.053042471798,2149.4421770921713,7826.137568656278,15343.715547789438,119.76060269280806,1.3278591798746069,412.7170822035232,42.02589747544163,25.503732094940087,47.074060352420354,22445.45992306583,3328.9789164464855,85.24286415769004,124.6969995774216,18.494327314308485,189.99127890737208
glucagon_signal_hepatic,Glucagon signalling (hepatic HGP),potentiation,"u:0=none,1=max",ivgtt,0.9,2.8,ok,1432.4731568778109,2149.013469340231,7812.397640812896,15355.429582074104,115.0830436125037,1.233601197914781,412.72142814891305,42.10274122511543,25.348419315908718,46.99715972555814,22451.284683620666,3313.1816569797143,85.30794212385949,124.72935935524008,18.40656476126285,187.17746079942737
glucagon_signal_hepatic,Glucagon signalling (hepatic HGP),potentiation,"u:0=none,1=max",ivgtt,0.95,2.9,ok,1420.2877761903967,2148.7396936313858,7798.969451008674,15366.804851997924,130.83093020026917,1.520847208116356,412.71631382177026,42.17768562694699,25.5262283444092,46.92216016255302,22457.318922324004,3297.9577111196927,85.37113806720087,124.76288290259757,18.321987284115416,191.03743681299326
glucagon_signal_hepatic,Glucagon signalling (hepatic HGP),potentiation,"u:0=none,1=max",ivgtt,1.0,3.0,ok,1408.538062152234,2148.377593082113,7785.895289195219,15377.797696782396,117.21434204738424,1.3382881461439131,412.7093895881125,42.25079808659809,25.49189218692509,46.84899417292683,22462.80975626481,3283.270446159228,85.4322094343148,124.79338754611922,18.240391369205078,185.71971839556525
insulin_secretion,Beta-cell insulin secretion capacity,potentiation,"u:0=none,1=max",ivgtt,0.0,1.0,ok,1760.7402919109327,2155.750602902497,8154.438093765866,15051.502456527513,118.16522203336439,1.2562203520636275,412.77613365697516,40.2194973993506,25.5216273405872,48.881747114038404,22273.913559752065,3750.523759563916,83.61945810057203,123.74396423379719,20.83624311086937,221.07115561656065
insulin_secretion,Beta-cell insulin secretion capacity,potentiation,"u:0=none,1=max",ivgtt,0.05,1.1,ok,1926.657056428035,2121.6279287235498,8280.395832180413,14836.995727024576,128.4972729737012,1.5738248603559857,411.03669462463125,38.83317858843038,25.566364169949534,48.900149340463294,23904.606656741773,3859.7439125200167,82.42775403966863,132.80337031626837,21.443021736389642,241.43631697680456
insulin_secretion,Beta-cell insulin secretion capacity,potentiation,"u:0=none,1=max",ivgtt,0.1,1.2,ok,2073.5553180638226,2090.978570039744,8391.456223581947,14646.221118384436,123.92378279825465,1.3965619599705295,409.46543812918986,37.6060104805641,25.652765547478896,48.86169626561141,25489.818994866844,3957.1881068102975,81.36789513227727,141.61010557949535,21.9843783793121,254.19684568399734
insulin_secretion,Beta-cell insulin secretion capacity,potentiation,"u:0=none,1=max",ivgtt,0.15,1.3,ok,2205.171489392479,2063.4366708160987,8490.901614501507,14475.137138745045,125.35120473439869,1.5625151969598927,408.0435211564999,36.50657907980111,25.89687484766802,48.80537719212932,27036.028442080064,4044.621431335135,80.41742856609818,150.2001580442689,22.470119067866875,268.3088124233107
insulin_secretion,Beta-cell insulin secretion capacity,potentiation,"u:0=none,1=max",ivgtt,0.2,1.4,ok,2324.127490189895,2038.607555895475,8580.828495566762,14320.420268638238,122.28935163252913,1.424960123493242,406.7611259683244,35.51216778112007,25.80389544601455,48.749495178134595,28544.959508151733,4123.50840143484,79.55789038179958,158.58310837956964,22.90838000810841,278.8237509842891
insulin_secretion,Beta-cell insulin secretion capacity,potentiation,"u:0=none,1=max",ivgtt,0.25,1.5,ok,2432.4589124935437,2016.2198516400722,8662.674206142787,14179.607803793486,131.0350592693201,1.5556417578642099,405.6112900767379,34.60538912653022,26.0504452169333,48.70534721347182,30020.72839443187,4195.006893600999,78.77559891173948,166.78182441726977,23.305593853864213,292.309689098377
insulin_secretion,Beta-cell insulin secretion capacity,potentiation,"u:0=none,1=max",ivgtt,0.3,1.6,ok,2531.742542181289,1995.763672361075,8738.087097245247,14050.646054585533,126.54926885150884,1.4718878498202057,404.56971398477776,33.77290863075777,25.921860452854688,48.679140449556556,31463.930919848433,4260.087853383394,78.05914474865679,174.79961622352855,23.667154741309737,300.7302217284408
insulin_secretion,Beta-cell insulin secretion capacity,potentiation,"u:0=none,1=max",ivgtt,0.35,1.7,ok,2623.3226217013007,1977.1709312028756,8807.711799694265,13931.891848899862,121.7882474200637,1.2657252161924568,403.6236424132658,33.00396946541553,25.71566884173342,48.673973295069324,32876.32727497579,4319.551266064273,77.39939916582726,182.6462626511963,23.99750703532512,307.8283305229979
insulin_secretion,Beta-cell insulin secretion capacity,potentiation,"u:0=none,1=max",ivgtt,0.4,1.8,ok,2708.131859606892,1960.186646001031,8872.332833552246,13822.087217122425,116.34480373517027,1.2895215584935054,402.7780595148107,32.29061232930878,25.80465618730992,48.68999265843947,34260.07934779051,4374.073301438201,76.78937343082751,190.3337741602651,24.3004072309621,315.005894617646
insulin_secretion,Beta-cell insulin secretion capacity,potentiation,"u:0=none,1=max",ivgtt,0.45,1.9,ok,2787.0525793703346,1944.694633682017,8932.86393846718,13720.155964392643,126.61775684710123,1.4353956584383867,402.0021362795759,31.625938349936376,26.088064147193922,48.72639422415125,35616.42060159176,4424.224989707955,76.22308869360975,197.8690033487688,24.579027721418644,326.01853838099214
insulin_secretion,Beta-cell insulin secretion capacity,potentiation,"u:0=none,1=max",ivgtt,0.5,2.0,ok,2860.7593535104684,1930.27711030024,8989.59696366706,13625.128396724369,119.08243412301164,1.2710032188946792,401.29532130935013,31.00436371720272,26.06135581568931,48.781366200654574,36944.719315143375,4470.489312100831,75.69515776960463,205.2484406668678,24.836051737182704,330.8198449005982
insulin_secretion,Beta-cell insulin secretion capacity,potentiation,"u:0=none,1=max",ivgtt,0.55,2.1,ok,2929.7800328099365,1917.09636898545,9043.070936712407,13536.346206417362,118.20324424906026,1.2911130150806078,400.65873468327845,30.421726370081963,26.057446226128878,48.85209791123162,38247.56713901611,4513.280660429541,75.20192339605298,212.48648418212588,25.073781455855656,337.55929379782845
insulin_secretion,Beta-cell insulin secretion capacity,potentiation,"u:0=none,1=max",ivgtt,0.6,2.2,ok,2994.6605870857315,1904.9530394238075,9093.28987316087,13453.148221738935,126.46693188851327,1.4233073030506342,400.0798280863111,29.874255566679363,26.089677356343334,48.935887307657026,39525.754966349756,4552.967769418385,74.73971236423809,219.5875276532475,25.29426539284733,346.62278603299296
insulin_secretion,Beta-cell insulin secretion capacity,potentiation,"u:0=none,1=max",ivgtt,0.65,2.3,ok,3055.77087710427,1893.5666948085018,9141.016600028259,13374.956673991685,119.73241043912478,1.2938501462456082,399.54826421398394,29.35880651060831,26.08170509384529,49.029933068136394,40778.48283674654,4589.860863621287,74.30531485638033,226.54712687346958,25.499227020417152,350.5157915931658
insulin_secretion,Beta-cell insulin secretion capacity,potentiation,"u:0=none,1=max",ivgtt,0.7,2.4,ok,3113.416839042983,1883.0710540909085,9185.8874960438,13301.322272800253,117.89837411259172,1.292048512433158,399.050579961194,28.872731557676516,26.051204798112106,49.13149211908329,42007.873908671856,4624.238998778103,73.89623484901756,233.37707727080112,25.690216659922598,355.8009435897898
insulin_secretion,Beta-cell insulin secretion capacity,potentiation,"u:0=none,1=max",ivgtt,0.75,2.5,ok,3167.974834208594,1873.280161447406,9228.741753148144,13231.85779673588,117.32910602578038,1.3276752156243208,398.6058860996048,28.41372853899554,25.932444128962597,49.23799674626211,43214.3332235778,4656.34857051837,73.51032109402132,240.079629023287,25.868603169913964,361.24504561741134
insulin_secretion,Beta-cell insulin secretion capacity,potentiation,"u:0=none,1=max",ivgtt,0.8,2.6,ok,3219.7087372771957,1864.212465077943,9269.52494946593,13166.192750459124,114.49514204911578,1.2816215935048547,398.1819654206199,27.979666045304672,25.845808141504403,49.34723032549603,44399.01830598519,4686.400457071196,73.14551528087821,246.6612128128827,26.035558095035654,365.51601298010206
insulin_secretion,Beta-cell insulin secretion capacity,potentiation,"u:0=none,1=max",ivgtt,0.85,2.7,ok,3268.7681412362635,1855.59887563247,9308.310131615046,13103.948588208495,121.88255551236315,1.294824335530904,397.7942321704474,27.56886349380434,26.197255083579577,49.45701165725332,45560.29071775492,4714.586401580856,72.79971437996937,253.11272621334214,26.19214667582096,372.3148675671987
insulin_secretion,Beta-cell insulin secretion capacity,potentiation,"u:0=none,1=max",ivgtt,0.9,2.8,ok,3315.4409448623855,1847.5760755905608,9345.319720629537,13044.932134805953,118.12508794497731,1.2397789596642543,397.4309394387847,27.17957065869465,26.1408604254756,49.56567190861232,46700.953816158726,4741.068879772429,72.47184519484827,259.44974342840914,26.339271554829843,375.81547256296915
insulin_secretion,Beta-cell insulin secretion capacity,potentiation,"u:0=none,1=max",ivgtt,0.95,2.9,ok,3359.9057364187893,1839.995288690326,9380.690151603958,12988.832780207005,120.86189849344679,1.241413624826032,397.08129828828646,26.810414661524014,26.01929341404715,49.67157618733034,47820.748188935235,4766.008144431156,72.16018211572127,265.6708232846015,26.477823025887165,380.94608116270297
insulin_secretion,Beta-cell insulin secretion capacity,potentiation,"u:0=none,1=max",ivgtt,1.0,3.0,ok,3402.288906307632,1832.8844664347978,9414.555853039321,12935.431688456665,118.61021841515517,1.2519979906256282,396.7661259311161,26.459860008109658,26.210393250918525,49.7736137208869,48920.07964057152,4789.534410700072,71.86350938205803,271.77822023199,26.608524504534742,384.6592528893307
glucagon_secretion,Alpha-cell glucagon secretion capacity,potentiation,"u:0=none,1=max",ivgtt,0.0,1.0,ok,1760.7402919109327,2155.750602902497,8154.438093765866,15051.502456527513,118.16522203336439,1.2562203520636275,412.77613365697516,40.2194973993506,25.5216273405872,48.881747114038404,22273.913559752065,3750.523759563916,83.61945810057203,123.74396423379719,20.83624311086937,221.07115561656065
glucagon_secretion,Alpha-cell glucagon secretion capacity,potentiation,"u:0=none,1=max",ivgtt,0.05,1.1,ok,1731.729713427526,2156.289313610476,8125.5125891649695,15080.295762058948,125.79406319830883,1.45375684482357,412.9883295002633,40.46578252926275,25.48168644697181,48.893896799539604,22308.07200531053,4075.917972309584,83.77942090379346,123.93373336796346,22.643988735990035,220.8701346017921
glucagon_secretion,Alpha-cell glucagon secretion capacity,potentiation,"u:0=none,1=max",ivgtt,0.1,1.2,ok,1707.0178462651838,2156.905515046861,8100.734313363927,15104.9567617955,125.59442259490201,1.2438556198246533,413.177916974407,40.681948725908676,25.585387715838337,48.914111842351296,22338.755510998468,4400.936582990302,83.91642645514607,124.10419728439942,24.44964768349116,217.51370497728809
glucagon_secretion,Alpha-cell glucagon secretion capacity,potentiation,"u:0=none,1=max",ivgtt,0.15,1.3,ok,1685.9617471481172,2157.4223677154578,8079.996029121414,15126.13215845831,121.69777265588837,1.3874301953967718,413.35019897028843,40.872117058539075,25.459985566498204,48.94232071184295,22366.459788703854,4726.036373741446,84.03406755594216,124.25810995047996,26.25575763469376,215.0120935345308
glucagon_secretion,Alpha-cell glucagon secretion capacity,potentiation,"u:0=none,1=max",ivgtt,0.2,1.4,ok,1668.0094764005485,2158.0598902778497,8062.254934503726,15144.343068367696,118.20093279646197,1.1883405305067816,413.51441213768135,41.039587705356645,25.488999098052563,48.9781664995378,22391.67854437956,5051.6159391297015,84.13523927696899,124.39821414765419,28.064532997920107,211.55186460080256
glucagon_secretion,Alpha-cell glucagon secretion capacity,potentiation,"u:0=none,1=max",ivgtt,0.25,1.5,ok,1652.7013435372432,2158.7105661506153,8047.507196404709,15160.006654596707,123.42230969351642,1.185838325928733,413.67697169385946,41.18702808111998,25.30805450305008,49.02128873825853,22414.710046343476,5377.933704179348,84.22225919621545,124.52616693006163,29.87740946908611,211.3218353063456
glucagon_secretion,Alpha-cell glucagon secretion capacity,potentiation,"u:0=none,1=max",ivgtt,0.3,1.6,ok,1639.7448871905585,2159.382903390507,8034.735389015885,15173.481631694953,123.38634590489114,1.245368724910311,413.82216185532116,41.31670171534038,25.311132468496538,49.07126446921692,22435.90021258,5705.227381782168,84.29712018018965,124.643890075961,31.695707678111674,210.26227213761626
glucagon_secretion,Alpha-cell glucagon secretion capacity,potentiation,"u:0=none,1=max",ivgtt,0.35,1.7,ok,1628.8071017280802,2160.0713155101744,8024.1803516444015,15185.050236442417,128.95085542962505,1.61510830669311,413.9564524490726,41.43061453835651,25.275071109794265,49.127575767932186,22455.61295561859,6033.649719964852,84.36139020577654,124.75340531389982,33.520276223345604,212.04603957790408
glucagon_secretion,Alpha-cell glucagon secretion capacity,potentiation,"u:0=none,1=max",ivgtt,0.4,1.8,ok,1619.571475659998,2160.714236649519,8015.193768320127,15194.952455935185,121.81778459345661,1.2421952663920068,414.09499732057935,41.53055312918135,25.40081548641669,49.18965437717028,22473.473880519236,6363.328906105195,84.41640253494171,124.85263267246268,35.35182725696432,207.856151707498
glucagon_secretion,Alpha-cell glucagon secretion capacity,potentiation,"u:0=none,1=max",ivgtt,0.45,1.9,ok,1611.995156712521,2161.4071093601106,8007.891259878439,15203.413293912981,124.24689335118889,1.3404760728374685,414.21510169273677,41.61784853902224,25.20082995090218,49.25717474386408,22490.341004404312,6694.325754537129,84.46340719417736,124.94633892189565,37.190698638858855,208.10682557215978
glucagon_secretion,Alpha-cell glucagon secretion capacity,potentiation,"u:0=none,1=max",ivgtt,0.5,2.0,ok,1605.5695583445836,2162.186156529848,8002.01686778855,15210.631037769428,132.36138061370337,1.5773197144606692,414.3332928643526,41.693836983180546,25.304723380286685,49.329636735304035,22506.344776346534,7026.713625453178,84.50350576859672,125.0352487622319,39.03729792066768,210.4501424233027
glucagon_secretion,Alpha-cell glucagon secretion capacity,potentiation,"u:0=none,1=max",ivgtt,0.55,2.1,ok,1600.3268383965506,2162.8227514290415,7996.934225172406,15216.702120088716,128.014098356208,1.358611083887346,414.45144423259325,41.75968548973655,24.981793799198194,49.40657295268489,22520.934898982116,7360.508796873572,84.53723400266432,125.11630499755888,40.89171553923687,207.97240662125674
glucagon_secretion,Alpha-cell glucagon secretion capacity,potentiation,"u:0=none,1=max",ivgtt,0.6,2.2,ok,1596.0391421983334,2163.4594866296543,7993.3007452024485,15221.810096738172,119.09613406078117,1.2812805603281658,414.5703284418164,41.81650744766242,25.051237567356868,49.48745926131768,22534.902176173135,7695.744400882463,84.56561165404227,125.1939009868774,42.7541355632372,205.01504507619745
glucagon_secretion,Alpha-cell glucagon secretion capacity,potentiation,"u:0=none,1=max",ivgtt,0.65,2.3,ok,1592.6742951837437,2164.151564474052,7990.228752782463,15226.085964889087,125.94722153387714,1.440552100941395,414.6773914795435,41.865044583640646,25.22316369339335,49.57204999664571,22548.214382807673,8032.398117506861,84.58936647501268,125.26785768730971,44.62443398794637,207.03957509269205
glucagon_secretion,Alpha-cell glucagon secretion capacity,potentiation,"u:0=none,1=max",ivgtt,0.7,2.4,ok,1590.0502318799133,2164.8332010825543,7988.012522455101,15229.58861590452,120.62949245630308,1.2426387889591235,414.7823227469638,41.90639661215746,25.130264963128564,49.659665610827865,22560.800739776918,8370.471298336217,84.60882564530618,125.33778188971189,46.50261832485526,204.6664123747176
glucagon_secretion,Alpha-cell glucagon secretion capacity,potentiation,"u:0=none,1=max",ivgtt,0.75,2.5,ok,1588.164857825388,2165.576520537655,7986.609554201243,15232.463791587848,128.47736461887743,1.4894361271946663,414.8871212878596,41.940896902020036,25.05852481297043,49.75032753860199,22572.969753660866,8709.927300679781,84.62479885084252,125.40538753321259,48.388485008744254,207.43790857900302
glucagon_secretion,Alpha-cell glucagon secretion capacity,potentiation,"u:0=none,1=max",ivgtt,0.8,2.6,ok,1586.739426292626,2166.2579111589794,7985.6699264763465,15234.727293890142,119.84009696806778,1.2701946770838224,414.97627004379825,41.96960985700479,24.744125680315783,49.84327463285428,22584.439843882683,9050.711634057101,84.63737385748581,125.4691102475589,50.28173130182654,204.26902103190952
glucagon_secretion,Alpha-cell glucagon secretion capacity,potentiation,"u:0=none,1=max",ivgtt,0.85,2.7,ok,1585.8678715064134,2166.8853214940536,7985.397064239767,15236.505345773461,116.01493270379501,1.0896452921493955,415.0828986600271,41.99299566662228,24.970230161560494,49.93830310238599,22595.567306904577,9392.80962467431,84.64725192303165,125.53092948586999,52.182275693909894,202.5156407425315
glucagon_secretion,Alpha-cell glucagon secretion capacity,potentiation,"u:0=none,1=max",ivgtt,0.9,2.8,ok,1585.415067710707,2167.6866650246657,7985.511885352558,15237.868643018006,114.90258888644912,1.1451011752253941,415.1739498809875,42.01172735659737,24.930421365690933,50.034957039238584,22606.39560137468,9736.15878053221,84.65482579892931,125.59108668080897,54.089771005758394,202.42585137948356
glucagon_secretion,Alpha-cell glucagon secretion capacity,potentiation,"u:0=none,1=max",ivgtt,0.95,2.9,ok,1585.3328305333027,2168.3371395898257,7986.0446869187435,15238.797120584439,126.07013259440387,1.4026881797760995,415.2631908721739,42.025999898557465,24.88235699890812,50.13322774898054,22616.716868737967,10080.708185410103,84.65998401148268,125.64842706076745,56.00393436883758,206.2513649382648
glucagon_secretion,Alpha-cell glucagon secretion capacity,potentiation,"u:0=none,1=max",ivgtt,1.0,3.0,ok,1585.6206361517714,2168.978251432752,7986.816319620659,15239.3890868175,126.13971856077869,1.4523738260617192,415.3520727508097,42.03662888958662,24.787596790938288,50.232457390858514,22626.73776035552,10426.405073473667,84.66327270885246,125.70409867504225,57.92447263335859,206.50766599281835
insulin_signal_global_inhibition,Insulin signalling inhibition,inhibition,"u:0=none,1=max",ivgtt,0.0,1.0,ok,1760.7402919109327,2155.750602902497,8154.438093765866,15051.502456527513,118.16522203336439,1.2562203520636275,412.77613365697516,40.2194973993506,25.5216273405872,48.881747114038404,22273.913559752065,3750.523759563916,83.61945810057203,123.74396423379719,20.83624311086937,221.07115561656065
insulin_signal_global_inhibition,Insulin signalling inhibition,inhibition,"u:0=none,1=max",ivgtt,0.05,0.95,ok,1635.2952809963856,2210.376690389294,8100.524864963457,15293.188633785798,123.98180170064725,1.4475048671151167,413.00762843245514,42.131974959195055,26.142531829581937,46.968349950228195,22550.09619504415,3627.316750537711,84.96215908283371,125.27831220389946,20.151759726690948,210.69422033377057
insulin_signal_global_inhibition,Insulin signalling inhibition,inhibition,"u:0=none,1=max",ivgtt,0.1,0.9,ok,1502.1224066581074,2269.2891208745855,8044.796748729143,15552.416514536955,125.20046702152798,1.3728719045235966,413.2379317892581,44.06157008114064,27.049480079245324,45.037822008583156,22852.56856181298,3496.967265666925,86.40231397062479,126.95871423372704,19.427595920591042,197.34159265796282
insulin_signal_global_inhibition,Insulin signalling inhibition,inhibition,"u:0=none,1=max",ivgtt,0.15,0.85,ok,1362.1317718384378,2333.316168657135,7988.712286498776,15829.860096092525,121.1621758764022,1.3354737425064112,413.47056567395526,46.01198980655745,28.065593430252527,43.08645396998595,23186.390831248587,3360.924556932578,87.94366720332992,128.81328239995,18.671803094667737,182.15310531227124
insulin_signal_global_inhibition,Insulin signalling inhibition,inhibition,"u:0=none,1=max",ivgtt,0.2,0.8,ok,1216.76357004682,2403.0211067219216,7934.2755944741875,16126.114104097393,120.75668590750588,1.3903882575642343,413.7039384593609,47.98699318172889,29.024011808099708,41.11048486015453,23555.976423140975,3220.8935999897303,89.58952280172205,130.86653568584163,17.89385333351216,167.71587536241566
insulin_signal_global_inhibition,Insulin signalling inhibition,inhibition,"u:0=none,1=max",ivgtt,0.25,0.75,ok,1068.2232568269128,2479.22270493674,7883.932596286804,16441.920934606045,122.11472482659332,1.3941725224721655,413.93243331601883,49.99003687071386,29.910633323663852,39.10645705066907,23967.03215329478,3078.7034404350543,91.3440051930803,133.1501786306173,17.10390800257135,153.21101361875256
insulin_signal_global_inhibition,Insulin signalling inhibition,inhibition,"u:0=none,1=max",ivgtt,0.3,0.7,ok,918.3416299708945,2562.8816699233103,7840.145272370424,16778.33147350614,119.97024669235209,1.3061612239722882,414.16676390285437,52.02412534906749,30.894573094075877,37.07136111037799,24426.679861059554,2936.143946394287,93.21295263118459,135.70377700675252,16.311910813405703,137.34524802882441
insulin_signal_global_inhibition,Insulin signalling inhibition,inhibition,"u:0=none,1=max",ivgtt,0.35,0.65,ok,769.3805445509045,2655.3646542976935,7805.673105967382,17136.893177494556,131.94510892291478,1.585552760570416,414.4007122327641,54.091550303793106,32.17409907357076,35.00290653055452,24944.149182143065,2794.7867513934666,95.20496210314745,138.57860657613014,15.526593064268292,126.59105525257225
insulin_signal_global_inhibition,Insulin signalling inhibition,inhibition,"u:0=none,1=max",ivgtt,0.4,0.6,ok,623.5273791900356,2757.981949291168,7784.386563792932,17519.810173014994,121.7889739967007,1.381909840436571,414.64222245808463,56.19394723350386,33.921826010200874,32.89945110566475,25530.514363292743,2655.8194775005836,97.33227874749055,141.83619091959517,14.754552654072315,108.7066932804735
insulin_signal_global_inhibition,Insulin signalling inhibition,inhibition,"u:0=none,1=max",ivgtt,0.45,0.55,ok,483.2293608497082,2872.827838649989,7779.923646249899,17930.64101072589,125.28913344866919,1.2879052715530002,414.8738709515236,58.33208250155588,35.37817831168901,30.760228369144706,26202.51299386955,2520.0307113860454,99.61467228203769,145.5695166329406,14.000170618843294,95.25642708965027
insulin_signal_global_inhibition,Insulin signalling inhibition,inhibition,"u:0=none,1=max",ivgtt,0.5,0.5,ok,351.43887299201305,3002.0403989879424,7796.805932497425,18374.12542774702,125.3134786812989,1.3672226954486382,415.10038900712226,60.50620983579304,37.34465886980472,28.584976648820607,26981.407460011542,2387.777910935736,102.07847460148896,149.8967081154255,13.265432838908003,82.515903825824
insulin_signal_global_inhibition,Insulin signalling inhibition,inhibition,"u:0=none,1=max",ivgtt,0.55,0.44999999999999996,ok,231.65186203466538,3149.054001198502,7839.40024739042,18856.952916132122,131.44507547645736,1.655645030233564,415.34516457275873,62.71657437778756,38.99918778105059,26.37344941314563,27897.073733433623,2259.022031260797,104.76084953431558,154.98374296388738,12.550122395923056,73.37881191573472
insulin_signal_global_inhibition,Insulin signalling inhibition,inhibition,"u:0=none,1=max",ivgtt,0.6,0.4,ok,128.64845180295953,3317.3704789387575,7914.581119459345,19388.52614424708,120.17171751430996,1.4406364011225927,415.58855891013707,64.96459974109078,41.829644039897836,24.12421448648722,28990.46942166613,2133.4577575825224,107.714034140507,161.05816346237458,11.852543098319005,59.609861236874046
insulin_signal_global_inhibition,Insulin signalling inhibition,inhibition,"u:0=none,1=max",ivgtt,0.65,0.35,ok,48.7964494620152,3513.0593209172566,8030.165882855339,19981.95579798506,123.81296626589905,1.5111893156689131,415.83231025655124,67.25448953240742,44.50195303332336,21.833059363182016,30321.875222212846,2010.5345206413472,111.01086555285926,168.45486235852204,11.16963622664029,53.09100692506031
insulin_signal_global_inhibition,Insulin signalling inhibition,inhibition,"u:0=none,1=max",ivgtt,0.7,0.30000000000000004,ok,2.6386668178498707,3742.7750189336953,8197.145398809052,20655.309137070908,119.43529550184961,1.3869506764388304,416.0727276719877,69.59505227645575,48.24947387992645,19.491164823569704,31977.122978499152,1889.7315416438787,114.75171743170391,177.6506832193525,10.498508565011372,47.242800834178375
insulin_signal_global_inhibition,Insulin signalling inhibition,inhibition,"u:0=none,1=max",ivgtt,0.75,0.25,ok,0.0,4017.0096966747624,8432.37325975997,21434.63885965943,127.37568150268773,1.7443542059282147,416.314178044338,72.00072461146698,51.60962941655538,17.084077308956964,34086.4740728966,1771.0751120356579,119.08132701156522,189.36930042638156,9.839306179087808,50.856662959423524
insulin_signal_global_inhibition,Insulin signalling inhibition,inhibition,"u:0=none,1=max",ivgtt,0.8,0.19999999999999996,ok,0.0,4351.128856496079,8761.406688639343,22356.677255949744,117.64907344532699,1.4259963922053125,416.53731857735335,74.49043731456072,57.23910053499661,14.592841981736711,36846.02375328569,1655.802303513804,124.20376253903653,204.70013197255787,9.198901686630874,47.76665243750493
insulin_signal_global_inhibition,Insulin signalling inhibition,inhibition,"u:0=none,1=max",ivgtt,0.85,0.15000000000000002,ok,0.0,4767.103417141154,9228.165654543509,23476.905084363552,119.0551439251173,1.5360052782524536,416.79856583830656,77.08103049244302,63.53575003011635,12.00057839556591,40572.51307545201,1546.3615902970569,130.42725047230635,225.40285042543377,8.590897724110976,49.37253170236854
insulin_signal_global_inhibition,Insulin signalling inhibition,inhibition,"u:0=none,1=max",ivgtt,0.9,0.09999999999999998,ok,0.0,5301.385225328522,9911.378547918493,24884.254588512107,119.0157734573905,1.583970999109664,417.03711434532823,79.75108341784359,72.85107549254964,9.328642208052628,45798.09523378343,1444.8008000086738,138.2458588285274,254.43386241627613,8.026671111360196,50.67226018379938
insulin_signal_global_inhibition,Insulin signalling inhibition,inhibition,"u:0=none,1=max",ivgtt,0.95,0.050000000000000044,ok,0.0,6014.479864242896,10976.730484047548,26727.73861649847,111.47081478318727,1.7643703995378575,417.2855798930306,82.83729132053648,84.42199697504269,6.240356283085262,53447.519593428384,1355.3441003267728,148.4874367589917,296.93066440926896,7.5296894462936645,51.04497750551376
insulin_signal_global_inhibition,Insulin signalling inhibition,inhibition,"u:0=none,1=max",ivgtt,1.0,0.0,ok,0.0,7019.011874767993,12972.145313102897,29172.095966745044,107.77253193676454,1.7450660296878362,417.5279980043895,89.07551475010153,102.41603218675309,9.521272659185342e-13,64710.867763313014,1294.1751155735087,162.06719981948444,359.504820916687,7.189861753374003,52.02794477624436
glucagon_signal_inhibition,Glucagon signalling inhibition,inhibition,"u:0=none,1=max",ivgtt,0.0,1.0,ok,1760.7402919109327,2155.750602902497,8154.438093765866,15051.502456527513,118.16522203336439,1.2562203520636275,412.77613365697516,40.2194973993506,25.5216273405872,48.881747114038404,22273.913559752065,3750.523759563916,83.61945810057203,123.74396423379719,20.83624311086937,221.07115561656065
glucagon_signal_inhibition,Glucagon signalling inhibition,inhibition,"u:0=none,1=max",ivgtt,0.05,0.95,ok,1774.7445836109027,2155.9020199247866,8168.713050543493,15038.330325381252,123.5963557875785,1.463719231366459,412.778347042549,40.14171868260848,25.51458275453528,48.959576390762614,22265.63296916269,3770.905777853137,83.54627958908797,123.697960945177,20.94947654454042,224.66749288693978
glucagon_signal_inhibition,Glucagon signalling inhibition,inhibition,"u:0=none,1=max",ivgtt,0.1,0.9,ok,1789.235605172713,2156.0681516499662,8183.165649575692,15024.671895865697,119.45229176562876,1.2580601197283823,412.78435980696497,40.0614186264541,25.674433199040628,49.039928027179556,22257.010242163873,3792.1634128642017,83.47039942354095,123.65005690396922,21.067574516433393,224.26705605385712
glucagon_signal_inhibition,Glucagon signalling inhibition,inhibition,"u:0=none,1=max",ivgtt,0.15,0.85,ok,1804.2586029985769,2156.197122197622,8198.46656268814,15010.503726787434,122.37344217990554,1.3859449537531967,412.7826318499186,39.978508463210524,25.767212235236073,49.12289082636854,22248.031559795636,3814.357051910302,83.39168737320483,123.6001753354047,21.19087251116257,227.0201849001121
glucagon_signal_inhibition,Glucagon signalling inhibition,inhibition,"u:0=none,1=max",ivgtt,0.2,0.8,ok,1819.854917008608,2156.3813863790206,8214.17409686209,14995.788655269673,119.68064263282402,1.3578150490713863,412.7863257546654,39.892789830655126,25.65559150051922,49.20866319951808,22238.713257724055,3837.5716565957096,83.30993698014085,123.54840699687736,21.319842538285886,227.80266644679037
glucagon_signal_inhibition,Glucagon signalling inhibition,inhibition,"u:0=none,1=max",ivgtt,0.25,0.75,ok,1835.9636801116317,2156.63290013981,8230.741158244338,14980.531300107163,129.41249765578777,1.5663648783989135,412.7877180062194,39.803887927168,25.590804167211644,49.29761996227523,22229.375414646845,3861.9031769846,83.22517389742654,123.49653009315684,21.45501765196193,232.68995788892684
glucagon_signal_inhibition,Glucagon signalling inhibition,inhibition,"u:0=none,1=max",ivgtt,0.3,0.7,ok,1852.7989980142922,2156.769236725412,8247.656775453332,14964.522660666693,126.63214437253188,1.3745412930584238,412.78845264111044,39.711677179263084,25.31231903017639,49.389886741202794,22218.880279432185,3887.4485251289752,83.13623700940207,123.4382237830838,21.596936252196798,232.91951022159773
glucagon_signal_inhibition,Glucagon signalling inhibition,inhibition,"u:0=none,1=max",ivgtt,0.35,0.65,ok,1870.3261009605887,2156.946124410703,8265.423781585001,14947.852900028041,120.40480693611343,1.4146236043962386,412.79062320604834,39.615881336933064,25.675604257717005,49.4857398284802,22208.30241978928,3914.343824747439,83.04362722546861,123.37945789231,21.746354582739546,233.28725339334352
glucagon_signal_inhibition,Glucagon signalling inhibition,inhibition,"u:0=none,1=max",ivgtt,0.4,0.6,ok,1888.6304520211238,2157.177073044342,8283.85015355878,14930.40599845643,124.88303322116951,1.5111397218560285,412.7943729169675,39.51616900267079,25.646197238825398,49.58551070025696,22197.25767373549,3942.7195501140422,82.94669999251742,123.3180981890441,21.903997500922152,236.6337382976747
glucagon_signal_inhibition,Glucagon signalling inhibition,inhibition,"u:0=none,1=max",ivgtt,0.45,0.55,ok,1907.813645519794,2157.3164059856763,8303.36439128362,14912.068857177932,125.60952369748628,1.4597348457745136,412.79613499661315,39.41217029689708,25.813300818380263,49.68956921733065,22185.55797067993,3972.731161215573,82.84482698680179,123.25309984080027,22.070728674080534,238.539507819605
glucagon_signal_inhibition,Glucagon signalling inhibition,inhibition,"u:0=none,1=max",ivgtt,0.5,0.5,ok,1927.9625565937374,2157.513017113256,8323.65455247416,14892.815570028031,125.46086337482758,1.5941072171788904,412.7877637805831,39.30350072836726,25.694846526406508,49.79829994914278,22173.556861263784,4004.576687656258,82.73786428640739,123.18642701963758,22.247648267035558,241.06559160153458
glucagon_signal_inhibition,Glucagon signalling inhibition,inhibition,"u:0=none,1=max",ivgtt,0.55,0.44999999999999996,ok,1949.1604590676882,2157.6729332790087,8345.051334348122,14872.44406838893,120.77345169679042,1.3704046256150821,412.79655808053377,39.18968075934597,25.63338787901706,49.91218248337302,22160.327110886967,4038.4814488982906,82.62468927120474,123.1129283973588,22.436008050080495,241.1302466729785
glucagon_signal_inhibition,Glucagon signalling inhibition,inhibition,"u:0=none,1=max",ivgtt,0.6,0.4,ok,1971.5436066100624,2157.858213411784,8367.783949117518,14850.898024679762,116.72517155425504,1.1811369945367884,412.8011110259056,39.07013298807385,25.76921107549914,50.031794274152034,22146.62647266688,4074.7110495396155,82.50498902770632,123.03681373958479,22.637283609021953,241.61240792845473
glucagon_signal_inhibition,Glucagon signalling inhibition,inhibition,"u:0=none,1=max",ivgtt,0.65,0.35,ok,1995.3547048245414,2158.0960781460403,8391.708817792543,14828.009527463018,127.45500152178269,1.4583655178102504,412.8010089756103,38.944241219535655,25.75629027880461,50.15775157085285,22132.198583785066,4113.583388624896,82.37783071221513,122.95665880490654,22.853241049049974,247.7980229488462
glucagon_signal_inhibition,Glucagon signalling inhibition,inhibition,"u:0=none,1=max",ivgtt,0.7,0.30000000000000004,ok,2020.642609580933,2158.243915942865,8417.088861241406,14803.519053109818,123.4087922499451,1.3279946037425372,412.797903250197,38.81119960450056,25.79285520448217,50.290860278090435,22116.611519602102,4155.495253233925,82.24177251774996,122.87006399849643,23.086084740321304,248.80760703644265
glucagon_signal_inhibition,Glucagon signalling inhibition,inhibition,"u:0=none,1=max",ivgtt,0.75,0.25,ok,2047.7236218358203,2158.4346374497027,8444.59476391567,14777.30099362262,121.08499422799623,1.3394737267187364,412.80445363940225,38.67010874731958,25.612058576018867,50.43201985577098,22100.114699547135,4200.9278248812225,82.09611663566889,122.7784150041125,23.338487917266765,250.99451198533978
glucagon_signal_inhibition,Glucagon signalling inhibition,inhibition,"u:0=none,1=max",ivgtt,0.8,0.19999999999999996,ok,2076.8660827861977,2158.598807075879,8473.974166248474,14748.996427528564,121.62194106532253,1.3840923271395964,412.8078705985346,38.519866606679834,25.577388212377706,50.58233240229716,22082.39040519837,4250.491872437044,81.93886904560333,122.67994670120294,23.613843736850125,254.23676400437182
glucagon_signal_inhibition,Glucagon signalling inhibition,inhibition,"u:0=none,1=max",ivgtt,0.85,0.15000000000000002,ok,2108.4815009718113,2158.798501531066,8505.683780310195,14718.239549303747,121.1730777155938,1.2912971635240131,412.80102329888246,38.35906713400945,25.645503671366328,50.74320402916197,22063.214802743085,4304.952134239424,81.76799749666374,122.57341557159211,23.916400745930126,256.93177749991185
glucagon_signal_inhibition,Glucagon signalling inhibition,inhibition,"u:0=none,1=max",ivgtt,0.9,0.09999999999999998,ok,2143.035001613291,2159.0425360280656,8540.324604184296,14684.58593839419,123.83744842359013,1.274249149861503,412.8058225050134,38.185961110286826,25.53497723524008,50.916384024993235,22042.42431943084,4365.303308733541,81.58103299350465,122.45791288936819,24.2516850492408,261.002494398567
glucagon_signal_inhibition,Glucagon signalling inhibition,inhibition,"u:0=none,1=max",ivgtt,0.95,0.050000000000000044,ok,2181.0951456848175,2159.1592246068385,8578.733637459185,14647.389365400137,119.49116199417756,1.2314086027841638,412.80707607533924,37.99877956765951,25.790744183725966,51.1036414269674,22019.641545926002,4432.8469112110015,81.37438536711123,122.33134192748935,24.626927285648666,263.57065763084154
glucagon_signal_inhibition,Glucagon signalling inhibition,inhibition,"u:0=none,1=max",ivgtt,1.0,0.0,ok,2223.472835672939,2159.3788150346236,8621.417882957008,14605.818110204102,117.07543239570967,1.2288589060976205,412.8145681574792,37.79394410278192,25.735201721102968,51.30855471105791,21994.47884392633,4509.365828627211,81.14343394723574,122.19154913541986,25.052032381773984,267.215105008049
insulin_secretion_inhibition,Beta-cell secretion impairment,inhibition,"u:0=none,1=max",ivgtt,0.0,1.0,ok,1760.7402919109327,2155.750602902497,8154.438093765866,15051.502456527513,118.16522203336439,1.2562203520636275,412.77613365697516,40.2194973993506,25.5216273405872,48.881747114038404,22273.913559752065,3750.523759563916,83.61945810057203,123.74396423379719,20.83624311086937,221.07115561656065
insulin_secretion_inhibition,Beta-cell secretion impairment,inhibition,"u:0=none,1=max",ivgtt,0.05,0.95,ok,1668.3445963551446,2164.6335719684103,8072.405831722313,15156.46906652637,118.39991801854585,1.2412832879742135,413.2555136929313,40.955862100565206,25.634672275982794,48.445522894609674,21388.5396725564,3691.7124788282104,84.20260592947851,118.82522040920435,20.509513772322997,211.8077578669107
insulin_secretion_inhibition,Beta-cell secretion impairment,inhibition,"u:0=none,1=max",ivgtt,0.1,0.9,ok,1570.2900414061705,2174.476885319543,7984.3682928631415,15269.66823345574,120.43763909727171,1.2700018570161,413.78773285284007,41.752270588119146,25.72228236743836,47.974398604681056,20493.40837500184,3628.909470431296,84.83149018854971,113.85226875361306,20.160608169700737,202.60263568302761
insulin_secretion_inhibition,Beta-cell secretion impairment,inhibition,"u:0=none,1=max",ivgtt,0.15,0.85,ok,1468.7521912735908,2185.2927853930214,7889.707406492342,15392.16754198436,118.49576519240581,1.2094519909701045,414.36324005208337,42.618122806743735,25.623487119428226,47.462249989855174,19587.881664064244,3561.6965882809573,85.51204190532398,108.82156480724272,19.787203269479598,191.6947401091936
insulin_secretion_inhibition,Beta-cell secretion impairment,inhibition,"u:0=none,1=max",ivgtt,0.2,0.8,ok,1363.335900279718,2197.3140532434227,7787.288896145597,15525.472852118228,118.29508613235814,1.2776993946046746,414.9913600730407,43.56442889203647,25.47161878068944,46.90182236691492,18671.670442093113,3489.5796357380204,86.25262696380344,103.73150246520221,19.38655353358409,181.34742798150762
insulin_secretion_inhibition,Beta-cell secretion impairment,inhibition,"u:0=none,1=max",ivgtt,0.25,0.75,ok,1253.9932066989747,2210.623946662128,7675.374160416193,15671.33754138484,117.3707321128505,1.2471961850716622,415.6792982776044,44.60558171537895,25.63766685193595,46.28310918528286,17744.23196272581,3412.020368365495,87.06298634274255,98.57906646153043,18.955668713515177,170.03024597963446
insulin_secretion_inhibition,Beta-cell secretion impairment,inhibition,"u:0=none,1=max",ivgtt,0.3,0.7,ok,1140.2877221159215,2225.5647894797253,7552.914859426166,15831.988350948348,120.8523305883918,1.3857137245129638,416.43126505475686,45.759605022435935,25.666453067493048,45.593222605754036,16804.958536124872,3328.3808582060283,87.9554908399322,93.3608807576613,18.49100476809093,160.05071638310898
insulin_secretion_inhibition,Beta-cell secretion impairment,inhibition,"u:0=none,1=max",ivgtt,0.35,0.65,ok,1021.970094292079,2242.4469288455916,7417.782795472159,16010.24970698888,120.74004023538714,1.3054315884932033,417.27634208019145,47.04961694990622,25.60088089769007,44.81505241985717,15853.147720917194,3237.9435160544012,88.94583170763549,88.07304289610511,17.988575089624263,147.83190366765345
insulin_secretion_inhibition,Beta-cell secretion impairment,inhibition,"u:0=none,1=max",ivgtt,0.4,0.6,ok,898.7426028258242,2261.4964994874886,7267.379009389883,16209.753675229922,114.707386331879,1.1997864044210877,418.1980471716279,48.505616548907895,25.539065687613363,43.92560716349462,14887.861619763238,3139.901138836329,90.05418708585468,82.71034233316054,17.443895215998353,133.53483621266852
insulin_secretion_inhibition,Beta-cell secretion impairment,inhibition,"u:0=none,1=max",ivgtt,0.45,0.55,ok,770.4011758858177,2283.5047521830884,7097.791190981829,16435.315439210775,119.63917854275995,1.289509134280541,419.210034150454,50.16800068786993,25.56069717910772,42.89260397255027,13908.070304380919,3033.3713225939855,91.3073080029096,77.26705725273322,16.852062904646164,122.24231233217675
insulin_secretion_inhibition,Beta-cell secretion impairment,inhibition,"u:0=none,1=max",ivgtt,0.5,0.5,ok,636.777530096842,2308.97565385138,6904.844974252375,16693.412619525006,117.27556652097634,1.3828907175865062,420.3179269083633,52.091918349480544,25.618636644669483,41.67015490170173,12912.44013645175,2917.4032826208418,92.74118122609983,71.73577854088357,16.20779601569907,108.60217627022038
insulin_secretion_inhibition,Beta-cell secretion impairment,inhibition,"u:0=none,1=max",ivgtt,0.55,0.44999999999999996,ok,498.3082305779927,2339.1246647813336,6682.068819723698,16993.04873196147,132.5142417464812,1.5380058934683511,421.53884666719347,54.354338402824084,25.67890499055982,40.191595472737305,11899.403662196524,2791.116436571421,94.40582629150803,66.10779812529798,15.50620242586214,99.11103326659615
insulin_secretion_inhibition,Beta-cell secretion impairment,inhibition,"u:0=none,1=max",ivgtt,0.6,0.4,ok,356.10374743773434,2375.0273443443257,6420.209094419901,17346.986517664216,123.79172005272339,1.394053697119142,422.8625488808933,57.066994193253095,25.447472694845917,38.356140566838846,10866.975193741997,2653.871245736108,96.37214732569551,60.37208441302221,14.74372914379514,82.0372362970887
insulin_secretion_inhibition,Beta-cell secretion impairment,inhibition,"u:0=none,1=max",ivgtt,0.65,0.35,ok,213.73380523142876,2419.189697737079,6106.953099706089,17774.497321086572,126.26019991311773,1.5084518391820607,424.29127458572975,60.396570587055855,25.69224603512489,36.00776263169056,9813.264703336805,2505.7370988271337,98.74720734086367,54.51813724158477,13.920761660361332,68.74933641161455
insulin_secretion_inhibition,Beta-cell secretion impairment,inhibition,"u:0=none,1=max",ivgtt,0.7,0.30000000000000004,ok,81.43028756340442,2475.2112476992597,5725.000904934046,18305.773475872164,121.13072421672793,1.3191521934978718,425.82061977986774,64.60074436674925,25.706315616063463,32.897329820413844,8736.760778578071,2348.4236904046165,101.69874154408919,48.537559886461665,13.046798281496612,53.30622847155447
insulin_secretion_inhibition,Beta-cell secretion impairment,inhibition,"u:0=none,1=max",ivgtt,0.75,0.25,ok,0.0,2552.215825970982,5266.804861297089,18992.99778775487,124.80008545065536,1.5040326321245578,427.45003169797303,70.08440540738947,25.838941533368875,28.623333893264842,7639.054801756449,2187.0892584781573,105.51665437975173,42.43919334443304,12.15049588081833,46.58342327091421
insulin_secretion_inhibition,Beta-cell secretion impairment,inhibition,"u:0=none,1=max",ivgtt,0.8,0.19999999999999996,ok,0.0,2675.876199610661,4934.099308588568,19938.359029703697,120.69395864335343,1.3782126390279916,429.18456898612664,77.43019803148016,26.783995074455063,22.597054734759283,6532.386533508514,2033.2276635599906,110.7686612768278,36.2910362974976,11.295709242070938,44.76175642710585
insulin_secretion_inhibition,Beta-cell secretion impairment,inhibition,"u:0=none,1=max",ivgtt,0.85,0.15000000000000002,ok,0.0,2954.1898249386195,5320.565884383257,21382.433765146852,122.37784434306892,1.5228742971056297,431.0065966145915,86.80573787598215,29.79002124301752,14.630983104083057,5465.412335893226,1905.3884631197216,118.7912987038483,30.363401868268593,10.585491462541508,45.67085731910438
insulin_secretion_inhibition,Beta-cell secretion impairment,inhibition,"u:0=none,1=max",ivgtt,0.9,0.09999999999999998,ok,0.0,3889.8501162323973,7722.7782726935275,23922.778271995096,118.19751902185473,1.5139964254090608,432.886763281122,95.42096631690475,42.010398468829315,7.479897506212211,4536.847101578747,1814.680314163111,132.904323739036,25.20470612096858,10.081557301340819,46.26330730633487
insulin_secretion_inhibition,Beta-cell secretion impairment,inhibition,"u:0=none,1=max",ivgtt,0.95,0.050000000000000044,ok,0.0,6127.018464436089,12033.738135950687,28233.73813407805,113.65431246659107,1.565776455344698,434.78910557084293,104.37359529354767,64.98156300904519,0.0,3319.9183587278385,1788.6727936231257,156.8541007630096,18.443990883953358,9.937071076832709,50.27281889690101
insulin_secretion_inhibition,Beta-cell secretion impairment,inhibition,"u:0=none,1=max",ivgtt,1.0,0.0,ok,0.0,20997.253377393783,29990.691838669893,46190.691831986594,87.97962865546991,1.8000993617594698,437.0094744462518,105.79997511217412,179.9999999257411,0.0,7.355493058723592,2729.9804086245886,256.61495472801414,0.04086385034310054,15.166557831949115,82.44027275200561
glucagon_secretion_inhibition,Glucagon secretion suppression,inhibition,"u:0=none,1=max",ivgtt,0.0,1.0,ok,1760.7402919109327,2155.750602902497,8154.438093765866,15051.502456527513,118.16522203336439,1.2562203520636275,412.77613365697516,40.2194973993506,25.5216273405872,48.881747114038404,22273.913559752065,3750.523759563916,83.61945810057203,123.74396423379719,20.83624311086937,221.07115561656065
glucagon_secretion_inhibition,Glucagon secretion suppression,inhibition,"u:0=none,1=max",ivgtt,0.05,0.95,ok,1775.8481149633267,2151.263231290092,8164.689642714084,15030.903169320276,115.12215882745849,1.1789727344152998,412.44749208820986,40.08444984339646,25.807483367147928,48.648899899316255,22230.22959007208,3587.419840220433,83.5050176090737,123.50127550297212,19.930110223861856,221.47867346211873
glucagon_secretion_inhibition,Glucagon secretion suppression,inhibition,"u:0=none,1=max",ivgtt,0.1,0.9,ok,1792.3301599840324,2146.53492951639,8175.792775596719,15008.390273644305,120.49128849573368,1.2318295927454732,412.08840862307153,39.9389627701515,25.63988660047582,48.39962800680289,22183.2040377245,3424.0368080146,83.37994596546261,123.24002243294387,19.022426711368354,224.64293857790594
glucagon_secretion_inhibition,Glucagon secretion suppression,inhibition,"u:0=none,1=max",ivgtt,0.15,0.85,ok,1810.410924158705,2141.37668340415,8188.304815646359,14983.881947936303,120.880332772749,1.3814061711056262,411.70483336211066,39.781691234291515,25.81302140147058,48.14339657491804,22133.386561701926,3260.2683386683007,83.24378860115446,122.96325867834983,18.11260188181875,227.10857620067105
glucagon_secretion_inhibition,Glucagon secretion suppression,inhibition,"u:0=none,1=max",ivgtt,0.2,0.8,ok,1830.2596239154773,2136.034033655405,8202.381348004023,14957.201583016978,128.60215106772193,1.4632856478127323,411.30767312909666,39.61123703205232,25.94691777056243,47.880110264304754,22080.842708750475,3095.992363750949,83.09556435433689,122.67134838821025,17.19995757727233,231.31207669800213
glucagon_secretion_inhibition,Glucagon secretion suppression,inhibition,"u:0=none,1=max",ivgtt,0.25,0.75,ok,1852.1696165076166,2130.1714842722495,8217.872237723632,14928.004460520262,125.0813894102935,1.295023531917962,410.8836503000451,39.42614079452874,25.813493258100795,47.609588716686254,22024.762269684517,2931.0631042694927,82.93335811441737,122.35979038774987,16.28368391268996,231.90735050187376
glucagon_secretion_inhibition,Glucagon secretion suppression,inhibition,"u:0=none,1=max",ivgtt,0.3,0.7,ok,1876.2795242421157,2124.0138160438655,8235.34827727505,14896.032741514135,120.62411971856727,1.1726662837326571,410.43774355916366,39.22486222145328,25.73087524517657,47.33156919180239,21965.226194413277,2765.2998886057076,82.75573745358598,122.02903441448305,15.362777159056055,232.67082491391002
glucagon_secretion_inhibition,Glucagon secretion suppression,inhibition,"u:0=none,1=max",ivgtt,0.35,0.65,ok,1902.983729833559,2117.4645279468373,8254.799883750195,14860.932178280877,123.91312153243655,1.3957362576998142,409.9599589241565,39.005463586909514,26.05484674284625,47.045998525201625,21901.79112852231,2598.4984089031755,82.56073432420001,121.6766173812946,14.436102271757287,237.01195734560974
glucagon_secretion_inhibition,Glucagon secretion suppression,inhibition,"u:0=none,1=max",ivgtt,0.4,0.6,ok,1932.6408382523991,2110.3761110341993,8276.7887901557,14822.293711923281,126.92735888600731,1.5820556652542215,409.4511103758194,38.76559896585036,25.906611793914585,46.75302407420669,21834.283619534614,2430.4225978760664,82.34607618273371,121.30157567200948,13.502347766860662,241.4286219575438
glucagon_secretion_inhibition,Glucagon secretion suppression,inhibition,"u:0=none,1=max",ivgtt,0.45,0.55,ok,1965.6607078117963,2102.7277670921653,8301.373361407374,14779.47565001854,120.52719839807585,1.2833937625518599,408.9108223099513,38.50238959169626,26.056712550644157,46.453090496926905,21761.22881393307,2260.783046992922,82.10819805831264,120.89571563686935,12.559905817033334,241.88717318028264
glucagon_secretion_inhibition,Glucagon secretion suppression,inhibition,"u:0=none,1=max",ivgtt,0.5,0.5,ok,2002.6983058713156,2094.6204605306875,8329.406008799573,14731.93661025097,125.85946178219542,1.4285297732644475,408.3306156021485,38.21241869945307,26.42957200101584,46.146923966789515,21683.064814249832,2089.2445160457137,81.84409227991733,120.46147119137376,11.606913978137435,247.45494084972066
glucagon_secretion_inhibition,Glucagon secretion suppression,inhibition,"u:0=none,1=max",ivgtt,0.55,0.44999999999999996,ok,2044.510308835841,2085.7043399310664,8361.568335467411,14678.728877027876,122.38141442309968,1.3182101163829663,407.71784209909987,37.8912449566925,26.316796011498337,45.83596452543857,21598.522912223863,1915.3931070084816,81.54849376442382,119.99179396144577,10.641072817125847,250.27120954853945
glucagon_secretion_inhibition,Glucagon secretion suppression,inhibition,"u:0=none,1=max",ivgtt,0.6,0.4,ok,2092.1512461278944,2076.245773682832,8398.587095065155,14618.742024075358,124.39965870056797,1.4152356932780494,407.0610241687335,37.53322378869866,26.407655216241636,45.52252626407885,21506.802445022033,1738.720609164211,81.21523347211988,119.4822358130847,9.659558940399972,255.87305377035577
glucagon_secretion_inhibition,Glucagon secretion suppression,inhibition,"u:0=none,1=max",ivgtt,0.65,0.35,ok,2147.106360453414,2065.7850561697287,8442.119896855931,14550.369608359253,119.56784607722372,1.3130518391924446,406.3388874826951,37.13070255120561,26.656081061944047,45.21052365184212,21406.6142254537,1558.5928708466527,80.83538671449459,118.92563458789537,8.658849282630042,259.6952392218152
glucagon_secretion_inhibition,Glucagon secretion suppression,inhibition,"u:0=none,1=max",ivgtt,0.7,0.30000000000000004,ok,2211.4043661871865,2054.5232718327275,8493.940279075843,14471.377255325138,117.06080802918879,1.1760005548423127,405.58339313192664,36.67307113642672,26.775289895040242,44.90637535710314,21296.33734697189,1374.1700630597513,80.3965403082371,118.31298526224296,7.63427812819284,264.89165905664254
glucagon_secretion_inhibition,Glucagon secretion suppression,inhibition,"u:0=none,1=max",ivgtt,0.75,0.25,ok,2288.513013864668,2042.311789971744,8557.279503241214,14378.274735647796,118.86133921592987,1.267426860601706,404.75124096498234,36.14468326679908,26.759720966903792,44.620991301053934,21173.656022768468,1184.3276785408889,79.87930409063003,117.63142235415918,6.579598214420637,273.3588579390842
glucagon_secretion_inhibition,Glucagon secretion suppression,inhibition,"u:0=none,1=max",ivgtt,0.8,0.19999999999999996,ok,2383.821052836307,2028.8714443410636,8637.853297206491,14265.354211931128,122.22282759719337,1.3797552203709393,403.8574194870327,35.521106450042,26.91401413477507,44.373421739848894,21035.097614297512,987.4431767065312,79.25196784532956,116.86165341463332,5.485795426235148,284.1212240654917
glucagon_secretion_inhibition,Glucagon secretion suppression,inhibition,"u:0=none,1=max",ivgtt,0.85,0.15000000000000002,ok,2507.7243179063425,2014.295814709084,8745.327244343698,14122.142338635069,123.76812353449384,1.5868531704308872,402.88761596295484,34.76011811990665,26.90094477434497,44.199730478566124,20875.107400882305,780.9986006185408,78.4563463280649,115.97281889721185,4.3388811146754485,297.6719460910392
glucagon_secretion_inhibition,Glucagon secretion suppression,inhibition,"u:0=none,1=max",ivgtt,0.9,0.09999999999999998,ok,2682.5250196473894,1998.0355447802663,8902.199946832883,13926.012687008031,120.63728366941488,1.2797174140717513,401.82539763584947,33.77796755411725,27.32545426986886,44.17655954763584,20681.634946971993,560.5524333047728,77.36673715518928,114.89797193526258,3.1141801852335993,313.09903038606785
glucagon_secretion_inhibition,Glucagon secretion suppression,inhibition,"u:0=none,1=max",ivgtt,0.95,0.050000000000000044,ok,2971.8168749100832,1980.242188852853,9171.422710751587,13613.03908556161,117.34446650811245,1.1981135950934296,400.6683617797043,32.36422110607659,27.173176578630372,44.50607543793708,20428.062940932847,316.3391976536667,75.62799492699888,113.48923857156079,1.757439987132411,340.86576010209393
glucagon_secretion_inhibition,Glucagon secretion suppression,inhibition,"u:0=none,1=max",ivgtt,1.0,0.0,ok,3695.712604498369,1960.5083199370868,9873.245974229696,12862.861782404507,121.62216945304475,1.2765321805343774,399.3910544191387,29.621758212781597,27.464927048601172,46.07568520059415,19999.13075340974,12.766509506591461,71.46034325705791,111.10628199678031,0.07092505283571345,414.7462148236867
insulin_signal_global,Insulin signalling (global),potentiation,"u:0=none,1=max",ogtt,0.0,1.0,ok,0.0,0.0,4010.0242529079605,29103.439379829164,19.131192348604344,0.13237670560721893,132.22775593118607,80.31960679226549,140.99150446312936,8.781637416613037,14687.597932641009,2645.8115630862303,97.01146459943055,48.95865977547003,8.8193718769541,6.809072323411645
insulin_signal_global,Insulin signalling (global),potentiation,"u:0=none,1=max",ogtt,0.05,1.1,ok,0.0,0.0,3844.917518585709,28874.930710763332,17.57529730037759,0.12442950932683505,129.38142757339986,80.0759780337567,141.79213835987625,9.027066803043255,14017.415964680911,2671.373797979889,96.24976903587778,46.7247198822697,8.90457932659963,6.414865367000228
insulin_signal_global,Insulin signalling (global),potentiation,"u:0=none,1=max",ogtt,0.1,1.2,ok,0.0,0.0,3696.104393721412,28698.05435134979,17.230832824239517,0.11530576970240108,126.92140324811618,79.9643657527176,141.3332948027051,9.140436272039892,13492.114484383343,2687.301358226623,95.66018117116597,44.97371494794447,8.957671194088743,6.300639403625662
insulin_signal_global,Insulin signalling (global),potentiation,"u:0=none,1=max",ogtt,0.15,1.3,ok,0.0,0.0,3563.12121828672,28547.20567222382,16.587579855977836,0.13113504645187263,124.75605350774323,79.92641065690724,139.79119238778782,9.18011295187398,13036.479862956181,2700.3824290248344,95.15735224074606,43.4549328765206,9.001274763416115,6.199782961283725
insulin_signal_global,Insulin signalling (global),potentiation,"u:0=none,1=max",ogtt,0.2,1.4,ok,0.0,0.0,3442.9666883566692,28415.318914115396,15.726081534090214,0.11315784548009052,122.84929024914155,79.92771957486177,140.5213822886229,9.180495051717287,12634.756279655645,2711.60502134465,94.71772971371799,42.11585426551881,9.038683404482168,5.914784279390781
insulin_signal_global,Insulin signalling (global),potentiation,"u:0=none,1=max",ogtt,0.25,1.5,ok,0.0,0.0,3333.7229514658616,28298.200245370565,15.566805084624914,0.116087522675062,121.17669628705504,79.95271872494098,139.48927082204895,9.157160741569399,12276.01826527136,2721.5267103648434,94.32733415123522,40.92006088423786,9.071755701216144,5.879339118776073
insulin_signal_global,Insulin signalling (global),potentiation,"u:0=none,1=max",ogtt,0.3,1.6,ok,0.0,0.0,3233.3247070684183,28192.78978751209,14.673427326224546,0.17472102885049715,119.71109004481997,79.99299333302193,138.68495119937913,9.1185292973759,11952.51944691845,2730.4232968432807,93.97596595837364,39.84173148972817,9.101410989477602,5.882673161118193
insulin_signal_global,Insulin signalling (global),potentiation,"u:0=none,1=max",ogtt,0.35,1.7,ok,0.0,0.0,3140.4860215340955,28097.175078441032,14.522055066214097,0.09905092141606744,118.42162289083585,80.04348695951094,136.93433058832838,9.069659725506384,11658.63175126494,2738.4843437725426,93.65725026147011,38.8621058375498,9.128281145908476,5.529386055284846
insulin_signal_global,Insulin signalling (global),potentiation,"u:0=none,1=max",ogtt,0.4,1.8,ok,0.0,0.0,3054.299071644783,28009.698324427653,14.219682553593858,0.1142331502770145,117.27636709724108,80.10099522356552,136.21522497355764,9.013759065893538,11389.656812384934,2745.8923368616365,93.36566108142551,37.96552270794978,9.152974456205454,5.505402492001711
insulin_signal_global,Insulin signalling (global),potentiation,"u:0=none,1=max",ogtt,0.45,1.9,ok,0.0,0.0,2973.334036239665,27929.133769400756,13.612415811550232,0.10676697283939651,116.25028342354243,80.16325652692709,134.88501490359795,8.953091191719437,11142.242265929968,2752.7013306235544,93.09711256466919,37.1408075530999,9.175671102078514,5.3116214776010215
insulin_signal_global,Insulin signalling (global),potentiation,"u:0=none,1=max",ogtt,0.5,2.0,ok,0.0,0.0,2897.387908629956,27854.536281258956,13.718394861896872,0.10475267450669143,115.32337709474864,80.22882429980203,133.47812538678812,8.889104664216745,10913.507392040341,2759.0633249804555,92.84845427086319,36.37835797346781,9.19687774993485,5.31734512603501
insulin_signal_global,Insulin signalling (global),potentiation,"u:0=none,1=max",ogtt,0.55,2.1,ok,0.0,0.0,2825.6961351696846,27785.16309690383,13.014072234364079,0.09682844256642228,114.47988564878972,80.2965598300088,133.0712625530556,8.822938770789051,10701.180301880653,2764.972980839563,92.61721032301277,35.670601006268846,9.216576602798543,5.100834975831001
insulin_signal_global,Insulin signalling (global),potentiation,"u:0=none,1=max",ogtt,0.6,2.2,ok,0.0,0.0,2757.9586778245593,27720.4068006953,12.576863550964864,0.09626728878603022,113.70724604303604,80.3656983339364,132.49856976967186,8.755360397387733,10503.342777597756,2770.5506016711092,92.40135600231766,35.011142591992524,9.23516867223703,4.9797521759540535
insulin_signal_global,Insulin signalling (global),potentiation,"u:0=none,1=max",ogtt,0.65,2.3,ok,0.0,0.0,2693.530137465064,27659.731915404936,12.469252836791856,0.09661823701938838,112.99552312823748,80.43563769538314,130.5983965897547,8.686972483868388,10318.390263789099,2775.8112448885913,92.19910638468312,34.39463421263033,9.252704149628638,4.939130712810505
insulin_signal_global,Insulin signalling (global),potentiation,"u:0=none,1=max",ogtt,0.7,2.4,ok,0.0,0.0,2632.252236357675,27602.666406679884,11.492346278275914,0.15372338098014227,112.33650870821673,80.50592342925931,129.87201354288587,8.618225555018,10144.931616744896,2780.7931808662756,92.00888802226628,33.816438722482985,9.269310602887586,4.913079764107439
insulin_signal_global,Insulin signalling (global),potentiation,"u:0=none,1=max",ogtt,0.75,2.5,ok,0.0,0.0,2573.977289325806,27548.947741438686,12.045235705028881,0.09067323117651466,111.72418100921666,80.576207671611,129.43443254354136,8.54946310226427,9982.024878433353,2785.5529736056887,91.82982580479562,33.27341626144451,9.285176578685629,4.7900793818604
insulin_signal_global,Insulin signalling (global),potentiation,"u:0=none,1=max",ogtt,0.8,2.6,ok,0.0,0.0,2518.081823564679,27498.204351719367,11.548344261227134,0.0848284776762858,111.15239463287743,80.6462077711322,128.6514675597048,8.480970314711996,9828.495981804179,2790.071375151139,91.66068117239789,32.7616532726806,9.300237917170463,4.632061828528939
insulin_signal_global,Insulin signalling (global),potentiation,"u:0=none,1=max",ogtt,0.85,2.7,ok,0.0,0.0,2464.7353710027933,27450.194108160867,11.305374687556462,0.07897272848971419,110.61694952659747,80.71576453089193,127.34345048956342,8.412909031076325,9683.500677072352,2794.405650427936,91.50064702720289,32.27833559024118,9.314685501426453,4.535353137783215
insulin_signal_global,Insulin signalling (global),potentiation,"u:0=none,1=max",ogtt,0.9,2.8,ok,0.0,0.0,2413.5635002479885,27404.649132937117,11.150843667697266,0.09804148666550395,110.11376127876275,80.78471191298036,124.95228867485307,8.345445941908821,9546.241432939567,2798.5817975918885,91.34883044312372,31.820804776465224,9.328605991972962,4.55601419798671
insulin_signal_global,Insulin signalling (global),potentiation,"u:0=none,1=max",ogtt,0.95,2.9,ok,0.0,0.0,2364.4749553176034,27361.32763281033,9.645892820145537,0.13554854772520233,109.63725238811179,80.85293364316713,124.29970121730001,8.278697070325947,9416.112774698537,2802.5822148953075,91.20442544270111,31.387042582328455,9.341940716317692,4.320153138401198
insulin_signal_global,Insulin signalling (global),potentiation,"u:0=none,1=max",ogtt,1.0,3.0,ok,0.0,0.0,2317.3045025701654,27320.1434657762,10.724450338392726,0.07992305467519252,109.1919865872922,80.92033686678909,124.1883051280575,8.212756757386103,9292.67569711998,2806.4484810922904,91.06714488592067,30.9755856570666,9.354828270307635,4.35998806745277
glucagon_signal_hepatic,Glucagon signalling (hepatic HGP),potentiation,"u:0=none,1=max",ogtt,0.0,1.0,ok,0.0,0.0,4010.0242529079605,29103.439379829164,19.131192348604344,0.13237670560721893,132.22775593118607,80.31960679226549,140.99150446312936,8.781637416613037,14687.597932641009,2645.8115630862303,97.01146459943055,48.95865977547003,8.8193718769541,6.809072323411645
glucagon_signal_hepatic,Glucagon signalling (hepatic HGP),potentiation,"u:0=none,1=max",ogtt,0.05,1.1,ok,0.0,0.0,4006.5081257474776,29105.984474719127,18.428448020276576,0.12916758482319837,132.19237478818363,80.34901614623418,142.3619552967379,8.752129853796731,14680.543021454245,2643.7651931818086,97.01994824906376,48.93514340484748,8.812550643939362,6.623293739649715
glucagon_signal_hepatic,Glucagon signalling (hepatic HGP),potentiation,"u:0=none,1=max",ogtt,0.1,1.2,ok,0.0,0.0,4003.029200833698,29108.416645646405,18.16142205295284,0.13909609541978768,132.1569766879204,80.37751411868035,141.6411536145217,8.723537382933984,14673.316171994406,2641.8019115323036,97.02805548548801,48.91105390664802,8.806006371774345,6.590372940222943
glucagon_signal_hepatic,Glucagon signalling (hepatic HGP),potentiation,"u:0=none,1=max",ogtt,0.15,1.3,ok,0.0,0.0,3999.621697602849,29110.735420619865,19.65824436273219,0.27178604140204266,132.1216874134909,80.4051085493455,142.78640564282662,8.695851914282429,14665.918558434538,2639.915150729685,97.03578473539955,48.88639519478179,8.799717169098951,7.497325585115261
glucagon_signal_hepatic,Glucagon signalling (hepatic HGP),potentiation,"u:0=none,1=max",ogtt,0.2,1.4,ok,0.0,0.0,3996.3869062467074,29113.0097434668,18.196585171307138,0.1361398834300549,132.0863954497992,80.43189449136759,141.64814318780816,8.668978182758096,14658.571152661216,2638.102427573055,97.043365811556,48.86190384220405,8.79367475857685,6.581880118695718
glucagon_signal_hepatic,Glucagon signalling (hepatic HGP),potentiation,"u:0=none,1=max",ogtt,0.25,1.5,ok,0.0,0.0,3993.120984512053,29115.202365780628,18.16592080785818,0.13606431188147555,132.05113276287415,80.45794297715263,142.80232704236218,8.642844957972883,14651.050540239901,2636.3604036016986,97.05067455260209,48.836835134133004,8.787868012005662,6.576091315980458
glucagon_signal_hepatic,Glucagon signalling (hepatic HGP),potentiation,"u:0=none,1=max",ogtt,0.3,1.6,ok,0.0,0.0,3990.080133597305,29117.325759577372,18.466287555205312,0.13724406872298073,132.01590264245942,80.48323303108157,142.8638115883892,8.617473148237295,14643.392678259908,2634.6805440175644,97.05775253192458,48.81130892753303,8.782268480058548,6.6536045991878
glucagon_signal_hepatic,Glucagon signalling (hepatic HGP),potentiation,"u:0=none,1=max",ogtt,0.35,1.7,ok,0.0,0.0,3987.0063568599103,29119.348680633626,18.2058967502392,0.12932146831071395,131.9807887309122,80.50785312562363,142.23263550470963,8.592773941568524,14635.716451308159,2633.0658057080286,97.06449560211209,48.78572150436053,8.776886019026762,6.551700246335554
glucagon_signal_hepatic,Glucagon signalling (hepatic HGP),potentiation,"u:0=none,1=max",ogtt,0.4,1.8,ok,0.0,0.0,3984.063733296619,29121.328570479753,18.259433051927008,0.1462059896240014,131.9456611836541,80.53185660890203,142.97283492918058,8.568693824140013,14627.877636218469,2631.5088684941747,97.07109523493251,48.75959212072823,8.771696228313916,6.633281843948111
glucagon_signal_hepatic,Glucagon signalling (hepatic HGP),potentiation,"u:0=none,1=max",ogtt,0.45,1.9,ok,0.0,0.0,3981.132192851627,29123.185904963244,18.235712673643963,0.13571708259948298,131.91057279979788,80.55524157609754,141.817679966833,8.545234581546424,14619.987914872861,2629.9983336659366,97.07728634987748,48.733293049576204,8.766661112219788,6.578220264877559
glucagon_signal_hepatic,Glucagon signalling (hepatic HGP),potentiation,"u:0=none,1=max",ogtt,0.5,2.0,ok,0.0,0.0,3978.182823110588,29125.001371293518,18.21390455929513,0.130342050971267,131.87552784846935,80.57805126415455,143.18250186104393,8.522353155760499,14612.03396044534,2628.5415890464933,97.08333790431173,48.70677986815113,8.761805296821644,6.554649846019505
glucagon_signal_hepatic,Glucagon signalling (hepatic HGP),potentiation,"u:0=none,1=max",ogtt,0.55,2.1,ok,0.0,0.0,3975.4808407329947,29126.796109120674,18.03667672476342,0.1324743593325398,131.84051007365207,80.60032260321493,141.78439770587602,8.500012178351398,14603.999992710435,2627.134609933126,97.08932036373558,48.67999997570145,8.757115366443752,6.510795583189347
glucagon_signal_hepatic,Glucagon signalling (hepatic HGP),potentiation,"u:0=none,1=max",ogtt,0.6,2.2,ok,0.0,0.0,3972.7510226500617,29128.523139205925,17.916023736705302,0.13638535960143572,131.80555296033347,80.62207920114398,141.8226445888368,8.478188016047497,14595.894323464145,2625.773451165911,97.09507713068642,48.65298107821381,8.752578170553036,6.494236164254677
glucagon_signal_hepatic,Glucagon signalling (hepatic HGP),potentiation,"u:0=none,1=max",ogtt,0.65,2.3,ok,0.0,0.0,3970.0276765760746,29130.215479294064,17.928651748625455,0.1296286646513968,131.7705874025256,80.64336845472022,141.87340390604732,8.4568331711869,14587.735489400153,2624.449233009143,97.10071826431354,48.625784964667176,8.748164110030476,6.468425199623311
glucagon_signal_hepatic,Glucagon signalling (hepatic HGP),potentiation,"u:0=none,1=max",ogtt,0.7,2.4,ok,0.0,0.0,3967.3500698852295,29131.802365961466,17.73876610570065,0.13277618743907743,131.73572598840926,80.66416297754051,142.18055604629603,8.43597496390339,14579.487031620709,2623.1714321295217,97.10600788653822,48.59829010540236,8.743904773765072,6.432720511116039
glucagon_signal_hepatic,Glucagon signalling (hepatic HGP),potentiation,"u:0=none,1=max",ogtt,0.75,2.5,ok,0.0,0.0,3964.8170035900166,29133.398711823862,19.809342988050204,0.2597923477568872,131.7008386632657,80.68450542443631,142.94315812051656,8.415570667811693,14571.121289515802,2621.938217967983,97.11132903941288,48.57040429838601,8.739794059893276,7.459548898381099
glucagon_signal_hepatic,Glucagon signalling (hepatic HGP),potentiation,"u:0=none,1=max",ogtt,0.8,2.6,ok,0.0,0.0,3962.244577542779,29134.93201218725,17.92578641206524,0.12963438024203913,131.66605092505696,80.70445493261856,143.08352386207306,8.395561090833468,14562.851797842004,2620.7268416534694,97.11644004062417,48.54283932614001,8.735756138844899,6.466594437316571
glucagon_signal_hepatic,Glucagon signalling (hepatic HGP),potentiation,"u:0=none,1=max",ogtt,0.85,2.7,ok,0.0,0.0,3959.7410786599085,29136.381738724725,18.41335182305541,0.12130012555578658,131.6313109215618,80.72399380771891,142.48122811259924,8.375963764104554,14554.449900014088,2619.5580328627007,97.12127246241575,48.514833000046956,8.731860109542335,6.550661890021888
glucagon_signal_hepatic,Glucagon signalling (hepatic HGP),potentiation,"u:0=none,1=max",ogtt,0.9,2.8,ok,0.0,0.0,3957.375690734232,29137.81952208482,18.528731466980684,0.2638590508540816,131.59657754202465,80.74311325941213,141.72480757690101,8.35678757835592,14545.915331438664,2618.43018025573,97.12606507361608,48.48638443812888,8.728100600852434,7.144655310350559
glucagon_signal_hepatic,Glucagon signalling (hepatic HGP),potentiation,"u:0=none,1=max",ogtt,0.95,2.9,ok,0.0,0.0,3954.878878787696,29139.241375499474,18.599305117607802,0.26949355651575085,131.56186121005254,80.76188240510459,142.85243477334805,8.337963152722907,14537.363268737417,2617.3225860231846,97.13080458499824,48.45787756245806,8.724408620077282,7.187634907221018
glucagon_signal_hepatic,Glucagon signalling (hepatic HGP),potentiation,"u:0=none,1=max",ogtt,1.0,3.0,ok,0.0,0.0,3952.568478340314,29140.61195221697,17.970457007612918,0.12735366856990488,131.5272585268764,80.78030392400275,143.35069748074466,8.319487971863552,14528.906911098047,2616.2481847533386,97.13537317405657,48.42968970366016,8.720827282511129,6.462074275484338
insulin_secretion,Beta-cell insulin secretion capacity,potentiation,"u:0=none,1=max",ogtt,0.0,1.0,ok,0.0,0.0,4010.0242529079605,29103.439379829164,19.131192348604344,0.13237670560721893,132.22775593118607,80.31960679226549,140.99150446312936,8.781637416613037,14687.597932641009,2645.8115630862303,97.01146459943055,48.95865977547003,8.8193718769541,6.809072323411645
insulin_secretion,Beta-cell insulin secretion capacity,potentiation,"u:0=none,1=max",ogtt,0.05,1.1,ok,0.0,0.0,3760.0070121936105,28629.532920346468,16.901693548953673,0.1286056839831747,127.73763482982311,79.65759919562268,144.64156489747856,8.075728846198984,15045.496961854768,2667.6257030589463,95.43177640115489,50.15165653951589,8.892085676863154,6.181961605922925
insulin_secretion,Beta-cell insulin secretion capacity,potentiation,"u:0=none,1=max",ogtt,0.1,1.2,ok,0.0,0.0,3559.0662832597836,28207.309174988528,16.32524072808027,0.23161265727429944,123.89545835949674,79.06672877912722,147.28893704476783,7.400979606383046,15390.741667923008,2689.077133641984,94.02436391662843,51.302472226410025,8.96359044547328,6.39413687753371
insulin_secretion,Beta-cell insulin secretion capacity,potentiation,"u:0=none,1=max",ogtt,0.15,1.3,ok,0.0,0.0,3401.865501369919,27828.337752190564,15.465771414520628,0.11599809418537597,120.63095821128493,78.53363980744322,148.53404736525724,6.778316884891751,15728.63134845842,2710.0714195458577,92.76112584063522,52.42877116152807,9.033571398486192,5.6604227598593555
insulin_secretion,Beta-cell insulin secretion capacity,potentiation,"u:0=none,1=max",ogtt,0.2,1.4,ok,0.0,0.0,3284.0342695934123,27486.08236241456,14.530954266401112,0.12149980956416778,117.8545277880727,78.04824723015953,152.03422307181378,6.213415734062437,16062.563818154831,2730.5638695894886,91.62027454138186,53.541879393849435,9.101879565298296,5.407500811278452
insulin_secretion,Beta-cell insulin secretion capacity,potentiation,"u:0=none,1=max",ogtt,0.25,1.5,ok,0.0,0.0,3198.911620876422,27175.396741785222,13.717040720259797,0.12075075137149593,115.48061990829456,77.60265844202986,153.73880022779264,5.7080778991657155,16395.479155699442,2750.506857684311,90.58465580595075,54.651597185664805,9.168356192281037,5.1582739392998285
insulin_secretion,Beta-cell insulin secretion capacity,potentiation,"u:0=none,1=max",ogtt,0.3,1.6,ok,0.0,0.0,3139.605479570043,26892.270898831426,13.252518592882986,0.11294661676869444,113.43937117103147,77.1905891007451,155.45485909029998,5.261459966859917,16729.662127841624,2769.89279325367,89.64090299610476,55.76554042613875,9.232975977512233,4.974096610975618
insulin_secretion,Beta-cell insulin secretion capacity,potentiation,"u:0=none,1=max",ogtt,0.35,1.7,ok,0.0,0.0,3100.627474816756,26633.48806725183,12.738382869843834,0.10910100614126252,111.67950082883063,76.80698364294986,158.5852505922444,4.870959481661529,17066.84264249783,2788.72184786356,88.7782935575061,56.88947547499277,9.295739492878534,4.804860400843418
insulin_secretion,Beta-cell insulin secretion capacity,potentiation,"u:0=none,1=max",ogtt,0.4,1.8,ok,0.0,0.0,3077.631046336096,26396.237593032318,12.445092418430182,0.178243493387003,110.16352986237098,76.44767867815825,160.77431866673376,4.532926150947745,17408.214401417397,2807.0108678176184,87.98745864344106,58.02738133805799,9.356702892725394,4.984120457076436
insulin_secretion,Beta-cell insulin secretion capacity,potentiation,"u:0=none,1=max",ogtt,0.45,1.9,ok,0.0,0.0,3068.491996605934,26178.36336133899,11.860209384449561,0.10823203066064975,108.86146015578755,76.10930535939383,160.65495100363046,4.243027216570269,17755.07948273689,2824.781309224762,87.2612112044633,59.18359827578964,9.415937697415874,4.529072166098767
insulin_secretion,Beta-cell insulin secretion capacity,potentiation,"u:0=none,1=max",ogtt,0.5,2.0,ok,0.0,0.0,3070.7409113938857,25977.721018147226,11.5954588589022,0.09555102747161398,107.74706726801134,75.7890068386445,162.52473113705437,3.9967236360989773,18107.84929827352,2842.065602413674,86.59240339382409,60.35949766091173,9.47355200804558,4.3960379769577855
insulin_secretion,Beta-cell insulin secretion capacity,potentiation,"u:0=none,1=max",ogtt,0.55,2.1,ok,0.0,0.0,3083.2371608665635,25792.716474039982,11.552904091776771,0.10199518772826055,106.79715234262201,75.48443722695947,162.94632032758645,3.7893870632033497,18466.85870313752,2858.905861878769,85.97572158013327,61.55619567712507,9.529686206262562,4.392928136190041
insulin_secretion,Beta-cell insulin secretion capacity,potentiation,"u:0=none,1=max",ogtt,0.6,2.2,ok,0.0,0.0,3104.5168021378727,25621.697086831307,11.215050098097201,0.08774868799009658,105.98886535560236,75.19363426424303,163.2703700894487,3.616508603854129,18832.474127353114,2875.326539503888,85.40565695610435,62.77491375784371,9.584421798346293,4.2362831781905115
insulin_secretion,Beta-cell insulin secretion capacity,potentiation,"u:0=none,1=max",ogtt,0.65,2.3,ok,0.0,0.0,3132.8564683574828,25463.386495311606,11.308473514497877,0.09061116253976921,105.30155756459376,74.9149812362692,162.00800586597992,3.4737583035704063,19204.4411678943,2891.37257233717,84.87795498437202,64.01480389298099,9.637908574457233,4.252308680966183
insulin_secretion,Beta-cell insulin secretion capacity,potentiation,"u:0=none,1=max",ogtt,0.7,2.4,ok,0.0,0.0,3167.6432827659705,25316.562673495973,10.89497838665436,0.08961355414739497,104.71640419150123,74.64711268975796,160.74430459912145,3.357110649656633,19582.77258999163,2907.0698255556335,84.38854224498658,65.27590863330543,9.690232751852111,4.128781405778859
insulin_secretion,Beta-cell insulin secretion capacity,potentiation,"u:0=none,1=max",ogtt,0.75,2.5,ok,0.0,0.0,3207.2867534016323,25180.149733847342,10.939045128212664,0.09437064277092533,104.21669479049902,74.38891234926952,150.7942902123663,3.2628131633870225,19967.109843254537,2922.451892589866,83.93383244615781,66.55703281084845,9.741506308632887,4.108717232975331
insulin_secretion,Beta-cell insulin secretion capacity,potentiation,"u:0=none,1=max",ogtt,0.8,2.6,ok,0.0,0.0,3251.2156187458118,25053.002169814867,10.889332073845866,0.09327231018103026,103.78835979056197,74.13945328929695,133.410268783132,3.1874431506177814,20356.973185591818,2937.5446556607153,83.51000723271622,67.85657728530606,9.79181551886905,4.01271500365204
insulin_secretion,Beta-cell insulin secretion capacity,potentiation,"u:0=none,1=max",ogtt,0.85,2.7,ok,0.0,0.0,3298.356438514569,24934.425591567415,10.963663598163432,0.09477017878743099,103.41909048977834,73.898001621993,128.55761672781864,3.127873541843684,20752.148594091086,2952.375030590934,83.11475197189138,69.17382864697029,9.841250101969779,4.011913252449438
insulin_secretion,Beta-cell insulin secretion capacity,potentiation,"u:0=none,1=max",ogtt,0.9,2.8,ok,0.0,0.0,3347.796075217993,24823.442098650165,11.040960490847542,0.0871551822757626,103.09886315615086,73.66394143261833,124.97778567978582,3.0813004340681545,21152.189474060513,2966.9628527922323,82.74480699550055,70.50729824686837,9.889876175974107,3.982014023070841
insulin_secretion,Beta-cell insulin secretion capacity,potentiation,"u:0=none,1=max",ogtt,0.95,2.9,ok,0.0,0.0,3399.692862471835,24719.441387363186,11.115781116417118,0.14980312977379998,102.8193222716112,73.43680895936154,122.807970134586,3.0451818826844317,21556.382979879963,2981.3319662702706,82.39813795787728,71.85460993293322,9.937773220900903,4.239476182632638
insulin_secretion,Beta-cell insulin secretion capacity,potentiation,"u:0=none,1=max",ogtt,1.0,3.0,ok,0.0,0.0,3453.0995949207654,24621.757702242954,10.801284638054053,0.09534685228336136,102.57366158697508,73.21622571873537,120.90643783353708,3.0172480083739543,21964.752525905096,2995.4884304322272,82.07252567414318,73.21584175301699,9.98496143477409,3.933136691129524
glucagon_secretion,Alpha-cell glucagon secretion capacity,potentiation,"u:0=none,1=max",ogtt,0.0,1.0,ok,0.0,0.0,4010.0242529079605,29103.439379829164,19.131192348604344,0.13237670560721893,132.22775593118607,80.31960679226549,140.99150446312936,8.781637416613037,14687.597932641009,2645.8115630862303,97.01146459943055,48.95865977547003,8.8193718769541,6.809072323411645
glucagon_secretion,Alpha-cell glucagon secretion capacity,potentiation,"u:0=none,1=max",ogtt,0.05,1.1,ok,0.0,0.0,3993.4052599376437,29121.5150551718,18.42486334841611,0.14601504329032625,132.21380658376253,80.4693338564333,140.45766288603852,8.890345556667725,14716.162245294876,2893.6276654029452,97.07171685057267,49.05387415098292,9.64542555134315,6.695912237558124
glucagon_secretion,Alpha-cell glucagon secretion capacity,potentiation,"u:0=none,1=max",ogtt,0.1,1.2,ok,0.0,0.0,3978.3748409969317,29137.96419663675,17.90308761467089,0.14290861896524135,132.202896347952,80.60574001174854,138.8477570704523,8.990320537535908,14743.207155453998,3140.449475149367,97.12654732212249,49.144023851513325,10.468164917164557,6.556550801703504
glucagon_secretion,Alpha-cell glucagon secretion capacity,potentiation,"u:0=none,1=max",ogtt,0.15,1.3,ok,0.0,0.0,3964.756001143828,29153.13426779232,18.254913985615033,0.13696482672211874,132.19434216056882,80.73057127477952,137.21477869671182,9.083866442997248,14768.856059305375,3386.432007058579,97.1771142259744,49.229520197684586,11.288106690195264,6.62349802561824
glucagon_secretion,Alpha-cell glucagon secretion capacity,potentiation,"u:0=none,1=max",ogtt,0.2,1.4,ok,0.0,0.0,3952.5914683956,29166.97847663417,17.878583141518376,0.1257415577135777,132.18768174331302,80.84512430310417,136.1417530411165,9.172629770289774,14793.227689022066,3631.6942767126475,97.22326158878056,49.31075896340688,12.105647589042158,6.48913988249672
glucagon_secretion,Alpha-cell glucagon secretion capacity,potentiation,"u:0=none,1=max",ogtt,0.25,1.5,ok,0.0,0.0,3941.980863394519,29179.834494855073,18.6290707292652,0.12745361586652196,132.18256784147687,80.95046821935473,134.64862704482027,9.257848599411034,14816.39361753638,3876.3413527004027,97.26611498285024,49.387978725121265,12.921137842334675,6.686119966547117
glucagon_secretion,Alpha-cell glucagon secretion capacity,potentiation,"u:0=none,1=max",ogtt,0.3,1.6,ok,0.0,0.0,3932.0122749471257,29191.644847306183,17.96871475140912,0.13284610310685352,132.17872733677046,81.04756948963286,133.35870011468714,9.340396696270076,14838.429897869752,4120.466767675244,97.30548282435394,49.46143299289917,13.734889225584148,6.545687858025421
glucagon_secretion,Alpha-cell glucagon secretion capacity,potentiation,"u:0=none,1=max",ogtt,0.35,1.7,ok,0.0,0.0,3922.975470244332,29202.632618005868,17.756357782553525,0.1435583242039042,132.17591372408728,81.13718543568659,132.68814023457577,9.421004881453428,14859.474398091746,4364.15234977424,97.34210872668622,49.531581326972486,14.547174499247467,6.540918865272773
glucagon_secretion,Alpha-cell glucagon secretion capacity,potentiation,"u:0=none,1=max",ogtt,0.4,1.8,ok,0.0,0.0,3914.5575661850903,29212.807101724597,18.186456297604863,0.12711007234706598,132.17398863465155,81.21999468314523,131.88582985695706,9.500212807366623,14879.601082559457,4607.458921498842,97.37602367241533,49.59867027519819,15.35819640499614,6.587430777042914
glucagon_secretion,Alpha-cell glucagon secretion capacity,potentiation,"u:0=none,1=max",ogtt,0.45,1.9,ok,0.0,0.0,3906.6513376008465,29222.16909420536,17.903263408614364,0.1399576408240784,132.17276622508743,81.2965506648623,130.35792044266674,9.578472617775219,14898.7702037076,4850.453004976967,97.40723031401787,49.662567345692,16.168176683256558,6.569682854815937
glucagon_secretion,Alpha-cell glucagon secretion capacity,potentiation,"u:0=none,1=max",ogtt,0.5,2.0,ok,0.0,0.0,3899.336003385719,29230.833767686738,18.047794210227583,0.23168735861693124,132.17211966694384,81.36740047608333,130.50090676905504,9.65607324287933,14917.076802545864,5093.175270086078,97.4361125589558,49.72358934181955,16.977250900286926,6.981288693302098
glucagon_secretion,Alpha-cell glucagon secretion capacity,potentiation,"u:0=none,1=max",ogtt,0.55,2.1,ok,0.0,0.0,3892.6855978362573,29238.976842508295,20.029375192623718,0.2893496801551781,132.1719929456502,81.43301016212958,128.97722832928156,9.73324861617236,14934.595564183008,5335.709596713876,97.46325614169432,49.78198521394336,17.78569865571292,7.70889882929206
glucagon_secretion,Alpha-cell glucagon secretion capacity,potentiation,"u:0=none,1=max",ogtt,0.6,2.2,ok,0.0,0.0,3886.4266501764055,29246.48450670058,18.58935470014298,0.2578438067223356,132.17231349484558,81.49369056802647,128.4353729448069,9.810276146421984,14951.46090760898,5578.052584752658,97.48828168900194,49.83820302536326,18.593508615842193,7.228510527375701
glucagon_secretion,Alpha-cell glucagon secretion capacity,potentiation,"u:0=none,1=max",ogtt,0.65,2.3,ok,0.0,0.0,3880.627587145229,29253.438795181002,20.318866669929402,0.2597120889390815,132.17294610222416,81.54989209367577,127.0727971486086,9.887202485759616,14967.510197751339,5820.2776569599755,97.51146265060333,49.89170065917113,19.40092552319992,7.6705704654339835
glucagon_secretion,Alpha-cell glucagon secretion capacity,potentiation,"u:0=none,1=max",ogtt,0.7,2.4,ok,0.0,0.0,3875.3356110600894,29259.896570812765,17.841957678084956,0.13874309799281775,132.17388458232602,81.60191614446968,126.48447476925243,9.964146077191359,14983.03389593728,6062.375791801033,97.53298856937589,49.94344631979094,20.207919306003443,6.572902715736606
glucagon_secretion,Alpha-cell glucagon secretion capacity,potentiation,"u:0=none,1=max",ogtt,0.75,2.5,ok,0.0,0.0,3870.243291114949,29265.867862012463,17.635166801134698,0.13788551195789353,132.17506222014603,81.65003222981471,125.68273413073935,10.041192167393078,14997.818699000902,6304.419884132764,97.55289287337487,49.99272899666967,21.014732947109213,6.52232960772006
glucagon_secretion,Alpha-cell glucagon secretion capacity,potentiation,"u:0=none,1=max",ogtt,0.8,2.6,ok,0.0,0.0,3865.6533018018595,29271.3901135532,17.682556945777637,0.13622330633741664,132.17644034922503,81.69453895759781,125.55535937556031,10.118345596645867,15012.000927896464,6546.428488090165,97.57130037851067,50.040003092988215,21.821428293633883,6.534902639704684
glucagon_secretion,Alpha-cell glucagon secretion capacity,potentiation,"u:0=none,1=max",ogtt,0.85,2.7,ok,0.0,0.0,3861.351370750888,29276.51869617132,17.61775411398835,0.12458085069715362,132.17798768386282,81.7356719029331,124.54636665796058,10.195626863265147,15025.615544109474,6788.407507356547,97.5883956539044,50.08538514703158,22.628025024521826,6.475844648113508
glucagon_secretion,Alpha-cell glucagon secretion capacity,potentiation,"u:0=none,1=max",ogtt,0.9,2.8,ok,0.0,0.0,3857.418446987895,29281.27370409967,17.671308284231944,0.1358150495704087,132.17948701174964,81.77367670257378,123.50857581693484,10.273007673823784,15038.628853659702,7030.399911047223,97.60424568033223,50.12876284553234,23.434666370157412,6.537771293607246
glucagon_secretion,Alpha-cell glucagon secretion capacity,potentiation,"u:0=none,1=max",ogtt,0.95,2.9,ok,0.0,0.0,3853.7283197422785,29285.692819123007,17.85510222634468,0.14778383916080412,132.18147518321615,81.80873038712815,122.99563022246673,10.350497261474345,15051.115052632893,7272.4106493602585,97.61897606374336,50.17038350877631,24.241368831200862,6.637392935841938
glucagon_secretion,Alpha-cell glucagon secretion capacity,potentiation,"u:0=none,1=max",ogtt,1.0,3.0,ok,0.0,0.0,3850.2799982599454,29289.77645117401,18.17781811334033,0.1456256865961132,132.183365008198,81.84104376926334,120.99710818940953,10.428042504272184,15063.091329161005,7514.458020904422,97.63258817058004,50.21030443053668,25.04819340301474,6.709051963941552
insulin_signal_global_inhibition,Insulin signalling inhibition,inhibition,"u:0=none,1=max",ogtt,0.0,1.0,ok,0.0,0.0,4010.0242529079605,29103.439379829164,19.131192348604344,0.13237670560721893,132.22775593118607,80.31960679226549,140.99150446312936,8.781637416613037,14687.597932641009,2645.8115630862303,97.01146459943055,48.95865977547003,8.8193718769541,6.809072323411645
insulin_signal_global_inhibition,Insulin signalling inhibition,inhibition,"u:0=none,1=max",ogtt,0.05,0.95,ok,0.0,0.0,4107.425172353748,29254.513092750363,18.734485160036186,0.13818750842485256,133.87308736629916,80.41572005220627,142.98311595708086,8.684605470564463,15158.47576819378,2625.8369964189733,97.51504364250121,50.52825256064594,8.752789988063244,6.732662363453406
insulin_signal_global_inhibition,Insulin signalling inhibition,inhibition,"u:0=none,1=max",ogtt,0.1,0.9,ok,0.0,0.0,4217.206863287869,29421.393554744194,19.626025914002398,0.147809537333628,135.65341009770333,80.5165787170647,143.20064749375618,8.582813436211666,15679.275290272166,2604.967910908881,98.07131184914732,52.264250967573886,8.68322636969627,6.985790531868079
insulin_signal_global_inhibition,Insulin signalling inhibition,inhibition,"u:0=none,1=max",ogtt,0.15,0.85,ok,0.0,0.0,4342.699137252663,29607.373013617336,19.686297522227726,0.14926041042751842,137.588435797702,80.62165049295952,142.91248344630816,8.476793348999152,16261.172797072633,2583.1742498999647,98.69124337872445,54.203909323575445,8.610580832999883,6.996008499953949
insulin_signal_global_inhibition,Insulin signalling inhibition,inhibition,"u:0=none,1=max",ogtt,0.2,0.8,ok,0.0,0.0,4488.639842469915,29816.957242704193,20.19139823578074,0.16902821295922602,139.7027629740973,80.73008472511853,140.73725583226096,8.367393047919109,16919.301214611445,2560.4753890796537,99.38985747568064,56.39767071537148,8.534917963598845,7.182652534230362
insulin_signal_global_inhibition,Insulin signalling inhibition,inhibition,"u:0=none,1=max",ogtt,0.25,0.75,ok,0.0,24.58480341420129,4661.224703271812,30056.004683978594,20.976893496664328,0.16016724218719455,142.02693809671865,80.84042456184896,141.0207366051962,8.256068895868879,17674.606048725735,2536.8583405086774,100.18668227992865,58.91535349575245,8.456194468362257,7.396588094550026
insulin_signal_global_inhibition,Insulin signalling inhibition,inhibition,"u:0=none,1=max",ogtt,0.3,0.7,ok,0.0,82.445463423378,4869.929427121533,30332.878811062707,24.592723739505487,0.3521756720342392,144.59984483300605,80.95048723432375,138.98625763546053,8.144999307774583,18556.721925768165,2512.4008994415176,101.10959603687569,61.855739752560545,8.374669664805058,9.19539499694815
insulin_signal_global_inhibition,Insulin signalling inhibition,inhibition,"u:0=none,1=max",ogtt,0.35,0.65,ok,0.0,169.27244954624473,5127.813764983736,30658.998825274015,22.589958291264324,0.1743779874981686,147.47147027069192,81.05702737044687,138.80548610616785,8.037428828710787,19608.637925127834,2487.1694316271833,102.19666275091339,65.36212641709278,8.290564772090612,8.191157110459152
insulin_signal_global_inhibition,Insulin signalling inhibition,inhibition,"u:0=none,1=max",ogtt,0.4,0.6,ok,0.0,290.9339325892581,5454.571416478131,31050.016962808008,22.96363751828084,0.2055441693045855,150.70713421925188,81.15561081720445,138.97065492908493,7.937788258601827,20892.230573430894,2461.322216607521,103.50005654269336,69.64076857810298,8.204407388691736,8.706669452284334
insulin_signal_global_inhibition,Insulin signalling inhibition,inhibition,"u:0=none,1=max",ogtt,0.45,0.55,ok,0.0,459.16685837368993,5881.289570420111,31526.909100874498,24.135963047076956,0.21301436580507788,154.39353124192223,81.24041075100493,142.9752412040923,7.851898970278441,22497.76836926336,2435.029687401021,105.08969700291499,74.99256123087785,8.11676562467007,9.4615043294988
insulin_signal_global_inhibition,Insulin signalling inhibition,inhibition,"u:0=none,1=max",ogtt,0.5,0.5,ok,0.0,693.0087430225434,6456.15203628169,32117.44949266601,29.370579576706522,0.419368199013909,158.64800341922367,81.30477624573275,145.9868546319696,7.786410693846975,24556.348736657168,2408.4921117753415,107.05816497555337,81.85449578885722,8.028307039251139,12.190277537021027
insulin_signal_global_inhibition,Insulin signalling inhibition,inhibition,"u:0=none,1=max",ogtt,0.55,0.44999999999999996,ok,0.0,1020.4353278568557,7207.82428336597,32857.129876085724,31.102416633742855,0.49433008467503126,163.6294623602371,81.34252358702592,151.91534648671131,7.74750051477551,27255.61952152834,2381.694268634868,109.52376625361909,90.85206507176113,7.93898089544956,13.767842513838971
insulin_signal_global_inhibition,Insulin signalling inhibition,inhibition,"u:0=none,1=max",ogtt,0.6,0.4,ok,0.0,1477.7809082143604,8155.684145575273,33789.84597308493,28.056314031023266,0.270784360428832,169.55053996676506,81.35069781867658,159.86203225905012,7.738116529608632,30865.71379506762,2354.2833138684,112.63281991028309,102.8857126502254,7.847611046228,13.294872623846665
insulin_signal_global_inhibition,Insulin signalling inhibition,inhibition,"u:0=none,1=max",ogtt,0.65,0.35,ok,0.0,2110.9671293907395,9329.23692212123,34971.19432826829,29.614493698533824,0.24138656898963662,176.6843644736362,81.3335854186214,169.76320939109638,7.753963304678194,35789.91464643787,2325.409531771285,116.5706477608943,119.29971548812624,7.751365105904283,15.202460662646962
insulin_signal_global_inhibition,Insulin signalling inhibition,inhibition,"u:0=none,1=max",ogtt,0.7,0.30000000000000004,ok,0.0,2980.0675687368084,10777.516071292173,36475.884349438034,31.35571154521038,0.3200338844803088,185.3554710235175,81.34277748320244,179.4271284227993,7.743439357568718,42656.24861969835,2294.613432315483,121.58628116479345,142.1874953989945,7.64871144105161,18.178031556445326
insulin_signal_global_inhibition,Insulin signalling inhibition,inhibition,"u:0=none,1=max",ogtt,0.75,0.25,ok,0.0,4164.977078360477,12582.063828663278,38407.031206855354,34.22548792875687,0.28835541683920557,195.92713624484506,81.54409589176413,191.67905692331232,7.540706013813235,52489.872051327664,2261.2726056701154,128.0234373561845,174.9662401710922,7.537575352233718,21.78145694318213
insulin_signal_global_inhibition,Insulin signalling inhibition,inhibition,"u:0=none,1=max",ogtt,0.8,0.19999999999999996,ok,0.0,5784.325050746011,14873.179142868326,40918.118739314916,36.51649647765129,0.3609249255797955,208.8356621359664,81.81937882315714,205.61032218559885,7.263900361207135,67081.04802713273,2222.8232052146527,136.39372913104972,223.60349342377575,7.409410684048843,26.752380138682145
insulin_signal_global_inhibition,Insulin signalling inhibition,inhibition,"u:0=none,1=max",ogtt,0.85,0.15000000000000002,ok,0.0,8020.356046654923,17862.101814740094,44245.860335650854,40.368523244191906,0.40208399568886666,224.68916072551184,82.14853015642909,221.89339355205206,6.933078760103726,89739.60024503853,2176.9174313972717,147.4862011188362,299.1320008167951,7.256391437990906,33.55015107169568
insulin_signal_global_inhibition,Insulin signalling inhibition,inhibition,"u:0=none,1=max",ogtt,0.9,0.09999999999999998,ok,0.0,11173.095660190236,21933.50504314103,48753.36468303478,46.449651957001336,0.45827650161299394,244.40145375142592,84.1456952845284,241.2697082453461,4.934030263264205,126931.32140966292,2127.921653393636,162.51121561011593,423.1044046988764,7.093072177978787,43.13223288078152
insulin_signal_global_inhibition,Insulin signalling inhibition,inhibition,"u:0=none,1=max",ogtt,0.95,0.050000000000000044,ok,0.0,15773.282097384172,27912.66758131709,54907.91348876598,51.35002842847139,0.44191977846418745,269.38824635708875,89.07764481429506,267.19531685964165,2.7846724321989313e-06,192048.08854932763,2094.630102414977,183.02637829588662,640.1602951644254,6.982100341383257,55.53719816031771
insulin_signal_global_inhibition,Insulin signalling inhibition,inhibition,"u:0=none,1=max",ogtt,1.0,0.0,ok,0.0,22853.70783840151,36454.88615585868,63450.119511974466,82.20918520931372,1.4022901232631655,301.9131639451932,89.07550559462202,300.0,9.158220649396753e-06,316636.42597240425,2082.162128090248,211.50039837324823,1055.4547532413476,6.940540426967494,85.18038826723715
glucagon_signal_inhibition,Glucagon signalling inhibition,inhibition,"u:0=none,1=max",ogtt,0.0,1.0,ok,0.0,0.0,4010.0242529079605,29103.439379829164,19.131192348604344,0.13237670560721893,132.22775593118607,80.31960679226549,140.99150446312936,8.781637416613037,14687.597932641009,2645.8115630862303,97.01146459943055,48.95865977547003,8.8193718769541,6.809072323411645
glucagon_signal_inhibition,Glucagon signalling inhibition,inhibition,"u:0=none,1=max",ogtt,0.05,0.95,ok,0.0,0.0,4011.9468365381917,29102.13586979191,17.929511874055244,0.14613335560596305,132.24548149243395,80.30452925678642,141.9692045833625,8.796765511967195,14691.089623505432,2646.8720725124826,97.00711956597303,48.970298745018106,8.822906908374943,6.5692730551937455
glucagon_signal_inhibition,Glucagon signalling inhibition,inhibition,"u:0=none,1=max",ogtt,0.1,0.9,ok,0.0,0.0,4013.7244127868084,29100.78988098822,17.90993601020556,0.13955669410086566,132.26320224165775,80.28919443156325,140.90810329899045,8.812151935207922,14694.54896288581,2647.953287514584,97.0026329366274,48.981829876286035,8.826510958381947,6.53519746967222
glucagon_signal_inhibition,Glucagon signalling inhibition,inhibition,"u:0=none,1=max",ogtt,0.15,0.85,ok,0.0,0.0,4015.6355534763475,29099.41876362697,18.90955611556384,0.1370770751902987,132.2809316263277,80.27361026612647,142.44186541747192,8.827788737346893,14697.962948905479,2649.0620893876608,96.99806254542324,48.99320982968493,8.830206964625535,6.78314594325038
glucagon_signal_inhibition,Glucagon signalling inhibition,inhibition,"u:0=none,1=max",ogtt,0.2,0.8,ok,0.0,0.0,4017.542434842203,29098.04060921966,18.69172838716716,0.12946854346768624,132.29863838816055,80.25769649391253,142.14860179244778,8.843756239306202,14701.356010763977,2650.1941528198113,96.99346869739887,49.00452003587992,8.833980509399371,6.698637243518429
glucagon_signal_inhibition,Glucagon signalling inhibition,inhibition,"u:0=none,1=max",ogtt,0.25,0.75,ok,0.0,0.0,4019.460866690725,29096.656947451822,18.41834522481379,0.14274246218602193,132.31638359112438,80.24152918012528,141.3307534306195,8.859978417124083,14704.682738625306,2651.3493113000054,96.98885649150607,49.015609128751024,8.837831037666685,6.681609067638976
glucagon_signal_inhibition,Glucagon signalling inhibition,inhibition,"u:0=none,1=max",ogtt,0.3,0.7,ok,0.0,0.0,4021.425534740775,29095.139621804476,18.27431144409303,0.12493204583613607,132.33414752244397,80.22504343241748,141.27537030187963,8.876520199369224,14708.035947575627,2652.5394901974146,96.98379873934825,49.026786491918756,8.841798300658049,6.575789872117839
glucagon_signal_inhibition,Glucagon signalling inhibition,inhibition,"u:0=none,1=max",ogtt,0.35,0.65,ok,0.0,0.0,4023.479353943282,29093.66979291389,18.28807482609219,0.14532830471192454,132.35192370159362,80.20823826637054,141.8358459207653,8.893382623247533,14711.253266998654,2653.7591277569927,96.97889930971297,49.03751088999552,8.845863759189976,6.664844558317856
glucagon_signal_inhibition,Glucagon signalling inhibition,inhibition,"u:0=none,1=max",ogtt,0.4,0.6,ok,0.0,0.0,4025.4787670339033,29092.13836976898,18.078598899130036,0.13626851160827133,132.3697043546502,80.19113341522424,141.58609678064096,8.910545980308243,14714.491142956864,2655.003944715862,96.97379456589661,49.048303809856215,8.850013149052874,6.57691942408148
glucagon_signal_inhibition,Glucagon signalling inhibition,inhibition,"u:0=none,1=max",ogtt,0.45,0.55,ok,0.0,0.0,4027.5568672231884,29090.594776270504,18.3122585902231,0.13537529534960988,132.38748207618676,80.1736395492177,141.79437304703964,8.928099655420738,14717.666444438264,2656.2822904715936,96.96864925423502,49.058888148127544,8.854274301571978,6.634391869941478
glucagon_signal_inhibition,Glucagon signalling inhibition,inhibition,"u:0=none,1=max",ogtt,0.5,0.5,ok,0.0,0.0,4029.6061481364172,29088.96616088268,18.07672395501893,0.13955555449860613,132.40526966948607,80.1558100412132,142.1881697399412,8.945990329193734,14720.782152591135,2657.5951734845125,96.9632205362756,49.06927384197045,8.858650578281708,6.595666241339124
glucagon_signal_inhibition,Glucagon signalling inhibition,inhibition,"u:0=none,1=max",ogtt,0.55,0.44999999999999996,ok,0.0,0.0,4031.872099260492,29087.33429681347,18.462599048975207,0.13925441117698475,132.42306877584085,80.13762647855934,141.7582881474826,8.964236482298105,14723.857994622038,2658.9475994743234,96.95778098937824,49.07952664874013,8.863158664914412,6.690970936851623
glucagon_signal_inhibition,Glucagon signalling inhibition,inhibition,"u:0=none,1=max",ogtt,0.6,0.4,ok,0.0,0.0,4033.98431690592,29085.65685393999,18.30920332392618,0.13844645938032404,132.44088333767462,80.1189994775806,141.7415397810069,8.982927466418303,14726.880797419864,2660.327502014405,96.95218951313329,49.08960265806621,8.867758340048017,6.65119647749505
glucagon_signal_inhibition,Glucagon signalling inhibition,inhibition,"u:0=none,1=max",ogtt,0.65,0.35,ok,0.0,0.0,4036.243084281192,29083.93379582627,18.674871800662256,0.13438990683992977,132.45868178099707,80.09998704568815,141.38749196682835,9.002005435210222,14729.864056387883,2661.7534395463413,96.94644598608757,49.099546854626276,8.87251146515447,6.726826901313896
glucagon_signal_inhibition,Glucagon signalling inhibition,inhibition,"u:0=none,1=max",ogtt,0.7,0.30000000000000004,ok,0.0,0.0,4038.524364532437,29082.13717297466,18.17798623790764,0.13579557780695245,132.47651062684716,80.08054450425699,140.9686074926326,9.021515107997388,14732.780699309682,2663.2168875942116,96.94045724324887,49.10926899769894,8.877389625314038,6.608440618714109
glucagon_signal_inhibition,Glucagon signalling inhibition,inhibition,"u:0=none,1=max",ogtt,0.75,0.25,ok,0.0,0.0,4040.925252862834,29080.33987243478,18.337669783181713,0.1410407117973644,132.4943435429478,80.06064470895697,141.27401392453106,9.041483576194665,14735.624532300426,2664.723685680233,96.93446624144926,49.11874844100142,8.882412285600775,6.67261810681162
glucagon_signal_inhibition,Glucagon signalling inhibition,inhibition,"u:0=none,1=max",ogtt,0.8,0.19999999999999996,ok,0.0,0.0,4043.3323435639986,29078.516606211306,18.51318614786466,0.13362572286892863,132.51216437554467,80.04025999960136,142.0956233481321,9.061938677932716,14738.4410683512,2666.2766291615585,96.92838868737103,49.128136894503996,8.887588763871861,6.692312793408512
glucagon_signal_inhibition,Glucagon signalling inhibition,inhibition,"u:0=none,1=max",ogtt,0.85,0.15000000000000002,ok,0.0,0.0,4045.6899058864688,29076.547705989055,18.146330125154584,0.12800689306635676,132.53003145990243,80.01937545335068,140.7131548896507,9.082895456729943,14741.175366373616,2667.8718323102908,96.92182568663019,49.137251221245386,8.89290610770097,6.574465393221566
glucagon_signal_inhibition,Glucagon signalling inhibition,inhibition,"u:0=none,1=max",ogtt,0.9,0.09999999999999998,ok,0.0,0.0,4048.248054136573,29074.59349374022,18.836328031040956,0.13846027741082362,132.54786284208845,79.9979591667853,140.31277162768765,9.104385650426622,14743.807315884414,2669.525425153147,96.91531164580073,49.14602438628138,8.898418083843824,6.7892655291434325
glucagon_signal_inhibition,Glucagon signalling inhibition,inhibition,"u:0=none,1=max",ogtt,0.95,0.050000000000000044,ok,0.0,0.0,4050.751100079095,29072.550603961623,19.15086711230346,0.13484621851723624,132.56571877738057,79.97597610075438,141.0560811662647,9.126444566200206,14746.386501664794,2671.2257925933186,96.9085020132054,49.15462167221598,8.904085975311062,6.858753370489325
glucagon_signal_inhibition,Glucagon signalling inhibition,inhibition,"u:0=none,1=max",ogtt,1.0,0.0,ok,0.0,0.0,4053.358913806038,29070.43671282289,18.622197832144803,0.13639218633934816,132.5836327447138,79.95339762730833,141.23558943652185,9.149100842203524,14748.876458735533,2672.9852768996207,96.90145570940963,49.16292152911844,8.909950922998735,6.73578965336819
insulin_secretion_inhibition,Beta-cell secretion impairment,inhibition,"u:0=none,1=max",ogtt,0.0,1.0,ok,0.0,0.0,4010.0242529079605,29103.439379829164,19.131192348604344,0.13237670560721893,132.22775593118607,80.31960679226549,140.99150446312936,8.781637416613037,14687.597932641009,2645.8115630862303,97.01146459943055,48.95865977547003,8.8193718769541,6.809072323411645
insulin_secretion_inhibition,Beta-cell secretion impairment,inhibition,"u:0=none,1=max",ogtt,0.05,0.95,ok,0.0,0.0,4153.576754026703,29359.975494814986,18.56244504873161,0.14114394851470258,134.56963565963457,80.68628170625112,142.96887956520806,8.715103255157459,14482.07938371632,2634.719068287815,97.86658498271662,48.273597945721065,8.782396894292717,6.703121684758783
insulin_secretion_inhibition,Beta-cell secretion impairment,inhibition,"u:0=none,1=max",ogtt,0.1,0.9,ok,0.0,0.0,4312.340469053362,29634.308572030863,19.61571741164376,0.14547913465320106,137.1004014433436,81.07793977282803,145.8638318106848,8.648729419019816,14271.324262021959,2623.4339094079332,98.7810285734362,47.57108087340653,8.744779698026445,6.988776403767228
insulin_secretion_inhibition,Beta-cell secretion impairment,inhibition,"u:0=none,1=max",ogtt,0.15,0.85,ok,0.0,0.0,4488.048551993786,29928.404175440883,22.58921155383165,0.2948241830481736,139.834118811555,81.49803616697332,147.73627182485052,8.582336616596436,14054.357335612454,2611.9803845348015,99.76134725146962,46.84785778537485,8.706601281782671,8.330251116508041
insulin_secretion_inhibition,Beta-cell secretion impairment,inhibition,"u:0=none,1=max",ogtt,0.2,0.8,ok,0.0,37.30180051397338,4682.64832524021,30244.93204600205,21.219857540611983,0.16002348023786603,142.78671702255522,81.95067113064665,149.2031727812331,8.515580116211865,13830.206527140368,2600.3382491450166,100.81644015334017,46.10068842380122,8.667794163816723,7.540944677486094
insulin_secretion_inhibition,Beta-cell secretion impairment,inhibition,"u:0=none,1=max",ogtt,0.25,0.75,ok,0.0,111.31836094372304,4897.1228621657265,30586.648231464398,21.580578731940065,0.1631097276518628,145.97620428987213,82.44104567070391,150.41705376664936,8.447645369391353,13597.454232054339,2588.5397159330832,101.95549410488132,45.32484744018113,8.628465719776944,7.8263023585266795
insulin_secretion_inhibition,Beta-cell secretion impairment,inhibition,"u:0=none,1=max",ogtt,0.3,0.7,ok,0.0,211.0781633815905,5134.059544784329,30957.272047055252,25.724079557317726,0.3364979132309323,149.42395141796297,82.97542111773903,151.9843133979988,8.377406503939753,13354.643119179542,2576.613912244841,103.19090682351751,44.515477063931804,8.588713040816137,9.804142602439297
insulin_secretion_inhibition,Beta-cell secretion impairment,inhibition,"u:0=none,1=max",ogtt,0.35,0.65,ok,0.0,335.6940212955649,5396.831648998661,31361.38763437725,23.5478140049637,0.1779005231694692,153.15603661980074,83.56177363660026,152.84160619026943,8.302895690947963,13100.235543173205,2564.582697810937,104.5379587812575,43.66745181057735,8.548608992703123,8.932830434930187
insulin_secretion_inhibition,Beta-cell secretion impairment,inhibition,"u:0=none,1=max",ogtt,0.4,0.6,ok,0.0,486.37866380538804,5689.184503877289,31804.38779116644,25.6998530200509,0.40983422755746507,157.20541475044317,84.21025575366757,153.15639756663742,8.220968038554545,12832.054310704463,2552.538054957937,106.01462597055479,42.773514369014876,8.508460183193124,10.767861085797215
insulin_secretion_inhibition,Beta-cell secretion impairment,inhibition,"u:0=none,1=max",ogtt,0.45,0.55,ok,0.0,666.5761047990524,6016.7948330928475,32293.573177705945,26.217263631751976,0.21249917461111686,161.61576000027208,84.9340689262551,153.69565119926418,8.126535731987317,12548.023333677549,2540.5847888827716,107.64524392568649,41.82674444559183,8.468615962942572,10.550594758102369
insulin_secretion_inhibition,Beta-cell secretion impairment,inhibition,"u:0=none,1=max",ogtt,0.5,0.5,ok,0.0,881.2966296860633,6386.24188002879,32837.941612127965,30.61638142759191,0.42294851188361937,166.44684870847414,85.75056632376182,156.25854595059022,8.011506925266929,12245.296387458147,2528.8980351972987,109.45980537375988,40.81765462486049,8.429660117324328,13.027535470766813
insulin_secretion_inhibition,Beta-cell secretion impairment,inhibition,"u:0=none,1=max",ogtt,0.55,0.44999999999999996,ok,0.0,1138.0999593164852,6808.220833043462,33450.28624968149,33.32233254151729,0.45395525020867944,171.78397576872118,86.68346900157397,155.57884366091406,7.86246488348138,11920.950661884403,2517.773433976445,111.50095416560498,39.736502206281344,8.392578113254817,14.451666121720283
insulin_secretion_inhibition,Beta-cell secretion impairment,inhibition,"u:0=none,1=max",ogtt,0.6,0.4,ok,0.0,1448.5618869155405,7326.243964550046,34147.67004342455,32.7738304039388,0.5214339769670402,177.7525964376175,87.76532748699455,157.61926780298816,7.657806886800628,11571.148310033439,2507.6573166910193,113.82556681141517,38.57049436677813,8.358857722303398,15.34793993216542
insulin_secretion_inhibition,Beta-cell secretion impairment,inhibition,"u:0=none,1=max",ogtt,0.65,0.35,ok,0.0,1829.9365633461184,7997.628927956269,34955.04003710504,35.538697719693324,0.5415584289703388,184.54308580394908,89.04290269311163,158.2788189556062,7.361430528583369,11191.584299712584,2499.3083617056664,116.51680012368347,37.30528099904195,8.331027872352221,17.045437060183907
insulin_secretion_inhibition,Beta-cell secretion impairment,inhibition,"u:0=none,1=max",ogtt,0.7,0.30000000000000004,ok,0.0,2309.5810271997907,8910.22723895967,35910.22723895967,40.497776183942534,0.5408580429127905,192.45397624620063,90.58557444460283,159.60852704416234,6.912499852483009,10776.562836065765,2493.974000366791,119.7007574631989,35.92187612021922,8.313246667889304,19.44133007524096
insulin_secretion_inhibition,Beta-cell secretion impairment,inhibition,"u:0=none,1=max",ogtt,0.75,0.25,ok,0.0,2931.7434620870213,10073.552206572265,37073.55220657226,41.95203661673228,0.6296914891388612,201.97069950358872,92.50224202005087,160.27641179192975,6.205497301248343,10317.939354765182,2493.808973480207,123.57850735524087,34.393131182550604,8.312696578267357,21.64680029657246
insulin_secretion_inhibition,Beta-cell secretion impairment,inhibition,"u:0=none,1=max",ogtt,0.8,0.19999999999999996,ok,0.0,3776.751135398445,11552.12013696337,38552.12013696336,45.07058740383516,0.7461598969231648,213.92467115162526,94.97749448987732,159.87217923881457,5.049756731691431,9802.936838297388,2502.676340585047,128.50706712321121,32.67645612765796,8.342254468616824,24.88654835504875
insulin_secretion_inhibition,Beta-cell secretion impairment,inhibition,"u:0=none,1=max",ogtt,0.85,0.15000000000000002,ok,0.0,5003.279015962358,13557.00609682827,40557.00609682826,52.642784237818596,0.8266866739962647,229.85509459661347,98.36233900324264,160.6228701603021,3.0743819715821843,9205.893393377519,2528.119886286311,135.1900203227609,30.686311311258397,8.427066287621038,29.972437651549356
insulin_secretion_inhibition,Beta-cell secretion impairment,inhibition,"u:0=none,1=max",ogtt,0.9,0.09999999999999998,ok,0.0,6993.023039353622,16593.942525355356,43593.942525355356,60.88917513214118,0.9479172403481607,253.0085939782501,102.9008638236005,164.2851333499808,0.0,8461.23984017447,2587.2934454777046,145.31314175118453,28.20413280058157,8.624311484925682,37.19968907374757
insulin_secretion_inhibition,Beta-cell secretion impairment,inhibition,"u:0=none,1=max",ogtt,0.95,0.050000000000000044,ok,0.0,11120.55243411596,22427.773142029713,49427.773142029706,72.90438294746423,1.2096197827673119,292.47106056474684,104.3735952789404,173.80754960967624,0.0,7327.700817997138,2732.7426995708774,164.75924380676568,24.425669393323794,9.109142331902925,51.60663130670124
insulin_secretion_inhibition,Beta-cell secretion impairment,inhibition,"u:0=none,1=max",ogtt,1.0,0.0,ok,0.0,69871.99151951108,84593.44991368701,111593.44991368703,140.74744676712444,1.6879322176292841,465.7161524442599,105.79997510078063,300.0,0.0,7.355682411997761,4552.251166299724,371.97816637895676,0.02451894137332587,15.174170554332413,217.87161890655165
glucagon_secretion_inhibition,Glucagon secretion suppression,inhibition,"u:0=none,1=max",ogtt,0.0,1.0,ok,0.0,0.0,4010.0242529079605,29103.439379829164,19.131192348604344,0.13237670560721893,132.22775593118607,80.31960679226549,140.99150446312936,8.781637416613037,14687.597932641009,2645.8115630862303,97.01146459943055,48.95865977547003,8.8193718769541,6.809072323411645
glucagon_secretion_inhibition,Glucagon secretion suppression,inhibition,"u:0=none,1=max",ogtt,0.05,0.95,ok,0.0,0.0,4019.057849711752,29092.768979316774,18.134327195370858,0.13637437184334691,132.18176845947673,80.24032167474701,144.1674462835856,8.493028068272821,14664.472266061017,2521.8761085688793,96.97589659772258,48.88157422020339,8.406253695229598,6.560089981162826
glucagon_secretion_inhibition,Glucagon secretion suppression,inhibition,"u:0=none,1=max",ogtt,0.1,0.9,ok,0.0,0.0,4028.698743302737,29081.42886788473,18.061271492869754,0.13412205299255991,132.13093368635754,80.1570197876412,146.79375911354606,8.181570583783909,14640.06636176838,2397.6232414270407,96.93809622628243,48.8002212058946,7.992077471423469,6.512482354757
glucagon_secretion_inhibition,Glucagon secretion suppression,inhibition,"u:0=none,1=max",ogtt,0.15,0.85,ok,0.0,0.0,4039.1061998478804,29069.462980220396,18.48726436766806,0.14703012747673924,132.07704365530697,80.06931455578001,148.96315994805684,7.855773253161189,14614.585904340576,2272.9995835803957,96.89820993406799,48.71528634780192,7.576665278601319,6.6469382651213955
glucagon_secretion_inhibition,Glucagon secretion suppression,inhibition,"u:0=none,1=max",ogtt,0.2,0.8,ok,0.0,0.0,4050.120408929778,29056.6426856799,18.136114051950152,0.1377742894271701,132.0196213439235,79.97684706671956,153.0273820850515,7.51449977358952,14588.020448913157,2147.9646593400594,96.855475618933,48.62673482971052,7.159882197800198,6.504797757413604
glucagon_secretion_inhibition,Glucagon secretion suppression,inhibition,"u:0=none,1=max",ogtt,0.25,0.75,ok,0.0,0.0,4061.9837842989673,29043.013246441977,18.198676312982315,0.13112089525398796,131.95818249849148,79.87910213147488,155.9169009904673,7.156627407188779,14560.1303753678,2022.4759754464765,96.81004415480659,48.53376791789267,6.741586584821588,6.4699377321750555
glucagon_secretion_inhibition,Glucagon secretion suppression,inhibition,"u:0=none,1=max",ogtt,0.3,0.7,ok,0.0,0.0,4074.528122204608,29028.37448683044,19.316589867378898,0.2802167630825031,131.8918480708387,79.77565688569538,159.08906998555605,6.780773734006871,14530.719630626983,1896.4855430194903,96.76124828943479,48.43573210208994,6.321618476731635,7.32128878047184
glucagon_secretion_inhibition,Glucagon secretion suppression,inhibition,"u:0=none,1=max",ogtt,0.35,0.65,ok,0.0,0.0,4088.042218358509,29012.776565301305,19.408436163666615,0.29204964583069604,131.82040517379843,79.66580612764585,161.53677906889706,6.385656005291423,14499.796555246132,1769.935454083152,96.70925521767101,48.33265518415377,5.89978484694384,7.362122687635532
glucagon_secretion_inhibition,Glucagon secretion suppression,inhibition,"u:0=none,1=max",ogtt,0.4,0.6,ok,0.0,0.0,4102.670977296521,28996.09184128984,18.579523586744756,0.14496616711963203,131.74354868650326,79.54884910305489,163.8789789392434,5.969773940389771,14467.218611533637,1642.7614784063512,96.65363947096613,48.22406203844546,5.475871594687837,6.534581649659213
glucagon_secretion_inhibition,Glucagon secretion suppression,inhibition,"u:0=none,1=max",ogtt,0.45,0.55,ok,0.0,0.0,4118.1201009603765,28977.971113214146,18.31400827477802,0.13275936382328166,131.66110663924573,79.4239329545099,168.28306339167705,5.531547165143905,14432.670347208878,1514.8939316401409,96.59323704404716,48.10890115736292,5.04964643880047,6.393748941282854
glucagon_secretion_inhibition,Glucagon secretion suppression,inhibition,"u:0=none,1=max",ogtt,0.5,0.5,ok,0.0,0.0,4134.914883505658,28958.267706864593,20.477014234548125,0.272231755941232,131.57236667550987,79.29001105028844,171.4708647124433,5.06933162531918,14395.871348989112,1386.2542576414291,96.52755902288197,47.986237829963706,4.62084752547143,7.459291593438795
glucagon_secretion_inhibition,Glucagon secretion suppression,inhibition,"u:0=none,1=max",ogtt,0.55,0.44999999999999996,ok,0.0,0.0,4153.083335486205,28937.00344308575,19.274339228335077,0.300025287502408,131.47694221406246,79.14570200736046,174.15139321040368,4.581507478993686,14356.699808557705,1256.7251292646881,96.45667814361916,47.85566602852568,4.189083764215627,7.232018726406077
glucagon_secretion_inhibition,Glucagon secretion suppression,inhibition,"u:0=none,1=max",ogtt,0.6,0.4,ok,0.0,0.0,4172.812937464326,28913.680810452257,18.148745022416275,0.12839693130324767,131.37482322640307,78.9893713127532,178.06941439628773,4.066378776890531,14314.903836788058,1126.184956163698,96.37893603484086,47.71634612262686,3.7539498538789933,6.22874834946833
glucagon_secretion_inhibition,Glucagon secretion suppression,inhibition,"u:0=none,1=max",ogtt,0.65,0.35,ok,0.0,0.0,4194.447699111067,28888.091231884006,18.46693965556944,0.13938748188514954,131.26533132218563,78.81901338354984,180.92301369684893,3.5222128619908233,14269.845002219414,994.485009432171,96.29363743961335,47.56615000739804,3.3149500314405698,6.309554698046304
glucagon_secretion_inhibition,Glucagon secretion suppression,inhibition,"u:0=none,1=max",ogtt,0.7,0.30000000000000004,ok,0.0,0.0,4218.239912958138,28859.764080297853,18.472442270576984,0.13479693261735265,131.14838927748076,78.63186706828604,184.23521893854155,2.947579479644517,14221.225823609722,861.4304369220529,96.19921360099285,47.40408607869907,2.871434789740176,6.248719730260532
glucagon_secretion_inhibition,Glucagon secretion suppression,inhibition,"u:0=none,1=max",ogtt,0.75,0.25,ok,0.0,0.0,4244.5312049053255,28828.124179897684,18.61689278346249,0.1376790631941845,131.023557342927,78.42419421950979,187.5878604756426,2.3414803549573975,14168.30261990481,726.7771632587002,96.09374726632562,47.2276753996827,2.422590544195667,6.249524692801927
glucagon_secretion_inhibition,Glucagon secretion suppression,inhibition,"u:0=none,1=max",ogtt,0.8,0.19999999999999996,ok,0.0,0.0,4274.1206151863225,28792.539938868296,18.569832346107145,0.13539464989715874,130.89117989278577,78.1910344315423,191.77515447730886,1.703493764102575,14110.380660688073,590.2071804177734,95.97513312956099,47.03460220229358,1.9673572680592448,6.182063438956121
glucagon_secretion_inhibition,Glucagon secretion suppression,inhibition,"u:0=none,1=max",ogtt,0.85,0.15000000000000002,ok,0.0,0.0,4307.72197355357,28752.05866253221,18.62001520149887,0.14026456952565997,130.75080640713597,77.924985656686,195.18587425468706,1.034862206813571,14046.270330713556,451.2895082737799,95.84019554177404,46.82090110237852,1.5042983609125997,6.161216175553519
glucagon_secretion_inhibition,Glucagon secretion suppression,inhibition,"u:0=none,1=max",ogtt,0.9,0.09999999999999998,ok,0.0,0.0,4346.45834344619,28705.121769652003,20.633122819849877,0.27269535367199643,130.60311673827312,77.35233049650228,198.96211678191358,0.6021965924072816,13974.422724050894,309.426816098778,95.68373923217335,46.58140908016964,1.0314227203292599,7.166445728807991
glucagon_secretion_inhibition,Glucagon secretion suppression,inhibition,"u:0=none,1=max",ogtt,0.95,0.050000000000000044,ok,0.0,0.0,4392.202285639743,28649.852045071097,18.561456169953594,0.12827883003684762,130.44812693050224,76.09379744201347,202.9605095958044,0.7764991064678384,13892.503393560917,163.72512838169223,95.49950681690366,46.30834464520306,0.5457504279389741,6.1046922201378
glucagon_secretion_inhibition,Glucagon secretion suppression,inhibition,"u:0=none,1=max",ogtt,1.0,0.0,ok,0.0,0.0,4448.489709302317,28582.530555825004,19.10613756686335,0.12958409435628632,130.28663652906013,74.69291226549598,206.83920209684175,1.004531177512149,13796.347593484394,12.766477716339361,95.27510185275001,45.98782531161464,0.042554925721131204,6.284755101801151
insulin_signal_global,Insulin signalling (global),potentiation,"u:0=none,1=max",ivitt,0.0,1.0,ok,595.9549220036183,0.0,2546.124580582547,13693.220238012007,15.917797342867951,0.20360366238623342,91.62112444023654,48.816397424061584,179.99999999870093,40.284847089313324,5318.478213594048,2832.2461687898854,76.0734457672824,29.54710118684684,15.734700937835143,69.18036601508939
insulin_signal_global,Insulin signalling (global),potentiation,"u:0=none,1=max",ivitt,0.05,1.1,ok,675.1219644281007,0.0,2660.669274749406,13583.324445686285,16.05845836161913,0.12424988865356557,91.76408537810784,46.78280483329168,179.99999999929665,42.32023986025925,5314.546998362647,2897.8157786559445,75.4629135874409,29.525261102130077,16.098976548151487,77.01839554503462
insulin_signal_global,Insulin signalling (global),potentiation,"u:0=none,1=max",ivitt,0.1,1.2,ok,742.4393475809605,0.0,2753.7759468626723,13494.749879913916,17.502920988140364,0.1692017561657679,91.89446458297927,45.05882213015348,179.99999999763423,44.04598036494077,5312.050200277186,2949.8351122718345,74.97083266717377,29.511390001927797,16.387972846170026,84.4636607234205
insulin_signal_global,Insulin signalling (global),potentiation,"u:0=none,1=max",ivitt,0.15,1.3,ok,804.4359313109528,0.0,2837.4023406369706,13415.689487831918,17.01526994136398,0.1499893994786893,92.01466022324463,43.47844688863904,179.99999999762733,45.62807676990933,5309.703017686958,2996.6461812216926,74.53160826671532,29.498350098649713,16.64803434033996,90.62279306148824
insulin_signal_global,Insulin signalling (global),potentiation,"u:0=none,1=max",ivitt,0.2,1.4,ok,861.6630458045738,0.0,2912.5260648206286,13344.599351730682,18.855480706028835,0.1749230631106724,92.1258031103423,42.021510814833526,179.99999999880632,47.086703885006834,5307.779309134938,3038.941982749864,74.13666306566209,29.487662828722982,16.883011015388984,97.05117891784309
insulin_signal_global,Insulin signalling (global),potentiation,"u:0=none,1=max",ivitt,0.25,1.5,ok,914.5783136371582,0.0,2980.7638087530313,13280.39684001313,18.31085541610218,0.12797695961835492,92.22885023822258,40.67448527557896,179.99999999935994,48.435394471758926,5305.952966020346,3077.1702401000925,73.77998244477975,29.47751647799563,17.095390222839082,102.15365585614676
insulin_signal_global,Insulin signalling (global),potentiation,"u:0=none,1=max",ivitt,0.3,1.6,ok,963.4952492040803,0.0,3042.7061931665767,13222.243418243446,18.89030139045131,0.1368644842215844,92.32461645527034,39.42622364297801,179.99999999743807,49.685299115490075,5304.423196985326,3111.7488854895687,73.45690788017576,29.46901776144902,17.287493808521432,107.3507714620965
insulin_signal_global,Insulin signalling (global),potentiation,"u:0=none,1=max",ivitt,0.35,1.7,ok,1008.8077337276604,0.0,3099.2390186444945,13169.40958630295,19.205373270954937,0.12933677391891224,92.41380311403614,38.26734505691129,179.9999999975975,50.84580173682533,5303.1114672012645,3143.004673011742,73.16338659154847,29.461730373733587,17.46113707252051,112.04674551923604
insulin_signal_global,Insulin signalling (global),potentiation,"u:0=none,1=max",ivitt,0.4,1.8,ok,1050.8614608068783,0.0,3151.1067212160565,13121.192733442535,19.319439113913827,0.13961144533239198,92.49701226480232,37.18966335316651,179.99999999736858,51.92509109385739,5301.9773088484835,3171.327442376698,72.89551518685752,29.455429494033297,17.61848579123922,116.42967892278322
insulin_signal_global,Insulin signalling (global),potentiation,"u:0=none,1=max",ivitt,0.45,1.9,ok,1089.868345289355,0.0,3198.4735216581475,13077.158152693242,19.896262947156725,0.1394943623769086,92.57480541707325,36.186212783292866,179.9999999991653,52.93013503615729,5301.015149451772,3196.9605846683844,72.65087862641046,29.45008416375752,17.76089213712894,120.5746245561999
insulin_signal_global,Insulin signalling (global),potentiation,"u:0=none,1=max",ivitt,0.5,2.0,ok,1125.927648437824,0.0,3241.7020660872276,13037.236881382147,20.44181147680456,0.14013319195684762,92.64760301014184,35.24986380770937,179.9999999998108,53.868064966639174,5300.416900617514,3219.7320553359887,72.4290937855325,29.446760559017143,17.887400307440963,124.4133042993122
insulin_signal_global,Insulin signalling (global),potentiation,"u:0=none,1=max",ivitt,0.55,2.1,ok,1159.1785639439352,0.0,3281.052469774392,13001.160056550068,20.21087967514967,0.15460305493389662,92.71575816668599,34.375494686481105,179.9999999995692,54.74400408885114,5300.234817207913,3239.668417153119,72.22866698100658,29.445748984558875,17.998157873115957,127.82614919037903
insulin_signal_global,Insulin signalling (global),potentiation,"u:0=none,1=max",ivitt,0.6,2.2,ok,1189.887071499664,0.0,3316.797281933971,12968.448543188773,20.400396969938395,0.14852491764963047,92.77966669737772,33.557854158049985,179.99999999698866,55.56320468673233,5300.341782378997,3257.1917818623497,72.04693635225406,29.446343235931497,18.09550989953801,131.00199867646285
insulin_signal_global,Insulin signalling (global),potentiation,"u:0=none,1=max",ivitt,0.65,2.3,ok,1218.3753043021356,0.0,3349.6981926903536,12938.660225826783,20.49965203281484,0.13955520745193883,92.83965134014896,32.79215352115935,179.9999999999816,56.33045684037427,5300.715549141092,3272.6117060350425,71.88144569904503,29.448419717453522,18.181176144640983,133.916493124498
insulin_signal_global,Insulin signalling (global),potentiation,"u:0=none,1=max",ivitt,0.7,2.4,ok,1244.786043737736,0.0,3379.7101200563748,12911.519884062542,19.2435069126929,0.1242352568319364,92.89598815517391,32.07423512297687,179.99999999937188,57.04991378655423,5301.31292734322,3286.131357650925,71.73066602281999,29.451738485342883,18.256285320346624,136.2542068880205
insulin_signal_global,Insulin signalling (global),potentiation,"u:0=none,1=max",ivitt,0.75,2.5,ok,1269.3345487725587,0.0,3407.3489044168355,12886.718620914777,21.018952627392217,0.1422295248817693,92.94896346485667,31.400273913107306,179.99999999848393,57.72539619807808,5302.115074032205,3297.9690615469367,71.59288122790731,29.456194855982567,18.322050342081745,139.2924536296216
insulin_signal_global,Insulin signalling (global),potentiation,"u:0=none,1=max",ivitt,0.8,2.6,ok,1292.1649855725707,0.0,3432.6445604804253,12864.096399395357,21.639288300811728,0.13370390912121155,92.99882878958158,30.766837797332613,179.99999999963848,58.36034030700158,5303.088820438417,3308.2577763700106,71.46720221900664,29.46160455805038,18.379209868759194,141.7599819824686
insulin_signal_global,Insulin signalling (global),potentiation,"u:0=none,1=max",ivitt,0.85,2.7,ok,1313.4239283345446,0.0,3456.111415142662,12843.326809046783,21.003954768670273,0.12610409511479068,93.0457680907788,30.17076391218578,179.99999999934096,58.95790962576591,5304.217777283289,3317.209408335197,71.3518156060767,29.46787654057061,18.428941157485237,143.7564087771485
insulin_signal_global,Insulin signalling (global),potentiation,"u:0=none,1=max",ivitt,0.9,2.8,ok,1333.298164457007,0.0,3477.738689264579,12824.28882491306,20.901465043942213,0.1309401624620027,93.0900200491616,29.609194562665003,179.99999999795523,59.520963001738416,5305.484869741984,3324.954370331472,71.24604902810411,29.474915943345852,18.471968724273573,145.79386726268598
insulin_signal_global,Insulin signalling (global),potentiation,"u:0=none,1=max",ivitt,0.95,2.9,ok,1351.850209213118,0.0,3497.6867786641014,12806.821993780668,21.089862121485595,0.13337718438654847,93.13177375145177,29.079585938688368,179.99999999766135,60.052044851462696,5306.875705116046,3331.6114266708933,71.14901107748368,29.48264280658331,18.50895237063433,147.75903450006058
insulin_signal_global,Insulin signalling (global),potentiation,"u:0=none,1=max",ivitt,1.0,3.0,ok,1369.2201474037872,0.0,3516.08539566887,12790.747086303467,22.21062118907621,0.15291761385470254,93.17117635311617,28.579774031874315,179.99999999678136,60.55332027968861,5308.362302006939,3337.300050351247,71.05970603628991,29.490901678343665,18.540555835616235,149.90451411232627
glucagon_signal_hepatic,Glucagon signalling (hepatic HGP),potentiation,"u:0=none,1=max",ivitt,0.0,1.0,ok,595.9549220036183,0.0,2546.124580582547,13693.220238012007,15.917797342867951,0.20360366238623342,91.62112444023654,48.816397424061584,179.99999999870093,40.284847089313324,5318.478213594048,2832.2461687898854,76.0734457672824,29.54710118684684,15.734700937835143,69.18036601508939
glucagon_signal_hepatic,Glucagon signalling (hepatic HGP),potentiation,"u:0=none,1=max",ivitt,0.05,1.1,ok,585.5354009687845,0.0,2522.083760012828,13716.270855451825,15.258343861908065,0.12452648808170289,91.5767268040195,48.909007881916686,179.99999999884122,40.19213843819012,5325.907741359188,2810.6390418349183,76.2015047530007,29.588376341074856,15.614661343627846,67.64797143334039
glucagon_signal_hepatic,Glucagon signalling (hepatic HGP),potentiation,"u:0=none,1=max",ivitt,0.1,1.2,ok,575.9205713689896,0.0,2499.586710734837,13737.826536238495,15.028138981836479,0.12246303693571338,91.5354436024747,48.9980875852551,179.9999999996712,40.102964234423446,5332.964364180627,2790.794554225903,76.32125853479772,29.627579801057603,15.504414190172229,66.61176691197308
glucagon_signal_hepatic,Glucagon signalling (hepatic HGP),potentiation,"u:0=none,1=max",ivitt,0.15,1.3,ok,567.0694873179083,0.0,2478.5162049241876,13758.069879180064,15.037147299418406,0.12682386212614047,91.4969832698859,49.08338719327061,179.9999999979541,40.01757358730842,5339.626285462013,2772.467598064869,76.43372155186911,29.664590475126133,15.402597767202119,65.73781592817527
glucagon_signal_hepatic,Glucagon signalling (hepatic HGP),potentiation,"u:0=none,1=max",ivitt,0.2,1.4,ok,558.8077292814764,0.0,2458.6235230419716,13777.201178198538,15.081430467237338,0.12895027483682553,91.46107863991608,49.165108220155346,179.99999999926155,39.935764767201604,5345.93476926107,2755.449426049131,76.54000654586144,29.699637607127787,15.308052367002418,64.92303695684392
glucagon_signal_hepatic,Glucagon signalling (hepatic HGP),potentiation,"u:0=none,1=max",ivitt,0.25,1.5,ok,551.115947234874,0.0,2439.603683515192,13795.348927846293,15.07255073443606,0.19471010839585862,91.42749467218218,49.243753191642405,179.9999999994784,39.857035053275105,5351.983720276739,2739.5809746707173,76.64082737714594,29.73324289051249,15.21989430377031,64.40680670076217
glucagon_signal_hepatic,Glucagon signalling (hepatic HGP),potentiation,"u:0=none,1=max",ivitt,0.3,1.6,ok,543.9141636345079,0.0,2421.695682255836,13812.562354668036,15.426415900804395,0.16143236020219606,91.39602687890714,49.31963712723095,179.99999999924458,39.78106925475397,5357.693763857829,2724.735318829368,76.73645752625558,29.764965354890634,15.137418438004463,63.63438858267319
glucagon_signal_hepatic,Glucagon signalling (hepatic HGP),potentiation,"u:0=none,1=max",ivitt,0.35,1.7,ok,537.1333623938121,0.0,2404.7129557854255,13828.959415903624,14.494491480397588,0.10795477441555176,91.36650111804886,49.39305326633521,179.9999999996399,39.70757396423425,5363.019519541836,2710.783964332024,76.82755231072939,29.794552886403142,15.059910912985817,62.50206883191338
glucagon_signal_hepatic,Glucagon signalling (hepatic HGP),potentiation,"u:0=none,1=max",ivitt,0.4,1.8,ok,530.7462049460839,0.0,2388.4985020852096,13844.610804447799,14.123449778014399,0.10938326509140768,91.3387387423787,49.464166905984875,179.99999999959684,39.636383749148756,5368.206148604611,2697.6526994036335,76.91450446932672,29.823367492314638,14.986959441164865,61.76918922182096
glucagon_signal_hepatic,Glucagon signalling (hepatic HGP),potentiation,"u:0=none,1=max",ivitt,0.45,1.9,ok,524.7097576992996,0.0,2372.916625965687,13859.605488864612,14.926866590975157,0.1965028760862149,91.312606917985,49.53318795951108,179.9999999993743,39.56728855485977,5373.252300103579,2685.255329879356,76.99780827173772,29.851401667345872,14.918085166048279,61.70796945232211
glucagon_signal_hepatic,Glucagon signalling (hepatic HGP),potentiation,"u:0=none,1=max",ivitt,0.5,2.0,ok,518.9780191743056,0.0,2358.0393582696506,13873.951866776682,14.453014768915564,0.1390964728113169,91.28797066143287,49.60043664274711,179.99999999973105,39.49996801521361,5377.924850253031,2673.5132645769268,77.07751037109674,29.877360279228146,14.852851469894008,60.77997649430185
glucagon_signal_hepatic,Glucagon signalling (hepatic HGP),potentiation,"u:0=none,1=max",ivitt,0.55,2.1,ok,513.5434469769368,0.0,2343.7781189748634,13887.76436095582,14.888106056571118,0.1875772766656882,91.26471128557672,49.66587996738934,179.9999999994731,39.43445504746928,5382.555542324366,2662.3711874646538,77.1542464499804,29.90308634633401,14.790951041513596,60.532665848453576
glucagon_signal_hepatic,Glucagon signalling (hepatic HGP),potentiation,"u:0=none,1=max",ivitt,0.6,2.2,ok,508.38267341508094,0.0,2330.0192021780076,13901.045998814467,14.854393989120284,0.19233736076676802,91.24272596383372,49.72982921734975,179.9999999968921,39.370438224247884,5386.959373181491,2651.7754636187196,77.22803332808047,29.92755207374724,14.732085909247253,60.02080087332252
glucagon_signal_hepatic,Glucagon signalling (hepatic HGP),potentiation,"u:0=none,1=max",ivitt,0.65,2.3,ok,503.43546430588407,0.0,2316.879056308594,13913.811316189007,14.199541351871147,0.10893276585173414,91.22191807117414,49.79241869489369,179.99999999857633,39.30778311635054,5391.09300081601,2641.68329941324,77.29895175721697,29.950516671436944,14.676018330189633,59.02248445179349
glucagon_signal_hepatic,Glucagon signalling (hepatic HGP),potentiation,"u:0=none,1=max",ivitt,0.7,2.4,ok,498.7088623990271,0.0,2304.0671813790386,13926.163114206698,14.766686916458736,0.12772380461462607,91.20220050803074,49.85363394841089,179.999999999393,39.24650421045399,5395.159945608817,2632.044804765076,77.36757285696478,29.97311080903895,14.622471137633067,58.76064862494649
glucagon_signal_hepatic,Glucagon signalling (hepatic HGP),potentiation,"u:0=none,1=max",ivitt,0.75,2.5,ok,494.19030639602636,0.0,2291.8088302196966,13938.066690191896,14.766325261321116,0.12941407677104394,91.18349623222696,49.913595125499796,179.99999999898162,39.18648119363259,5399.083926790405,2622.8390173540515,77.43370383483752,29.994910704560837,14.571327874271615,58.30946310857459
glucagon_signal_hepatic,Glucagon signalling (hepatic HGP),potentiation,"u:0=none,1=max",ivitt,0.8,2.6,ok,489.8617257022695,0.0,2279.9249621354024,13949.620434216858,14.989394486650088,0.1301661946003419,91.16573336078636,49.97254734964687,179.999999997583,39.127468776234345,5402.866988686621,2614.0199741637325,77.49789130224539,30.015927715328722,14.522333189993518,57.92948126186436
glucagon_signal_hepatic,Glucagon signalling (hepatic HGP),potentiation,"u:0=none,1=max",ivitt,0.85,2.7,ok,485.6984373296625,0.0,2268.4771086977707,13960.75183726345,14.444332010920018,0.1303300577272948,91.14884201180585,50.03040997631516,179.99999999899836,39.069547851541905,5406.532016039076,2605.569500047181,77.55973242967298,30.036288978162005,14.475386111453778,57.37175186212091
glucagon_signal_hepatic,Glucagon signalling (hepatic HGP),potentiation,"u:0=none,1=max",ivitt,0.9,2.8,ok,481.69499305595514,0.0,2257.3161588127014,13971.596928238036,14.453607233120794,0.11505412809979673,91.13276822317607,50.0873110308638,179.99999999765586,39.01258991975183,5410.068169093694,2597.4505460034106,77.6199829356666,30.055934273134167,14.430280811317985,56.90692838827583
glucagon_signal_hepatic,Glucagon signalling (hepatic HGP),potentiation,"u:0=none,1=max",ivitt,0.95,2.9,ok,477.8349511021902,0.0,2246.6109518089743,13982.0862892025,14.366365250242271,0.12618232254705056,91.11745603027504,50.143406413256045,179.99999999730863,38.956439376243566,5413.489857765122,2589.6484898627455,77.67825716339756,30.07494365470036,14.386936055008144,56.538013062623044
glucagon_signal_hepatic,Glucagon signalling (hepatic HGP),potentiation,"u:0=none,1=max",ivitt,1.0,3.0,ok,474.1192593750097,0.0,2236.066022605433,13992.307668476034,14.802729888575906,0.1304138290955689,91.10285493183926,50.19870135410351,179.99999999983754,38.90109090541413,5416.791376335874,2582.133591579698,77.7350426027148,30.093285424115347,14.345186619900158,56.28692782171502
insulin_secretion,Beta-cell insulin secretion capacity,potentiation,"u:0=none,1=max",ivitt,0.0,1.0,ok,595.9549220036183,0.0,2546.124580582547,13693.220238012007,15.917797342867951,0.20360366238623342,91.62112444023654,48.816397424061584,179.99999999870093,40.284847089313324,5318.478213594048,2832.2461687898854,76.0734457672824,29.54710118684684,15.734700937835143,69.18036601508939
insulin_secretion,Beta-cell insulin secretion capacity,potentiation,"u:0=none,1=max",ivitt,0.05,1.1,ok,660.0561976391991,0.0,2746.451147424717,13455.889795128995,15.071493810116648,0.11987018929580517,90.37855070594844,47.79031949172139,179.99999999737264,39.9430084646,5351.804511876375,2915.3068046389803,74.75494330736335,29.732247288636067,16.196148914897407,75.00992196697486
insulin_secretion,Beta-cell insulin secretion capacity,potentiation,"u:0=none,1=max",ivitt,0.1,1.2,ok,723.1244813125325,0.0,2958.68214499257,13241.317854898041,15.107130273170098,0.1140209366228605,89.24576645862635,46.851351737019385,179.99999999878455,39.61635501502441,5381.316432188677,2996.263142957493,73.56287697215252,29.89620240125008,16.645906349876253,81.26971008916092
insulin_secretion,Beta-cell insulin secretion capacity,potentiation,"u:0=none,1=max",ivitt,0.15,1.3,ok,784.9244386879202,0.0,3154.0201944173573,13045.97980557489,15.299692307514489,0.18458473749139195,88.20239158903502,45.990784561375136,179.99999999991385,39.32117176304577,5408.099320437507,3074.6614973779288,72.47766558656186,30.044996224667198,17.08145276321889,87.75068904491287
insulin_secretion,Beta-cell insulin secretion capacity,potentiation,"u:0=none,1=max",ivitt,0.2,1.4,ok,845.3807540880767,0.0,3333.0267510192934,12866.973248811577,15.197442398271765,0.1819365932703689,87.23391950157126,45.19841422147638,179.99999999812078,39.06324882007682,5432.644153353805,3150.3273583151627,71.48318471636617,30.181356407836237,17.501818657489178,93.73447277000253
insulin_secretion,Beta-cell insulin secretion capacity,potentiation,"u:0=none,1=max",ivitt,0.25,1.5,ok,904.544507910487,0.0,3497.9987121394925,12702.001287795385,14.686472473580963,0.11134685055427282,86.32929948689154,44.465229240856225,179.9999999992764,38.84550711490231,5455.458319566038,3223.2326227997264,70.56667382136915,30.308101775488716,17.90684790451491,99.21906676153593
insulin_secretion,Beta-cell insulin secretion capacity,potentiation,"u:0=none,1=max",ivitt,0.3,1.6,ok,962.4795946507891,0.0,3650.826133286264,12549.173866709427,14.667905778975921,0.11573878125020712,85.47995204196394,43.78350930582259,179.99999999995214,38.66854042312336,5477.098396869112,3293.4304153118946,69.71763259284869,30.428324427058712,18.2968356406265,105.00789489420647
insulin_secretion,Beta-cell insulin secretion capacity,potentiation,"u:0=none,1=max",ivitt,0.35,1.7,ok,1019.2039261455891,0.0,3793.047567760458,12406.952432129092,14.480480097019653,0.10806753814547805,84.67912286363276,43.14674979828389,179.99999999877278,38.531192968703195,5497.740641188592,3360.9822516249906,68.92751351229823,30.543003562367083,18.67212362026614,110.58913822437775
insulin_secretion,Beta-cell insulin secretion capacity,potentiation,"u:0=none,1=max",ivitt,0.4,1.8,ok,1074.7983249147455,0.0,3925.883265768609,12274.11673418661,14.568804796463521,0.10696840314465929,83.92139062345177,42.55001598756832,179.9999999995024,38.4305893346966,5517.591651400266,3425.954145032276,68.18953741233634,30.653286952308438,19.03307858356526,116.15628538936947
insulin_secretion,Beta-cell insulin secretion capacity,potentiation,"u:0=none,1=max",ivitt,0.45,1.9,ok,1129.2613123811484,0.0,4050.3502918564946,12149.649707967657,14.433794138727196,0.15715108361910368,83.20234969842629,41.98922785252275,179.99999999804615,38.363105451726604,5536.871526589799,3488.428014738077,67.49805393388633,30.760397370277225,19.380155637644126,121.76289401416724
insulin_secretion,Beta-cell insulin secretion capacity,potentiation,"u:0=none,1=max",ivitt,0.5,2.0,ok,1182.6401611910292,0.0,4167.303105738956,12032.696894115306,13.925087723869156,0.1671938352241906,82.51837935307016,41.46112760227403,179.9999999983807,38.32460287164645,5555.497605315777,3548.47148636921,66.84831607901974,30.863875585365303,19.71373048000629,127.01000032099309
insulin_secretion,Beta-cell insulin secretion capacity,potentiation,"u:0=none,1=max",ivitt,0.55,2.1,ok,1234.948182592509,0.0,4277.443734534843,11922.556265299547,14.3747033208426,0.10055311796846177,81.86643518324836,40.963487259370346,179.9999999981599,38.31033811327756,5573.5468450409335,3606.156960713797,66.23642369678572,30.964149139432838,20.03420533750368,132.08529157098604
insulin_secretion,Beta-cell insulin secretion capacity,potentiation,"u:0=none,1=max",ivitt,0.6,2.2,ok,1286.1508524136452,0.0,4381.366020240493,11818.633979744647,14.070294691221472,0.11179651068094669,81.24392320930976,40.49409810387211,179.9999999998349,38.316045105199755,5591.257184001717,3661.5732063355563,65.65907766530826,31.06253991114914,20.342073368549528,137.1750730305852
insulin_secretion,Beta-cell insulin secretion capacity,potentiation,"u:0=none,1=max",ivitt,0.65,2.3,ok,1336.286690393782,0.0,4479.54482084795,11720.455179052471,14.048525827556842,0.15969977955621772,80.64864523829765,40.05156193506784,179.99999999889354,38.337178376844136,5608.603147265647,3714.760067691661,65.11363988402509,31.15890637388957,20.637555931747197,142.37701116517843
insulin_secretion,Beta-cell insulin secretion capacity,potentiation,"u:0=none,1=max",ivitt,0.7,2.4,ok,1385.292248304493,0.0,4572.485323015995,11627.514676851657,14.156993836261188,0.10121878870873831,80.07864430341468,39.63450825310924,179.9999999985295,38.36971646215594,5625.461871342103,3765.8131064567483,64.59730376081471,31.25256595215589,20.921183924930627,147.07408155637268
insulin_secretion,Beta-cell insulin secretion capacity,potentiation,"u:0=none,1=max",ivitt,0.75,2.5,ok,1433.2369968509229,0.0,4660.5577438026485,11539.442255984348,14.18493597318413,0.1014619295674895,79.53219531831134,39.24165395603037,179.99999999763327,38.41007200229701,5642.028608839152,3814.8110885743818,64.1080125340893,31.34460338285187,21.193394936803006,151.8806158614882
insulin_secretion,Beta-cell insulin secretion capacity,potentiation,"u:0=none,1=max",ivitt,0.8,2.6,ok,1480.147861883137,0.0,4744.130602997299,11455.869396940167,13.961123767741736,0.09402014055098863,79.00776902489098,38.87191567664379,179.99999999930517,38.45498136846137,5658.242547678696,3861.837873631869,63.64371887213549,31.43468082055854,21.4546548535932,156.4905368729741
insulin_secretion,Beta-cell insulin secretion capacity,potentiation,"u:0=none,1=max",ivitt,0.85,2.7,ok,1525.973085825035,0.0,4823.542782217411,11376.457217627261,14.071080355794974,0.10054854309546685,78.50397203888218,38.52406329297495,179.99999999827412,38.501812779676875,5674.1065427742815,3906.9883698872836,63.20254009853523,31.522814126826034,21.70549094402636,161.1314069937934
insulin_secretion,Beta-cell insulin secretion capacity,potentiation,"u:0=none,1=max",ivitt,0.9,2.8,ok,1570.812256655839,0.0,4899.083585539989,11300.916414252712,13.619154791861423,0.10750392122815526,78.01953011003732,38.19694061182466,179.99999999769668,38.54830280670143,5689.65094995893,3950.340322940354,62.782868968874006,31.60917194462076,21.94633512772724,165.53487319123766
insulin_secretion,Beta-cell insulin secretion capacity,potentiation,"u:0=none,1=max",ivitt,0.95,2.9,ok,1614.6612081160406,0.0,4971.01903253702,11228.980967112615,13.532438699189255,0.12026823494763991,77.55330335434782,37.889466428239544,179.99999999610705,38.59252522767399,5704.931401809674,3991.9898222720476,62.383227596419275,31.69406334407254,22.17772123532436,169.95362713829488
insulin_secretion,Beta-cell insulin secretion capacity,potentiation,"u:0=none,1=max",ivitt,1.0,3.0,ok,1657.5648346635494,0.0,5039.650763013524,11160.349236906091,13.964694093231628,0.10606049923114481,77.1041976103286,37.60046669219338,179.99999999910685,38.6330070494531,5719.712456271618,4032.0246809841174,62.00194020534149,31.77618031277777,22.400137116689578,174.29932713289557
glucagon_secretion,Alpha-cell glucagon secretion capacity,potentiation,"u:0=none,1=max",ivitt,0.0,1.0,ok,595.9549220036183,0.0,2546.124580582547,13693.220238012007,15.917797342867951,0.20360366238623342,91.62112444023654,48.816397424061584,179.99999999870093,40.284847089313324,5318.478213594048,2832.2461687898854,76.0734457672824,29.54710118684684,15.734700937835143,69.18036601508939
glucagon_secretion,Alpha-cell glucagon secretion capacity,potentiation,"u:0=none,1=max",ivitt,0.05,1.1,ok,576.9676633178213,0.0,2495.612628573868,13760.125464302278,15.336956830762949,0.12391200386127998,91.93246993653203,49.13676105469214,179.9999999984162,40.222918274078104,5362.234765298825,3055.402428689706,76.44514146901862,29.790193140811148,16.97445793731439,66.81170678680226
glucagon_secretion,Alpha-cell glucagon secretion capacity,potentiation,"u:0=none,1=max",ivitt,0.1,1.2,ok,560.6895408264503,0.0,2453.541783739154,13819.196419880302,15.292093418944765,0.11885645275636728,92.20959064896356,49.42236879475382,179.99999999878835,40.173691763019036,5401.827701307806,3276.7207121552265,76.77331344429625,30.010153896356485,18.20400395654046,65.14776056058092
glucagon_secretion,Alpha-cell glucagon secretion capacity,potentiation,"u:0=none,1=max",ivitt,0.15,1.3,ok,546.629218195811,0.0,2418.1010812711334,13871.597800310316,15.288648078097351,0.19691543180281157,92.45817848538418,49.67795043754083,179.99999999730065,40.136487306763584,5437.896746077049,3496.671401929905,77.06443222510188,30.21053747865888,19.425952233235236,64.0496012047419
glucagon_secretion,Alpha-cell glucagon secretion capacity,potentiation,"u:0=none,1=max",ivitt,0.2,1.4,ok,534.3839896302354,0.0,2388.085072795596,13918.442740316279,15.388004285300974,0.12221328140310499,92.68271277510553,49.90799849724489,179.99999999760064,40.109755675139965,5470.611848369619,3715.52281767756,77.32468189167672,30.392288046903005,20.64179343181715,62.54864696637373
glucagon_secretion,Alpha-cell glucagon secretion capacity,potentiation,"u:0=none,1=max",ivitt,0.25,1.5,ok,523.6636262200078,0.0,2363.243554441701,13960.390565071833,14.946850438437787,0.10941215530148521,92.88660571749779,50.11579165604681,179.99999999890878,40.09252516303579,5500.663227264838,3933.6500761274388,77.55772536198037,30.55924015165658,21.85361153417381,61.31360012895381
glucagon_secretion,Alpha-cell glucagon secretion capacity,potentiation,"u:0=none,1=max",ivitt,0.3,1.6,ok,514.1956591961024,0.0,2342.1113771239416,13998.135182587215,13.627611128772209,0.1392643081614878,93.07268505806657,50.30456114458526,179.9999999993224,40.083404883515875,5528.358090622502,4151.255795578869,77.76741768133283,30.71310050357396,23.0625321977472,60.15569064284298
glucagon_secretion,Alpha-cell glucagon secretion capacity,potentiation,"u:0=none,1=max",ivitt,0.35,1.7,ok,505.85370572324354,0.0,2324.0494659072433,14032.182067915237,15.263416824182611,0.1319211751353603,93.24320867946953,50.4756745656883,179.99999999930787,40.08251573476304,5553.709556872745,4368.514503098983,77.9565670442733,30.853941982745003,24.269525017309896,59.70118081450068
glucagon_secretion,Alpha-cell glucagon secretion capacity,potentiation,"u:0=none,1=max",ivitt,0.4,1.8,ok,498.4238274553468,0.0,2308.697437108083,14062.993337726562,14.86370545681982,0.11878842939661396,93.4000231871789,50.63204654544027,179.99999999879842,40.08816096053861,5577.2056867275305,4585.630910884996,78.1277407656691,30.984476037582006,25.475727282864487,58.80649042202232
glucagon_secretion,Alpha-cell glucagon secretion capacity,potentiation,"u:0=none,1=max",ivitt,0.45,1.9,ok,491.8172635267825,0.0,2295.6467479241205,14090.898191244863,14.9594105795124,0.17947357801603656,93.544662193679,50.77570502840114,179.99999999831147,40.09931825031507,5599.0016888711225,4802.733195395441,78.28276772987248,31.105564938464696,26.681851085780522,58.41380496015298
glucagon_secretion,Alpha-cell glucagon secretion capacity,potentiation,"u:0=none,1=max",ivitt,0.5,2.0,ok,485.9347609159644,0.0,2284.2867037181413,14116.228045332868,15.500353047577722,0.1294341019212069,93.67839775897248,50.906096859318644,179.99999999912396,40.11737684756421,5619.120184249686,5019.92228700142,78.42348914111983,31.21733435709463,27.88845715014362,57.762623301154974
glucagon_secretion,Alpha-cell glucagon secretion capacity,potentiation,"u:0=none,1=max",ivitt,0.55,2.1,ok,480.6599972841225,0.0,2274.595592044182,14139.199595183603,13.59921600852521,0.1394869153837465,93.80233046392904,51.027478777020725,179.99999999826377,40.13877966336026,5637.936864312242,5237.363661540298,78.55110886288881,31.321871468703463,29.09646478661565,56.80239680791031
glucagon_secretion,Alpha-cell glucagon secretion capacity,potentiation,"u:0=none,1=max",ivitt,0.6,2.2,ok,475.9636237675669,0.0,2266.377946424314,14160.099434917804,15.417832553015927,0.1331572587623818,93.91738222940937,51.137086616510665,179.99999999971055,40.166880060368506,5655.268504400365,5455.028640844711,78.66721908300319,31.418158357830325,30.30571467140824,56.7650847788652
glucagon_secretion,Alpha-cell glucagon secretion capacity,potentiation,"u:0=none,1=max",ivitt,0.65,2.3,ok,471.7155322354173,0.0,2259.2934102836025,14179.141118194151,15.755273917339027,0.13405739746698078,94.02437415678024,51.23858135389721,179.99999999869402,40.198513221432016,5671.493703897027,5673.067202004118,78.77300621276126,31.50829835521209,31.51704001136266,56.4315776470913
glucagon_secretion,Alpha-cell glucagon secretion capacity,potentiation,"u:0=none,1=max",ivitt,0.7,2.4,ok,467.9094898195202,0.0,2253.280484506028,14196.445033461767,15.91231999217167,0.19330826558416095,94.12397027772941,51.33250937219389,179.99999999926524,40.23355280164633,5686.678641413777,5891.540173103451,78.86913907510953,31.59265911909439,32.73077873959722,56.33091837322472
glucagon_secretion,Alpha-cell glucagon secretion capacity,potentiation,"u:0=none,1=max",ivitt,0.75,2.5,ok,464.48423824496086,0.0,2248.1496768568513,14212.203856994383,15.312734130445468,0.13312448221388148,94.2168012269165,51.41880603190857,179.99999999931592,40.27241835711819,5700.7148530749255,6110.421524466753,78.95668809471331,31.670638072758837,33.94678624716653,55.60182216572774
glucagon_secretion,Alpha-cell glucagon secretion capacity,potentiation,"u:0=none,1=max",ivitt,0.8,2.6,ok,461.40062316403464,0.0,2243.8451756843106,14226.521920153978,13.104341637201475,0.10686481942761045,94.30338622623148,51.49872381319543,179.99999999872628,40.314160621585195,5713.889693776894,6329.852877109676,79.03623289030361,31.743831632318482,35.16584931752482,54.64067074687311
glucagon_secretion,Alpha-cell glucagon secretion capacity,potentiation,"u:0=none,1=max",ivitt,0.85,2.7,ok,458.61953781637703,0.0,2240.1042119852577,14239.607957353093,15.81736393950654,0.196075411454801,94.38421369572083,51.57235634981971,179.99999999629566,40.35894235555654,5726.291937655307,6549.753007182838,79.10893309803411,31.812732987628625,36.38751670732017,55.40230973375386
glucagon_secretion,Alpha-cell glucagon secretion capacity,potentiation,"u:0=none,1=max",ivitt,0.9,2.8,ok,456.11694626504385,0.0,2237.0801436651145,14251.493715377923,13.573954270135253,0.09988356188580765,94.45970751474911,51.64043198794556,179.99999999966366,40.40625231339753,5737.716841234439,6770.205166213028,79.17496508558085,31.876204673584223,37.61225092347599,54.211331576713064
glucagon_secretion,Alpha-cell glucagon secretion capacity,potentiation,"u:0=none,1=max",ivitt,0.95,2.9,ok,453.8618718546508,0.0,2234.636066208185,14262.293111441375,15.03413738231675,0.1388875568823601,94.53022021103101,51.703865679862524,179.9999999994285,40.45536194788274,5748.487277614495,6991.222102081658,79.23496173048143,31.936040431293037,38.84012278946586,54.511965742649544
glucagon_secretion,Alpha-cell glucagon secretion capacity,potentiation,"u:0=none,1=max",ivitt,1.0,3.0,ok,451.81324639206036,0.0,2232.613954886805,14272.102540058848,15.142063056505885,0.13920800829839808,94.59611340785804,51.76250438057832,179.9999999980082,40.50658189871184,5758.581873097839,7212.8160388923425,79.28945855675987,31.992121517564225,40.071200216511976,54.34065633416111
insulin_signal_global_inhibition,Insulin signalling inhibition,inhibition,"u:0=none,1=max",ivitt,0.0,1.0,ok,595.9549220036183,0.0,2546.124580582547,13693.220238012007,15.917797342867951,0.20360366238623342,91.62112444023654,48.816397424061584,179.99999999870093,40.284847089313324,5318.478213594048,2832.2461687898854,76.0734457672824,29.54710118684684,15.734700937835143,69.18036601508939
insulin_signal_global_inhibition,Insulin signalling inhibition,inhibition,"u:0=none,1=max",ivitt,0.05,0.95,ok,545.6147008720072,0.0,2469.4912043636587,13767.707470366495,15.557218207279595,0.18828476304544853,91.54255740614184,50.10536620335475,179.99999999872847,38.99495870605756,5321.8819501545195,2786.3600954958033,76.48726372479861,29.566010834400632,15.479778308419368,63.86591089910018
insulin_signal_global_inhibition,Insulin signalling inhibition,inhibition,"u:0=none,1=max",ivitt,0.1,0.9,ok,494.8410651941656,0.0,2390.0100124854425,13844.82674394128,13.892384869474128,0.10300227632205809,91.45968931205734,51.42749084658434,179.99999999908908,37.67190124312524,5325.193501336309,2740.2112196829084,76.91570413339635,29.58440834090699,15.223395664982087,57.89887916086451
insulin_signal_global_inhibition,Insulin signalling inhibition,inhibition,"u:0=none,1=max",ivitt,0.15,0.85,ok,443.79052577682455,0.0,2307.78698176964,13924.628019617066,14.106436429869964,0.1813418780013913,91.37221281870187,52.784931464809766,179.99999999707265,36.313512311733014,5328.69155557376,2694.0020695635126,77.35904455468624,29.603841975891225,14.96667816448514,53.02483381280746
insulin_signal_global_inhibition,Insulin signalling inhibition,inhibition,"u:0=none,1=max",ivitt,0.2,0.8,ok,392.7292673197399,0.0,2222.7748783105817,14007.068591380219,13.428608480665476,0.11857974235119818,91.27983663263106,54.18071992723365,179.99999999865824,34.916758114649554,5331.972121612648,2647.889295909591,77.81704773047016,29.6220673425133,14.710496088496273,47.35850283677835
insulin_signal_global_inhibition,Insulin signalling inhibition,inhibition,"u:0=none,1=max",ivitt,0.25,0.75,ok,341.8734312732811,0.0,2134.7338533738157,14092.192426763137,12.880917353514187,0.11063411233560355,91.18228321000808,55.618266591244605,179.99999999866654,33.47822733013824,5335.323541185621,2602.064329429226,78.28995792704185,29.6406863401397,14.455912941380568,41.960337004692654
insulin_signal_global_inhibition,Insulin signalling inhibition,inhibition,"u:0=none,1=max",ivitt,0.3,0.7,ok,291.53504684256063,0.0,2044.0340240277146,14179.974707745947,12.012001297715727,0.11010912049195017,91.07932517900842,57.10128262045879,179.99999999999045,31.994203838986493,5338.681878932272,2556.70518773227,78.77763726525944,29.65934377184753,14.203917709624477,36.55874370843442
insulin_signal_global_inhibition,Insulin signalling inhibition,inhibition,"u:0=none,1=max",ivitt,0.35,0.65,ok,242.080832954005,0.0,1950.4354238815044,14270.449023892543,11.582641153141818,0.1048696794980234,90.97078197772025,58.633875296837,179.99999999908752,30.460581537508908,5342.057063052911,2511.952293514906,79.28027235536047,29.678094794888843,13.955290519598,31.331639204413587
insulin_signal_global_inhibition,Insulin signalling inhibition,inhibition,"u:0=none,1=max",ivitt,0.4,0.6,ok,193.97711363351254,0.0,1853.9948221655904,14363.646748029585,11.00300209716057,0.11047527433784154,90.85654398132593,60.21951891514592,179.99999999891395,28.873879424014326,5345.520183840754,2467.9488522954584,79.79803748953472,29.697334354850035,13.710826957279718,26.240087266992216
insulin_signal_global_inhibition,Insulin signalling inhibition,inhibition,"u:0=none,1=max",ivitt,0.45,0.55,ok,147.8416127601003,0.0,1754.5436066794628,14459.722450895228,10.293100713303739,0.10305649493015906,90.7365926928873,61.863910080104304,179.9999999985144,27.228400790589134,5349.149376573323,2424.7877269226315,80.33179139452538,29.71749653676373,13.471042927459134,21.254817337013755
insulin_signal_global_inhibition,Insulin signalling inhibition,inhibition,"u:0=none,1=max",ivitt,0.5,0.5,ok,104.48198829901243,0.0,1652.1394994485904,14558.747482762972,10.109700515295662,0.12232642614549671,90.61103686563288,63.57136477910246,179.99999999866947,25.51982170550503,5353.214132026722,2382.5777819532486,80.88193046039216,29.7400785114794,13.236543233171446,16.77920664730413
insulin_signal_global_inhibition,Insulin signalling inhibition,inhibition,"u:0=none,1=max",ivitt,0.55,0.44999999999999996,ok,64.99407949765458,0.0,1546.6410133337881,14660.903233348625,9.10506373565489,0.12966544853062645,90.48014393106912,65.34654569338834,179.99999999881445,23.74347809754488,5357.669235974718,2341.3545945773526,81.44946240802882,29.764829088944474,13.00752552551541,12.430959729086236
insulin_signal_global_inhibition,Insulin signalling inhibition,inhibition,"u:0=none,1=max",ivitt,0.6,0.4,ok,30.929767389715067,0.0,1438.0056831888242,14766.404491473708,8.345126061687553,0.0838308753346946,90.34440542427808,67.19603014738409,179.9999999981569,21.892784080188747,5362.807821273123,2301.1493756586124,82.03558050902726,29.79337678515575,12.784163198234305,8.466119878969685
insulin_signal_global_inhibition,Insulin signalling inhibition,inhibition,"u:0=none,1=max",ivitt,0.65,0.35,ok,5.560890931047351,0.0,1326.2251413505967,14875.609448938245,7.734556802924405,0.07303478763334204,90.2046170158895,69.12521844023495,179.99999999905205,19.962330455348436,5369.191359933951,2261.9476870288413,82.6422747167588,29.828840888679043,12.566376039115298,5.540346837744652
insulin_signal_global_inhibition,Insulin signalling inhibition,inhibition,"u:0=none,1=max",ivitt,0.7,0.30000000000000004,ok,0.0,0.0,1211.2919325729843,14988.932986576086,6.860666531115318,0.06824470583880789,90.06201037970258,71.14091990412183,179.99999999932325,17.945297195899883,5377.224326479535,2223.66697263903,83.27184992573578,29.873468480554177,12.353705403596614,4.544912069022614
insulin_signal_global_inhibition,Insulin signalling inhibition,inhibition,"u:0=none,1=max",ivitt,0.75,0.25,ok,0.0,0.0,1093.0583311577507,15106.941668771336,6.125215094589454,0.08004234961357788,89.91846068569821,73.24878990614152,179.9999999992121,15.836012014280072,5387.649789108258,2186.160690840322,83.92745371576369,29.93138771739912,12.145337171388285,4.197307113565175
insulin_signal_global_inhibition,Insulin signalling inhibition,inhibition,"u:0=none,1=max",ivitt,0.8,0.19999999999999996,ok,0.0,0.0,969.581733884206,15230.418266074015,5.1594134821094295,0.05523352623342006,89.77683765614505,75.45317056204777,179.99999999953582,13.630108734249362,5401.195385234703,2149.1512721546987,84.6134348117405,30.006641029159066,11.939729289779116,3.636033507169279
insulin_signal_global_inhibition,Insulin signalling inhibition,inhibition,"u:0=none,1=max",ivitt,0.85,0.15000000000000002,ok,0.0,0.0,839.3725791469478,15360.627420717938,4.285073647080489,0.04445419269338355,89.64163310276692,77.75908589877153,179.99999999849874,11.322522989237157,5419.411654543115,2112.1981982758316,85.33681900470029,30.10784252549064,11.7344344349636,3.1435844369023878
insulin_signal_global_inhibition,Insulin signalling inhibition,inhibition,"u:0=none,1=max",ivitt,0.9,0.09999999999999998,ok,0.0,0.0,700.8316745814435,15499.168325362118,3.3543389610291214,0.037381366617352,89.52012431983505,80.16329812348995,0.0,8.916427502406194,5444.2508527772425,2074.5987105473814,86.1064906967562,30.245838071090052,11.52554839197005,1.8920245244798937
insulin_signal_global_inhibition,Insulin signalling inhibition,inhibition,"u:0=none,1=max",ivitt,0.95,0.050000000000000044,ok,0.0,0.0,551.3742212224196,15648.625778753312,2.458429594239606,0.03861860632764941,89.42462900198299,82.64733752161295,0.0,6.430310082254522,5478.8787937197485,2035.2222947301411,86.93680988209307,30.438215520710866,11.306790526295499,1.4244274045465444
insulin_signal_global_inhibition,Insulin signalling inhibition,inhibition,"u:0=none,1=max",ivitt,1.0,0.0,ok,0.0,0.0,387.1867732249999,15812.813226612825,1.4905448365546958,0.02707324993296456,89.3770792401425,85.15306653931727,0.0,3.9224482107847933,5528.036542192289,1992.2431691320194,87.84896237095069,30.711314123597937,11.068017606399795,0.8855582651461509
glucagon_signal_inhibition,Glucagon signalling inhibition,inhibition,"u:0=none,1=max",ivitt,0.0,1.0,ok,595.9549220036183,0.0,2546.124580582547,13693.220238012007,15.917797342867951,0.20360366238623342,91.62112444023654,48.816397424061584,179.99999999870093,40.284847089313324,5318.478213594048,2832.2461687898854,76.0734457672824,29.54710118684684,15.734700937835143,69.18036601508939
glucagon_signal_inhibition,Glucagon signalling inhibition,inhibition,"u:0=none,1=max",ivitt,0.05,0.95,ok,601.5161943034981,0.0,2558.807775934263,13681.092432208297,15.272634647958506,0.13241829391071613,91.64460570796905,48.76665657080458,179.99999999892822,40.33463850255624,5314.435745210671,2843.7778701909397,76.00606906827645,29.52464302912397,15.798765945599293,69.29543984163736
glucagon_signal_inhibition,Glucagon signalling inhibition,inhibition,"u:0=none,1=max",ivitt,0.1,0.9,ok,607.3431804368122,0.0,2571.950091761483,13668.50079909238,15.620964408145198,0.13046455125098924,91.6690049812192,48.716690396924136,179.99999999936074,40.384656256689496,5310.332392920599,2855.8834675767057,75.93611555078292,29.501846627441434,15.86601926437138,69.96240756348531
glucagon_signal_inhibition,Glucagon signalling inhibition,inhibition,"u:0=none,1=max",ivitt,0.15,0.85,ok,613.4654608461133,0.0,2585.6416608802456,13655.423875598859,15.375896386883417,0.19846020658016236,91.694366941249,48.6651490495865,179.99999999912782,40.43625023999226,5306.177259001599,2868.5918282497,75.86346597591681,29.47876255015172,15.936621268131109,70.79051078071858
glucagon_signal_inhibition,Glucagon signalling inhibition,inhibition,"u:0=none,1=max",ivitt,0.2,0.8,ok,619.9138067904942,0.0,2599.939424835054,13641.768319339299,15.397381040967405,0.13126587477849982,91.7207519953652,48.61219220616333,179.9999999996755,40.489260823999146,5301.677313006492,2881.973346536787,75.78760177424384,29.453762850089163,16.010963036344346,71.1772401909942
glucagon_signal_inhibition,Glucagon signalling inhibition,inhibition,"u:0=none,1=max",ivitt,0.25,0.75,ok,626.7009941244322,0.0,2614.705550987948,13627.597085100584,15.82054179754971,0.20201474684966664,91.74822523007467,48.55744266333514,179.9999999969456,40.54406522610505,5297.168444503128,2896.0679819915786,75.70887269628794,29.428713581072305,16.0892665668929,72.25022542070408
glucagon_signal_inhibition,Glucagon signalling inhibition,inhibition,"u:0=none,1=max",ivitt,0.3,0.7,ok,633.8633244393674,0.0,2630.327782348301,13612.702557538181,15.351927445170086,0.13044984647760768,91.77684628629828,48.50089178052692,179.99999999793695,40.600672139932705,5292.281949875958,2910.9809046574064,75.62612532052334,29.40156638853675,16.172116137170946,72.56870612296055
glucagon_signal_inhibition,Glucagon signalling inhibition,inhibition,"u:0=none,1=max",ivitt,0.35,0.65,ok,641.4359021265727,0.0,2646.5336723746077,13597.171666689119,16.079297721752567,0.19470192965129893,91.80669578354117,48.44343029607601,179.99999999918066,40.65819086933211,5287.366493476269,2926.785882201895,75.53984259306118,29.37425829722409,16.25992156786232,73.7705673722055
glucagon_signal_inhibition,Glucagon signalling inhibition,inhibition,"u:0=none,1=max",ivitt,0.4,0.6,ok,649.4898081495528,0.0,2663.5465766900393,13580.85838828788,14.597943463777513,0.14057073156951336,91.83785226064295,48.38268015512109,179.99999999772945,40.718999547801346,5282.028846684896,2943.575856726777,75.44921326921772,29.344604704175136,16.353199204243932,73.99517600354626
glucagon_signal_inhibition,Glucagon signalling inhibition,inhibition,"u:0=none,1=max",ivitt,0.45,0.55,ok,658.0870909908328,0.0,2681.487641521287,13563.654262005477,15.689554198760137,0.11988962812874658,91.8703906654354,48.31873885433319,179.99999999774823,40.78300065988957,5276.508118662897,2961.4993723676585,75.35363478986197,29.31393399293836,16.452774291137256,75.05148357642011
glucagon_signal_inhibition,Glucagon signalling inhibition,inhibition,"u:0=none,1=max",ivitt,0.5,0.5,ok,667.2633534238805,0.0,2700.411043999462,13545.477191858366,15.309568685725633,0.11826801575403703,91.90441182959603,48.253134750307474,179.9999999994713,40.848665927199015,5270.698615378618,2980.6868176145645,75.25265106610085,29.281658974411663,16.55937120901844,75.87419469132914
glucagon_signal_inhibition,Glucagon signalling inhibition,inhibition,"u:0=none,1=max",ivitt,0.55,0.44999999999999996,ok,677.0971863182738,0.0,2720.4778602183624,13526.253274380999,15.581182988744192,0.12538613887654904,91.94002454486893,48.18472119146955,179.9999999984732,40.91714205104999,5264.56090116751,3001.2993631186596,75.14585152497628,29.247560562289802,16.67388535080065,76.96080312766269
glucagon_signal_inhibition,Glucagon signalling inhibition,inhibition,"u:0=none,1=max",ivitt,0.6,0.4,ok,687.7200097546287,0.0,2741.730987166506,13505.792622322266,15.768954026633551,0.1342084970025918,91.97734294974337,48.11320611344357,179.99999999818095,40.988721148777074,5258.044299888257,3023.5470904415783,75.03218123588196,29.211357221896634,16.7974838359563,78.11247737166183
glucagon_signal_inhibition,Glucagon signalling inhibition,inhibition,"u:0=none,1=max",ivitt,0.65,0.35,ok,699.1902053214394,0.0,2764.4667637445737,13483.944999442225,15.868455283090672,0.2004841245626439,92.01648830993918,48.04006479013927,179.9999999993124,41.06192800024516,5251.175330301493,3047.6930829355047,74.91080555274297,29.17319627956418,16.931628238595263,79.55679779723805
glucagon_signal_inhibition,Glucagon signalling inhibition,inhibition,"u:0=none,1=max",ivitt,0.7,0.30000000000000004,ok,711.6839521376846,0.0,2788.8099518364525,13460.460014491226,15.481407491828827,0.11763899347131752,92.05760681130764,47.95941769996239,179.9999999988511,41.1426421826057,5243.646453731122,3074.025544254224,74.78033341431744,29.13136918758106,17.077919690410248,80.38610392213701
glucagon_signal_inhibition,Glucagon signalling inhibition,inhibition,"u:0=none,1=max",ivitt,0.75,0.25,ok,725.3688755422372,0.0,2815.1723269508975,13435.125182690885,15.769410110844419,0.12543377055870583,92.10086161663813,47.8762968114606,179.99999999934258,41.22583179161003,5235.622276193606,3102.9438447431794,74.6395843485553,29.086790423404047,17.238576915302847,81.86609821711012
glucagon_signal_inhibition,Glucagon signalling inhibition,inhibition,"u:0=none,1=max",ivitt,0.8,0.19999999999999996,ok,740.4893543297294,0.0,2843.6354462122213,13407.576466388942,15.937008075558934,0.13046020999493144,92.14641613225112,47.788144446634035,179.99999999802404,41.3140545622545,5226.920832711336,3134.955221166741,74.4865359252007,29.038449070937304,17.416417895561974,83.44897755987249
glucagon_signal_inhibition,Glucagon signalling inhibition,inhibition,"u:0=none,1=max",ivitt,0.85,0.15000000000000002,ok,757.3029185317056,0.0,2874.823895713809,13377.38631503807,15.913050669531017,0.13803635449462526,92.19447435393921,47.694358588719645,179.99999999888053,41.40791257411339,5217.38911810036,3170.692369555396,74.31881286178482,28.985495100737825,17.614957608750643,85.16403976908774
glucagon_signal_inhibition,Glucagon signalling inhibition,inhibition,"u:0=none,1=max",ivitt,0.9,0.09999999999999998,ok,776.1532023215858,0.0,2909.1289996275405,13344.01831396233,15.97726230649509,0.13961680274205412,92.24524438397435,47.59411215631863,179.99999999997382,41.508232978960535,5206.866130708297,3210.9887097298415,74.13343507757928,28.927034059494744,17.83882616516838,87.08148070904775
glucagon_signal_inhibition,Glucagon signalling inhibition,inhibition,"u:0=none,1=max",ivitt,0.95,0.050000000000000044,ok,797.552679351396,0.0,2947.5158698037567,13306.717943990185,15.876511350206941,0.13380251838699056,92.2989551476397,47.48624752315875,179.9999999990491,41.616173471373855,5195.117510829026,3256.977982730652,73.92621080033601,28.86176394920262,18.094322126376987,89.18378474704953
glucagon_signal_inhibition,Glucagon signalling inhibition,inhibition,"u:0=none,1=max",ivitt,1.0,0.0,ok,822.2263481356885,0.0,2990.632729540588,13264.506445556372,15.803036566051432,0.18969434372349644,92.35583914517652,47.37063834787572,179.99999999829498,41.73186046578062,5181.903537081425,3310.233139443448,73.6917024760112,28.78835298405839,18.390184108193353,91.86792800571376
insulin_secretion_inhibition,Beta-cell secretion impairment,inhibition,"u:0=none,1=max",ivitt,0.0,1.0,ok,595.9549220036183,0.0,2546.124580582547,13693.220238012007,15.917797342867951,0.20360366238623342,91.62112444023654,48.816397424061584,179.99999999870093,40.284847089313324,5318.478213594048,2832.2461687898854,76.0734457672824,29.54710118684684,15.734700937835143,69.18036601508939
insulin_secretion_inhibition,Beta-cell secretion impairment,inhibition,"u:0=none,1=max",ivitt,0.05,0.95,ok,575.6673098524909,0.0,2473.633949060225,13804.67450365371,15.52614287717884,0.12913061853287938,92.3324730421395,49.071661048832595,179.9999999999684,40.32972394622743,5294.822670832627,2802.2643006666485,76.69263613142297,29.41568150463087,15.568135003706336,66.76021939484004
insulin_secretion_inhibition,Beta-cell secretion impairment,inhibition,"u:0=none,1=max",ivitt,0.1,0.9,ok,554.9488460910015,0.0,2408.386660773778,13923.701447407086,15.967098614560726,0.18073565567607933,93.08468073512424,49.34787644870423,179.99999999970737,40.378792743981606,5270.147587393506,2771.649739267328,77.35389693016512,29.2785977077893,15.398054107065745,65.00986922150922
insulin_secretion_inhibition,Beta-cell secretion impairment,inhibition,"u:0=none,1=max",ivitt,0.15,0.85,ok,533.7357799868016,0.0,2351.084321237338,14051.146668476424,14.250062374830124,0.13755853291356557,93.88263459520803,49.64705949601815,179.99999999761877,40.43331330028014,5244.129970495197,2740.4055232667506,78.06192593701282,29.1340553920254,15.224475129461132,62.29197425101655
insulin_secretion_inhibition,Beta-cell secretion impairment,inhibition,"u:0=none,1=max",ivitt,0.2,0.8,ok,511.9539289439108,0.0,2303.7376309445235,14188.187852049456,15.593336227770301,0.1235735256064004,94.73221573917125,49.97246193524206,179.999999999024,40.4937893215993,5216.503356035624,2708.5135096998474,78.8232658451466,28.98057420035505,15.047297276191854,60.39963866830032
insulin_secretion_inhibition,Beta-cell secretion impairment,inhibition,"u:0=none,1=max",ivitt,0.25,0.75,ok,489.5396043634673,0.0,2266.6164350883,14336.170029666262,16.15380652648277,0.19350489457245154,95.640538962205,50.32827529411434,179.99999999966747,40.560415606331794,5187.319036029523,2676.0430666093184,79.64538905384859,28.818439089106146,14.86690592563479,58.584631873672144
insulin_secretion_inhibition,Beta-cell secretion impairment,inhibition,"u:0=none,1=max",ivitt,0.3,0.7,ok,466.4410981358958,0.0,2240.6080442901266,14496.623612336458,16.37212758791554,0.20336289805576782,96.61632136413947,50.719968513938966,179.99999999895067,40.632858976529064,5156.019026286858,2643.0319481227907,80.53679784678316,28.644550146205088,14.683510822989993,56.3759532597914
insulin_secretion_inhibition,Beta-cell secretion impairment,inhibition,"u:0=none,1=max",ivitt,0.35,0.65,ok,442.5538385242881,0.0,2227.7805608913695,14671.627592981042,16.121044527126,0.21555255953834912,97.67045870897296,51.14876896329623,179.99999999964658,40.71590040480712,5122.380358061628,2609.554704522655,81.50904218338805,28.457668655953807,14.497526136265437,53.98142972669543
insulin_secretion_inhibition,Beta-cell secretion impairment,inhibition,"u:0=none,1=max",ivitt,0.4,0.6,ok,417.7684007037591,0.0,2229.776691657219,14863.498447727094,16.46450791071069,0.13771248781460968,98.81674067206082,51.626571337859104,179.99999999827995,40.80465237377848,5085.819712758439,2575.7645739987825,82.57499137705071,28.2545539600391,14.309803189018867,51.286171052490886
insulin_secretion_inhibition,Beta-cell secretion impairment,inhibition,"u:0=none,1=max",ivitt,0.45,0.55,ok,392.0187782898999,0.0,2249.673208981977,15075.3307588323,17.168073622977623,0.14935961735099101,100.07293678294198,52.15957133517996,179.99999999980682,40.90103314907233,5045.966388063205,2541.8744357195997,83.75183754915822,28.033146600381226,14.12152464290182,48.94322453477807
insulin_secretion_inhibition,Beta-cell secretion impairment,inhibition,"u:0=none,1=max",ivitt,0.5,0.5,ok,365.21857293812496,0.0,2290.5604319884696,15310.924082440652,17.51464035237322,0.1404581215699798,101.46621721801873,52.75802431487137,179.99999999790953,41.00404893410698,5002.037914417681,2508.19238038886,85.06068934788038,27.78909952486541,13.934402113433274,46.32443096567014
insulin_secretion_inhibition,Beta-cell secretion impairment,inhibition,"u:0=none,1=max",ivitt,0.55,0.44999999999999996,ok,337.26081436113316,0.0,2357.3064736534043,15575.098225515741,18.28090222550998,0.19398573075081155,103.05732561070505,53.43393509803225,179.99999999850556,41.11199875819116,4953.2013198354525,2475.231987972622,86.52832347580585,27.517785110425425,13.751288822184291,43.945006348605276
insulin_secretion_inhibition,Beta-cell secretion impairment,inhibition,"u:0=none,1=max",ivitt,0.6,0.4,ok,308.11534456125275,0.0,2456.2205081347674,15874.13546458656,18.567993821300117,0.1408488653135309,104.90273044677937,54.20123043168474,179.99999999942244,41.22190432195867,4897.696165140334,2443.7394990838693,88.1896414702083,27.20942313975583,13.576330550509502,40.900543356894225
insulin_secretion_inhibition,Beta-cell secretion impairment,inhibition,"u:0=none,1=max",ivitt,0.65,0.35,ok,277.7701364704574,0.0,2595.6143159030325,16216.290246267921,18.568730809288827,0.15682835899329084,107.07634657398623,55.07595036149929,179.99999999866458,41.32838284388388,4833.547924390299,2414.970479537574,90.0905013688235,26.853044024589774,13.416502664197171,37.940625145892405
insulin_secretion_inhibition,Beta-cell secretion impairment,inhibition,"u:0=none,1=max",ivitt,0.7,0.30000000000000004,ok,246.25200592142107,0.0,2787.276010649787,16612.714894520603,19.454481260487132,0.20559055790319852,109.6841677739527,56.07674851304233,179.99999999910347,41.42132510335833,4757.327588794432,2390.923123740637,92.29286052557414,26.42959771565626,13.282906243069698,35.21442425313553
insulin_secretion_inhibition,Beta-cell secretion impairment,inhibition,"u:0=none,1=max",ivitt,0.75,0.25,ok,213.70449999251395,0.0,3048.419649540764,17078.707777417436,19.8736280584098,0.16289745430523814,112.88372769886463,57.212135082744624,179.99999999955946,41.4956042161442,4663.3908850814005,2374.745609443721,94.88170987477352,25.90772713940452,13.193031163608518,31.900917198197174
insulin_secretion_inhibition,Beta-cell secretion impairment,inhibition,"u:0=none,1=max",ivitt,0.8,0.19999999999999996,ok,180.44204263890327,0.0,3403.874670628162,17635.75925570014,19.38099324303083,0.2548953147590462,116.92012003035076,58.49530696431778,179.99999999981873,41.531945801173364,4543.476945359226,2371.5400001638063,97.97644030954389,25.241538585354455,13.175222223145525,28.822896394358295
insulin_secretion_inhibition,Beta-cell secretion impairment,inhibition,"u:0=none,1=max",ivitt,0.85,0.15000000000000002,ok,146.98308505104436,0.0,3890.469835356873,18315.67675713095,19.487138001207512,0.2324326229649012,122.20478442613644,59.92131107812701,179.9999999993906,41.5154098934841,4382.851933539325,2389.169162773533,101.7537597621831,24.34917740863424,13.273162015453453,25.411722969920717
insulin_secretion_inhibition,Beta-cell secretion impairment,inhibition,"u:0=none,1=max",ivitt,0.9,0.09999999999999998,ok,114.17262367471862,0.0,4563.528934072124,19168.772553249786,22.015761987238232,0.2246990255023108,129.5408883214014,61.470397515973474,179.99999999975785,41.4304658865819,4156.88740749616,2439.529614698879,106.49318085153097,23.09381893056529,13.552942303900894,22.722985682839305
insulin_secretion_inhibition,Beta-cell secretion impairment,inhibition,"u:0=none,1=max",ivitt,0.95,0.050000000000000044,ok,82.97497200705408,28.297919671752084,5523.523494110576,20293.752041232783,24.87486238233349,0.24614309069491797,141.14648594752742,63.11307737425929,179.99999999985653,41.26051786236282,3819.3491795037253,2539.851994183631,112.74306689582755,21.218606552815388,14.110288856586976,20.45691367750531
insulin_secretion_inhibition,Beta-cell secretion impairment,inhibition,"u:0=none,1=max",ivitt,1.0,0.0,ok,54.616598674941415,1001.5435598728158,6918.030009115835,21838.6819946952,25.531278508156937,0.26922294886916653,164.91235130287808,64.80588335490256,179.99999999998798,40.99409169283845,3252.1042572688093,2715.385600547025,121.32601108164809,18.067245873716814,15.085475558595592,20.282953824557445
glucagon_secretion_inhibition,Glucagon secretion suppression,inhibition,"u:0=none,1=max",ivitt,0.0,1.0,ok,595.9549220036183,0.0,2546.124580582547,13693.220238012007,15.917797342867951,0.20360366238623342,91.62112444023654,48.816397424061584,179.99999999870093,40.284847089313324,5318.478213594048,2832.2461687898854,76.0734457672824,29.54710118684684,15.734700937835143,69.18036601508939
glucagon_secretion_inhibition,Glucagon secretion suppression,inhibition,"u:0=none,1=max",ivitt,0.05,0.95,ok,610.2489014490228,0.0,2580.27911619468,13652.143473178823,16.112700495287342,0.1765467708078855,91.4714415328104,48.55395841797982,179.99999999756153,40.179391324713585,5291.829967033868,2723.273710797722,75.8452415186876,29.39905537280865,15.129298393525634,70.53959066015813
glucagon_secretion_inhibition,Glucagon secretion suppression,inhibition,"u:0=none,1=max",ivitt,0.1,0.9,ok,626.0522005475284,0.0,2618.1623081904236,13607.617397191758,15.674816617161422,0.19256595430971504,91.31124957165552,48.269356633536,179.99999999949785,40.06923439580412,5263.578139708554,2613.832287088638,75.597874429054,29.24210077624021,14.521290483866279,72.06338117699786
glucagon_secretion_inhibition,Glucagon secretion suppression,inhibition,"u:0=none,1=max",ivitt,0.15,0.85,ok,643.4730044632793,0.0,2659.9979565090725,13559.449876852657,15.245223038164113,0.12040680815883645,91.138178019177,47.959310102178755,179.99999999830646,39.96577772772343,5233.578465105382,2503.662294712499,75.33027709433462,29.075435917525677,13.90923497075586,73.39894747639626
glucagon_secretion_inhibition,Glucagon secretion suppression,inhibition,"u:0=none,1=max",ivitt,0.2,0.8,ok,662.7557973168457,0.0,2706.3148916141467,13507.184302889835,15.498015566481863,0.11619102472046473,90.9504465208107,47.623008369293224,179.9999999982549,39.86833894669356,5201.882489141116,2392.679516983613,75.03991279455992,28.899347162175268,13.292663983371167,75.36368050150524
glucagon_secretion_inhibition,Glucagon secretion suppression,inhibition,"u:0=none,1=max",ivitt,0.25,0.75,ok,684.18912263061,0.0,2758.2037341920786,13450.181929103974,15.401843731763506,0.12332826148230759,90.74589136275458,47.255254626003115,179.99999999984928,39.78047501875681,5168.230507821601,2280.7715587330767,74.72323293952908,28.71239171014405,12.670953104083258,77.50259071919427
glucagon_secretion_inhibition,Glucagon secretion suppression,inhibition,"u:0=none,1=max",ivitt,0.3,0.7,ok,708.1711977805044,0.0,2816.2840141778493,13387.796181288779,15.355825725737096,0.11872604939082851,90.52188209682357,46.85110754324088,179.99999999856624,39.70532390895956,5132.439891291361,2167.772985881128,74.37664545219677,28.513554951845794,12.043183254991083,79.86322285971119
glucagon_secretion_inhibition,Glucagon secretion suppression,inhibition,"u:0=none,1=max",ivitt,0.35,0.65,ok,735.1562976967307,0.0,2881.947820267923,13319.20679363415,16.00577538353837,0.17582642235469995,90.27517328814756,46.407383996330154,179.99999999920655,39.6440790154287,5094.369020525724,2053.4944735265576,73.99559329829367,28.302050114156557,11.408302630753386,82.94634494087276
glucagon_secretion_inhibition,Glucagon secretion suppression,inhibition,"u:0=none,1=max",ivitt,0.4,0.6,ok,765.6890017161764,0.0,2956.5618162501346,13243.440017772875,15.248626393904024,0.12755204751776716,90.0017586548654,45.91265132835966,179.99999999985945,39.6059717120699,5053.438853183234,1937.65109618829,73.57466676546231,28.074660295484332,10.764728312165571,85.61326077647495
glucagon_secretion_inhibition,Glucagon secretion suppression,inhibition,"u:0=none,1=max",ivitt,0.45,0.55,ok,800.4227595439361,0.0,3040.62470052177,13159.375299382904,15.959302832822996,0.17826908056310894,89.6966048830318,45.36620608921109,179.9999999989408,39.58927485748133,5009.616800630411,1819.960917977678,73.10764055255744,27.831204448110494,10.110893988824374,89.4653380114754
glucagon_secretion_inhibition,Glucagon secretion suppression,inhibition,"u:0=none,1=max",ivitt,0.5,0.5,ok,840.3613033734212,0.0,3134.6220542973465,13065.377945698965,15.186435464304399,0.1210043284577389,89.3533073010577,44.75347551453987,179.999999999959,39.60586965599491,4962.0795534043555,1700.0270437064862,72.58543303167745,27.56710863003048,9.444594687260409,93.03840099331777
glucagon_secretion_inhibition,Glucagon secretion suppression,inhibition,"u:0=none,1=max",ivitt,0.55,0.44999999999999996,ok,886.6956497357476,0.0,3240.4874486334593,12959.512551293667,15.1247528125986,0.11210249426979074,88.96357283625213,44.06650840405871,179.9999999991903,39.66070351029063,4910.5627106674965,1577.3993280350362,71.99729195195535,27.280903948275476,8.763329600234066,97.62610622980264
glucagon_secretion_inhibition,Glucagon secretion suppression,inhibition,"u:0=none,1=max",ivitt,0.6,0.4,ok,941.1190228228098,0.0,3360.8849431312215,12839.115056831357,15.082188625593352,0.11059259209200077,88.51641581018553,43.289747861932995,179.9999999995842,39.76600453347409,4854.207716425542,1451.4566244961225,71.3284169825612,26.967820646870862,8.063647913885974,103.06209631357552
glucagon_secretion_inhibition,Glucagon secretion suppression,inhibition,"u:0=none,1=max",ivitt,0.65,0.35,ok,1006.0764235199618,0.0,3499.5499885984273,12700.45001136175,15.070400935615202,0.10567751758471625,87.99690649793547,42.404302797830375,179.99999999955756,39.93692564707454,4792.04738348501,1321.4244566200111,70.55805561884982,26.622485463871048,7.341246981240329,109.55211026534917
glucagon_secretion_inhibition,Glucagon secretion suppression,inhibition,"u:0=none,1=max",ivitt,0.7,0.30000000000000004,ok,1085.3052735232052,0.0,3661.8757332891046,12538.12426670571,15.295044197315272,0.12114442622778955,87.38400467875823,41.38504726523871,179.99999999994242,40.19440135506605,4722.670199909873,1186.2479165714235,69.65624592616511,26.237056666174354,6.590266203176683,117.61854241441107
glucagon_secretion_inhibition,Glucagon secretion suppression,inhibition,"u:0=none,1=max",ivitt,0.75,0.25,ok,1184.9033018884943,0.0,3856.280090817883,12343.71990914436,15.424911170659003,0.11294887038899264,86.64662205778713,40.19717898443038,179.99999999958047,40.568497573596346,4644.052160149455,1044.4784638023102,68.5762217176285,25.800289778668215,5.802658132248581,127.61518764372423
glucagon_secretion_inhibition,Glucagon secretion suppression,inhibition,"u:0=none,1=max",ivitt,0.8,0.19999999999999996,ok,1315.3705546217363,0.0,4096.869565804075,12103.130434054017,15.393013916153837,0.11869825861026134,85.73554072327642,38.78949867330377,179.99999999842325,41.1050304713965,4553.001398615604,893.9492405952593,67.23961352311132,25.294452214752702,4.966384670017167,140.73030699174384
glucagon_secretion_inhibition,Glucagon secretion suppression,inhibition,"u:0=none,1=max",ivitt,0.85,0.15000000000000002,ok,1498.1219748426515,0.0,4410.349085078266,11789.650914851316,15.797298367971033,0.10877944334183628,84.56444890718534,37.07985283102864,179.99999999921758,41.87999578270664,4444.024262321826,731.2013666782773,65.49806063834757,24.68902367967302,4.062229814896976,159.14401494399513
glucagon_secretion_inhibition,Glucagon secretion suppression,inhibition,"u:0=none,1=max",ivitt,0.9,0.09999999999999998,ok,1783.53260740002,0.0,4856.513218830446,11343.486781090916,16.10587175832885,0.1262753704773953,82.95370592970896,34.918453606860574,179.9999999991263,43.0360745669139,4306.191835358941,549.728325532946,63.01937100636654,23.92328797433246,3.054046252975635,187.94741648740262
glucagon_secretion_inhibition,Glucagon secretion suppression,inhibition,"u:0=none,1=max",ivitt,0.95,0.050000000000000044,ok,2331.4901411862375,0.0,5613.3992164706115,10586.600783475242,16.176805837465658,0.11227498386826078,80.3843424005841,31.947638191564874,179.99999999939834,44.92265895160584,4111.832173836714,333.57260933962806,58.814448797281266,22.84351207694699,1.853181163004128,242.8930274547085
glucagon_secretion_inhibition,Glucagon secretion suppression,inhibition,"u:0=none,1=max",ivitt,1.0,0.0,ok,4006.942010346783,0.0,7565.1691095810975,8634.830890346255,16.379833942005643,0.11789427640427906,75.6974435382929,26.519524019287953,0.0,49.177919519004945,3755.1181912136244,12.766399338995706,47.97128272436099,20.861767729058133,0.07092444077251643,410.1860473250126
